/*
SQLyog Ultimate v12.08 (64 bit)
MySQL - 8.0.11 : Database - eshop
*********************************************************************
*/

/*!40101 SET NAMES utf8 */;

/*!40101 SET SQL_MODE=''*/;

/*!40014 SET @OLD_UNIQUE_CHECKS=@@UNIQUE_CHECKS, UNIQUE_CHECKS=0 */;
/*!40101 SET @OLD_SQL_MODE=@@SQL_MODE, SQL_MODE='NO_AUTO_VALUE_ON_ZERO' */;
/*!40111 SET @OLD_SQL_NOTES=@@SQL_NOTES, SQL_NOTES=0 */;
CREATE DATABASE /*!32312 IF NOT EXISTS*/`eshop` /*!40100 DEFAULT CHARACTER SET latin1 */;

USE `eshop`;

/*Table structure for table `eshop_about` */

CREATE TABLE `eshop_about` (
  `id` varchar(200) CHARACTER SET utf8 COLLATE utf8_general_ci NOT NULL COMMENT 'ID',
  `is_del` int(1) DEFAULT NULL COMMENT '是否已经删除:1-已删,2.未删',
  `create_time` date DEFAULT NULL COMMENT '创建时间',
  `update_time` date DEFAULT NULL COMMENT '更新时间',
  `about_title` varchar(200) CHARACTER SET utf8 COLLATE utf8_general_ci DEFAULT NULL COMMENT '标题',
  `about_content` text CHARACTER SET utf8 COLLATE utf8_general_ci COMMENT '内容',
  `about_index` int(11) DEFAULT NULL COMMENT '排序',
  PRIMARY KEY (`id`)
) ENGINE=InnoDB DEFAULT CHARSET=utf8;

/*Data for the table `eshop_about` */

LOCK TABLES `eshop_about` WRITE;

insert  into `eshop_about`(`id`,`is_del`,`create_time`,`update_time`,`about_title`,`about_content`,`about_index`) values ('1',2,'2018-05-23','2018-05-23','企业简介','<h2 class=\"page-heading\">\n                    <span class=\"page-heading-title2\">关于我们</span>\n                </h2>\n                <div class=\"content-text clearfix\">\n                    <p>明博科技注册于武汉东湖高新技术开发区，团队成员分布于武汉、北京、上海及南京。公司专注于互联网教育平台的开发运营及移动互联网应用的设计开发。</p>\n                    <p>公司团队以敏捷活跃的90后新人类为主力军，以经验丰富的70后为支撑，实现公司多层次、梯队化人才结构的融合成长。</p>\n                    <p>明博科技的企业客户将覆盖信息技术相关领域的企业及培训机构，同时我们还为其他行业的客户提供信息技术的相关服务及支持。</p>\n                    <p>明博科技的主要业务包括移动应用的设计及开发、基于beacon的软硬件的设计及开发、在线教育平台的设计、开发及运营。目前公司已经开发了轻实训平台、知名汽车企业的CRM系统。 </p>\n                    <p>高效为企业培养合适、合格、优质人才，建立企业后备人才梯队，降低企业人力资源总成本</p>\n                    <p>联合机构提供O2O培训服务，提高学习的知识留存率，降低学员学习总成本，为学员提供终生学习服务</p>\n                </div>',1),('2',2,'2018-05-23','2018-05-23','企业文化','<h2 class=\"page-heading\">\n                    <span class=\"page-heading-title2\">企业文化</span>\n                </h2>\n                <div class=\"content-text clearfix\">\n                    <p>明博科技注册于武汉东湖高新技术开发区，团队成员分布于武汉、北京、上海及南京。公司专注于互联网教育平台的开发运营及移动互联网应用的设计开发。</p>\n                    <p>公司团队以敏捷活跃的90后新人类为主力军，以经验丰富的70后为支撑，实现公司多层次、梯队化人才结构的融合成长。</p>\n                    <p>明博科技的企业客户将覆盖信息技术相关领域的企业及培训机构，同时我们还为其他行业的客户提供信息技术的相关服务及支持。</p>\n                    <p>明博科技的主要业务包括移动应用的设计及开发、基于beacon的软硬件的设计及开发、在线教育平台的设计、开发及运营。目前公司已经开发了轻实训平台、知名汽车企业的CRM系统。 </p>\n                    <p>高效为企业培养合适、合格、优质人才，建立企业后备人才梯队，降低企业人力资源总成本</p>\n                    <p>联合机构提供O2O培训服务，提高学习的知识留存率，降低学员学习总成本，为学员提供终生学习服务</p>\n                </div>',2),('3',2,'2018-05-23','2018-05-23','大事记','<h2 class=\"page-heading\">\n                    <span class=\"page-heading-title2\">大事件</span>\n                </h2>\n                <div class=\"content-text clearfix\">\n                    <p>明博科技注册于武汉东湖高新技术开发区，团队成员分布于武汉、北京、上海及南京。公司专注于互联网教育平台的开发运营及移动互联网应用的设计开发。</p>\n                    <p>公司团队以敏捷活跃的90后新人类为主力军，以经验丰富的70后为支撑，实现公司多层次、梯队化人才结构的融合成长。</p>\n                    <p>明博科技的企业客户将覆盖信息技术相关领域的企业及培训机构，同时我们还为其他行业的客户提供信息技术的相关服务及支持。</p>\n                    <p>明博科技的主要业务包括移动应用的设计及开发、基于beacon的软硬件的设计及开发、在线教育平台的设计、开发及运营。目前公司已经开发了轻实训平台、知名汽车企业的CRM系统。 </p>\n                    <p>高效为企业培养合适、合格、优质人才，建立企业后备人才梯队，降低企业人力资源总成本</p>\n                    <p>联合机构提供O2O培训服务，提高学习的知识留存率，降低学员学习总成本，为学员提供终生学习服务</p>\n                </div>',3),('4',2,'2018-05-23','2018-05-23','企业荣誉','<h2 class=\"page-heading\">\n                    <span class=\"page-heading-title2\">企业荣誉</span>\n                </h2>\n                <div class=\"content-text clearfix\">\n                    <p>明博科技注册于武汉东湖高新技术开发区，团队成员分布于武汉、北京、上海及南京。公司专注于互联网教育平台的开发运营及移动互联网应用的设计开发。</p>\n                    <p>公司团队以敏捷活跃的90后新人类为主力军，以经验丰富的70后为支撑，实现公司多层次、梯队化人才结构的融合成长。</p>\n                    <p>明博科技的企业客户将覆盖信息技术相关领域的企业及培训机构，同时我们还为其他行业的客户提供信息技术的相关服务及支持。</p>\n                    <p>明博科技的主要业务包括移动应用的设计及开发、基于beacon的软硬件的设计及开发、在线教育平台的设计、开发及运营。目前公司已经开发了轻实训平台、知名汽车企业的CRM系统。 </p>\n                    <p>高效为企业培养合适、合格、优质人才，建立企业后备人才梯队，降低企业人力资源总成本</p>\n                    <p>联合机构提供O2O培训服务，提高学习的知识留存率，降低学员学习总成本，为学员提供终生学习服务</p>\n                </div>',4),('5',2,'2018-05-23','2018-05-23','广告服务','<h2 class=\"page-heading\">\n                    <span class=\"page-heading-title2\">广告服务</span>\n                </h2>\n                <div class=\"content-text clearfix\">\n                    <p>明博科技注册于武汉东湖高新技术开发区，团队成员分布于武汉、北京、上海及南京。公司专注于互联网教育平台的开发运营及移动互联网应用的设计开发。</p>\n                    <p>公司团队以敏捷活跃的90后新人类为主力军，以经验丰富的70后为支撑，实现公司多层次、梯队化人才结构的融合成长。</p>\n                    <p>明博科技的企业客户将覆盖信息技术相关领域的企业及培训机构，同时我们还为其他行业的客户提供信息技术的相关服务及支持。</p>\n                    <p>明博科技的主要业务包括移动应用的设计及开发、基于beacon的软硬件的设计及开发、在线教育平台的设计、开发及运营。目前公司已经开发了轻实训平台、知名汽车企业的CRM系统。 </p>\n                    <p>高效为企业培养合适、合格、优质人才，建立企业后备人才梯队，降低企业人力资源总成本</p>\n                    <p>联合机构提供O2O培训服务，提高学习的知识留存率，降低学员学习总成本，为学员提供终生学习服务</p>\n                </div>',5),('6',2,'2018-05-23','2018-05-23','人才招聘','<h2 class=\"page-heading\">\n                    <span class=\"page-heading-title2\">人才招聘</span>\n                </h2>\n                <div class=\"content-text clearfix\">\n                    <p>明博科技注册于武汉东湖高新技术开发区，团队成员分布于武汉、北京、上海及南京。公司专注于互联网教育平台的开发运营及移动互联网应用的设计开发。</p>\n                    <p>公司团队以敏捷活跃的90后新人类为主力军，以经验丰富的70后为支撑，实现公司多层次、梯队化人才结构的融合成长。</p>\n                    <p>明博科技的企业客户将覆盖信息技术相关领域的企业及培训机构，同时我们还为其他行业的客户提供信息技术的相关服务及支持。</p>\n                    <p>明博科技的主要业务包括移动应用的设计及开发、基于beacon的软硬件的设计及开发、在线教育平台的设计、开发及运营。目前公司已经开发了轻实训平台、知名汽车企业的CRM系统。 </p>\n                    <p>高效为企业培养合适、合格、优质人才，建立企业后备人才梯队，降低企业人力资源总成本</p>\n                    <p>联合机构提供O2O培训服务，提高学习的知识留存率，降低学员学习总成本，为学员提供终生学习服务</p>\n                </div>',6),('7',2,'2018-05-23','2018-05-23','企业创始人','<h2 class=\"page-heading\">\n                    <span class=\"page-heading-title2\">企业创始人</span>\n                </h2>\n                <div class=\"content-text clearfix\">\n                    <p>明博科技注册于武汉东湖高新技术开发区，团队成员分布于武汉、北京、上海及南京。公司专注于互联网教育平台的开发运营及移动互联网应用的设计开发。</p>\n                    <p>公司团队以敏捷活跃的90后新人类为主力军，以经验丰富的70后为支撑，实现公司多层次、梯队化人才结构的融合成长。</p>\n                    <p>明博科技的企业客户将覆盖信息技术相关领域的企业及培训机构，同时我们还为其他行业的客户提供信息技术的相关服务及支持。</p>\n                    <p>明博科技的主要业务包括移动应用的设计及开发、基于beacon的软硬件的设计及开发、在线教育平台的设计、开发及运营。目前公司已经开发了轻实训平台、知名汽车企业的CRM系统。 </p>\n                    <p>高效为企业培养合适、合格、优质人才，建立企业后备人才梯队，降低企业人力资源总成本</p>\n                    <p>联合机构提供O2O培训服务，提高学习的知识留存率，降低学员学习总成本，为学员提供终生学习服务</p>\n                </div>',7);

UNLOCK TABLES;

/*Table structure for table `eshop_activity` */

CREATE TABLE `eshop_activity` (
  `id` varchar(200) NOT NULL DEFAULT '' COMMENT 'ID',
  `is_del` int(1) DEFAULT NULL COMMENT '是否已经删除:1-已删,2.未删',
  `create_time` date DEFAULT NULL COMMENT '创建时间',
  `update_time` date DEFAULT NULL COMMENT '更新时间',
  `activity_name` varchar(200) DEFAULT NULL COMMENT '热门活动名称',
  `activity_content` varchar(200) DEFAULT NULL COMMENT '热门内容',
  `activity_start_time` date DEFAULT NULL COMMENT '活动开始时间',
  `activity_end_time` date DEFAULT NULL COMMENT '活动结束时间',
  `activity_index` int(11) DEFAULT NULL COMMENT '热门活动前台排序顺序',
  PRIMARY KEY (`id`)
) ENGINE=InnoDB DEFAULT CHARSET=utf8 COMMENT='热门活动表';

/*Data for the table `eshop_activity` */

LOCK TABLES `eshop_activity` WRITE;

insert  into `eshop_activity`(`id`,`is_del`,`create_time`,`update_time`,`activity_name`,`activity_content`,`activity_start_time`,`activity_end_time`,`activity_index`) values ('1',2,'2018-05-23','2018-05-23','宝姿开业钜惠','暂无','2018-05-15','2018-05-31',1),('10',2,'2018-05-23','2018-05-23','潮女搭配','暂无','2018-05-15','2018-05-31',1),('11',2,'2018-05-23','2018-05-23','百变羊绒','暂无','2018-05-15','2018-05-31',1),('12',2,'2018-05-23','2018-05-23','冬季色彩邂逅','暂无','2018-05-15','2018-05-31',1),('13',2,'2018-05-23','2018-05-23','“郡主“耀出色','暂无','2018-05-15','2018-05-31',1),('14',2,'2018-05-23','2018-05-23','百强联合','暂无','2018-05-15','2018-05-31',1),('15',2,'2018-05-23','2018-05-23','gives','暂无','2018-05-15','2018-05-31',1),('2',2,'2018-05-23','2018-05-23','温暖毛衣','暂无','2018-05-15','2018-05-31',1),('3',2,'2018-05-23','2018-05-23','购大牌','暂无','2018-05-15','2018-05-31',1),('4',2,'2018-05-23','2018-05-23','冬日女神','暂无','2018-05-15','2018-05-31',1),('5',2,'2018-05-23','2018-05-23','裤装回潮','暂无','2018-05-15','2018-05-31',1),('6',2,'2018-05-23','2018-05-23','花样毛呢','暂无','2018-05-15','2018-05-31',1),('7',2,'2018-05-23','2018-05-23','百搭潮流羽绒','暂无','2018-05-15','2018-05-31',1),('8',2,'2018-05-23','2018-05-23','皮草节','暂无','2018-05-15','2018-05-31',1),('9',2,'2018-05-23','2018-05-23','嗨翻少女心','暂无','2018-05-15','2018-05-31',1);

UNLOCK TABLES;

/*Table structure for table `eshop_address` */

CREATE TABLE `eshop_address` (
  `id` varchar(200) NOT NULL COMMENT 'ID',
  `is_del` int(11) DEFAULT NULL COMMENT '是否已经删除:1-已删,2.未删',
  `create_time` date DEFAULT NULL COMMENT '创建时间',
  `update_time` date DEFAULT NULL COMMENT '更新时间',
  `user_id` varchar(200) CHARACTER SET utf8 COLLATE utf8_general_ci DEFAULT NULL COMMENT '所属用户 FK',
  `state_id` varchar(200) DEFAULT NULL COMMENT '国家 FK',
  `province_id` varchar(200) DEFAULT NULL COMMENT '省份 FK',
  `city_id` varchar(200) DEFAULT NULL COMMENT '城市 FK',
  `town_id` varchar(200) DEFAULT NULL COMMENT '区县 FK',
  `address_location` varchar(500) CHARACTER SET utf8 COLLATE utf8_general_ci DEFAULT NULL COMMENT '地址',
  `address_phone` varchar(20) CHARACTER SET utf8 COLLATE utf8_general_ci DEFAULT NULL COMMENT '手机号或是固定电话号',
  `address_postcode` int(11) DEFAULT NULL COMMENT '邮政编码',
  `address_faddr_axes` varchar(20) CHARACTER SET utf8 COLLATE utf8_general_ci DEFAULT NULL COMMENT '传真',
  `address_is_def` int(11) DEFAULT NULL COMMENT '是否是默认地址1.是2.不是',
  `address_name` varchar(200) DEFAULT NULL COMMENT '地址别名',
  `address_recipients` varchar(200) DEFAULT NULL COMMENT '地址收件人',
  PRIMARY KEY (`id`),
  KEY `FK_Relationship_1` (`user_id`),
  KEY `state_id` (`state_id`),
  KEY `province_id` (`province_id`),
  KEY `city_id` (`city_id`),
  KEY `town_id` (`town_id`),
  CONSTRAINT `FK_Relationship_1` FOREIGN KEY (`user_id`) REFERENCES `eshop_user` (`id`),
  CONSTRAINT `eshop_address_ibfk_1` FOREIGN KEY (`state_id`) REFERENCES `eshop_address_state` (`id`),
  CONSTRAINT `eshop_address_ibfk_2` FOREIGN KEY (`province_id`) REFERENCES `eshop_address_province` (`id`),
  CONSTRAINT `eshop_address_ibfk_3` FOREIGN KEY (`city_id`) REFERENCES `eshop_address_city` (`id`),
  CONSTRAINT `eshop_address_ibfk_4` FOREIGN KEY (`town_id`) REFERENCES `eshop_address_town` (`id`)
) ENGINE=InnoDB DEFAULT CHARSET=utf8 COMMENT='收货地址/配送信息';

/*Data for the table `eshop_address` */

LOCK TABLES `eshop_address` WRITE;

insert  into `eshop_address`(`id`,`is_del`,`create_time`,`update_time`,`user_id`,`state_id`,`province_id`,`city_id`,`town_id`,`address_location`,`address_phone`,`address_postcode`,`address_faddr_axes`,`address_is_def`,`address_name`,`address_recipients`) values ('025f8c145dda4f7290b926f27ad33fc0',2,'2018-05-24','2018-05-24','a5dc7871e5cd4c5d811b25ba9c76e87c','1','17','172','1688','光谷创意城A12栋1011室','15487566548',430073,'',1,'家里','Arvin'),('b88907b0c95e40f18a987a14eee39bf4',2,'2018-05-24','2018-05-24','a5dc7871e5cd4c5d811b25ba9c76e87c','1','17','172','1692','金融港3号B17栋1103室','15487566548',430073,'',2,'公司','Arvin');

UNLOCK TABLES;

/*Table structure for table `eshop_address_city` */

CREATE TABLE `eshop_address_city` (
  `id` varchar(200) NOT NULL COMMENT '主键',
  `is_del` int(11) DEFAULT NULL COMMENT '是否已经删除:1-已删,2.未删',
  `create_time` date DEFAULT NULL COMMENT '创建时间',
  `update_time` date DEFAULT NULL COMMENT '更新时间',
  `code` char(6) NOT NULL COMMENT '城市编码',
  `name` varchar(40) NOT NULL COMMENT '城市名称',
  `province_code` char(6) CHARACTER SET utf8 COLLATE utf8_general_ci NOT NULL COMMENT '所属省份编码',
  PRIMARY KEY (`id`)
) ENGINE=InnoDB DEFAULT CHARSET=utf8 COMMENT='城市信息表';

/*Data for the table `eshop_address_city` */

LOCK TABLES `eshop_address_city` WRITE;

insert  into `eshop_address_city`(`id`,`is_del`,`create_time`,`update_time`,`code`,`name`,`province_code`) values ('1',2,'2018-05-23','2018-05-23','110100','北京市','110000'),('10',2,'2018-05-23','2018-05-23','130600','保定市','130000'),('100',2,'2018-05-23','2018-05-23','331100','丽水市','330000'),('101',2,'2018-05-23','2018-05-23','340100','合肥市','340000'),('102',2,'2018-05-23','2018-05-23','340200','芜湖市','340000'),('103',2,'2018-05-23','2018-05-23','340300','蚌埠市','340000'),('104',2,'2018-05-23','2018-05-23','340400','淮南市','340000'),('105',2,'2018-05-23','2018-05-23','340500','马鞍山市','340000'),('106',2,'2018-05-23','2018-05-23','340600','淮北市','340000'),('107',2,'2018-05-23','2018-05-23','340700','铜陵市','340000'),('108',2,'2018-05-23','2018-05-23','340800','安庆市','340000'),('109',2,'2018-05-23','2018-05-23','341000','黄山市','340000'),('11',2,'2018-05-23','2018-05-23','130700','张家口市','130000'),('110',2,'2018-05-23','2018-05-23','341100','滁州市','340000'),('111',2,'2018-05-23','2018-05-23','341200','阜阳市','340000'),('112',2,'2018-05-23','2018-05-23','341300','宿州市','340000'),('113',2,'2018-05-23','2018-05-23','341400','巢湖市','340000'),('114',2,'2018-05-23','2018-05-23','341500','六安市','340000'),('115',2,'2018-05-23','2018-05-23','341600','亳州市','340000'),('116',2,'2018-05-23','2018-05-23','341700','池州市','340000'),('117',2,'2018-05-23','2018-05-23','341800','宣城市','340000'),('118',2,'2018-05-23','2018-05-23','350100','福州市','350000'),('119',2,'2018-05-23','2018-05-23','350200','厦门市','350000'),('12',2,'2018-05-23','2018-05-23','130800','承德市','130000'),('120',2,'2018-05-23','2018-05-23','350300','莆田市','350000'),('121',2,'2018-05-23','2018-05-23','350400','三明市','350000'),('122',2,'2018-05-23','2018-05-23','350500','泉州市','350000'),('123',2,'2018-05-23','2018-05-23','350600','漳州市','350000'),('124',2,'2018-05-23','2018-05-23','350700','南平市','350000'),('125',2,'2018-05-23','2018-05-23','350800','龙岩市','350000'),('126',2,'2018-05-23','2018-05-23','350900','宁德市','350000'),('127',2,'2018-05-23','2018-05-23','360100','南昌市','360000'),('128',2,'2018-05-23','2018-05-23','360200','景德镇市','360000'),('129',2,'2018-05-23','2018-05-23','360300','萍乡市','360000'),('13',2,'2018-05-23','2018-05-23','130900','沧州市','130000'),('130',2,'2018-05-23','2018-05-23','360400','九江市','360000'),('131',2,'2018-05-23','2018-05-23','360500','新余市','360000'),('132',2,'2018-05-23','2018-05-23','360600','鹰潭市','360000'),('133',2,'2018-05-23','2018-05-23','360700','赣州市','360000'),('134',2,'2018-05-23','2018-05-23','360800','吉安市','360000'),('135',2,'2018-05-23','2018-05-23','360900','宜春市','360000'),('136',2,'2018-05-23','2018-05-23','361000','抚州市','360000'),('137',2,'2018-05-23','2018-05-23','361100','上饶市','360000'),('138',2,'2018-05-23','2018-05-23','370100','济南市','370000'),('139',2,'2018-05-23','2018-05-23','370200','青岛市','370000'),('14',2,'2018-05-23','2018-05-23','131000','廊坊市','130000'),('140',2,'2018-05-23','2018-05-23','370300','淄博市','370000'),('141',2,'2018-05-23','2018-05-23','370400','枣庄市','370000'),('142',2,'2018-05-23','2018-05-23','370500','东营市','370000'),('143',2,'2018-05-23','2018-05-23','370600','烟台市','370000'),('144',2,'2018-05-23','2018-05-23','370700','潍坊市','370000'),('145',2,'2018-05-23','2018-05-23','370800','济宁市','370000'),('146',2,'2018-05-23','2018-05-23','370900','泰安市','370000'),('147',2,'2018-05-23','2018-05-23','371000','威海市','370000'),('148',2,'2018-05-23','2018-05-23','371100','日照市','370000'),('149',2,'2018-05-23','2018-05-23','371200','莱芜市','370000'),('15',2,'2018-05-23','2018-05-23','131100','衡水市','130000'),('150',2,'2018-05-23','2018-05-23','371300','临沂市','370000'),('151',2,'2018-05-23','2018-05-23','371400','德州市','370000'),('152',2,'2018-05-23','2018-05-23','371500','聊城市','370000'),('153',2,'2018-05-23','2018-05-23','371600','滨州市','370000'),('154',2,'2018-05-23','2018-05-23','371700','荷泽市','370000'),('155',2,'2018-05-23','2018-05-23','410100','郑州市','410000'),('156',2,'2018-05-23','2018-05-23','410200','开封市','410000'),('157',2,'2018-05-23','2018-05-23','410300','洛阳市','410000'),('158',2,'2018-05-23','2018-05-23','410400','平顶山市','410000'),('159',2,'2018-05-23','2018-05-23','410500','安阳市','410000'),('16',2,'2018-05-23','2018-05-23','140100','太原市','140000'),('160',2,'2018-05-23','2018-05-23','410600','鹤壁市','410000'),('161',2,'2018-05-23','2018-05-23','410700','新乡市','410000'),('162',2,'2018-05-23','2018-05-23','410800','焦作市','410000'),('163',2,'2018-05-23','2018-05-23','410900','濮阳市','410000'),('164',2,'2018-05-23','2018-05-23','411000','许昌市','410000'),('165',2,'2018-05-23','2018-05-23','411100','漯河市','410000'),('166',2,'2018-05-23','2018-05-23','411200','三门峡市','410000'),('167',2,'2018-05-23','2018-05-23','411300','南阳市','410000'),('168',2,'2018-05-23','2018-05-23','411400','商丘市','410000'),('169',2,'2018-05-23','2018-05-23','411500','信阳市','410000'),('17',2,'2018-05-23','2018-05-23','140200','大同市','140000'),('170',2,'2018-05-23','2018-05-23','411600','周口市','410000'),('171',2,'2018-05-23','2018-05-23','411700','驻马店市','410000'),('172',2,'2018-05-23','2018-05-23','420100','武汉市','420000'),('173',2,'2018-05-23','2018-05-23','420200','黄石市','420000'),('174',2,'2018-05-23','2018-05-23','420300','十堰市','420000'),('175',2,'2018-05-23','2018-05-23','420500','宜昌市','420000'),('176',2,'2018-05-23','2018-05-23','420600','襄樊市','420000'),('177',2,'2018-05-23','2018-05-23','420700','鄂州市','420000'),('178',2,'2018-05-23','2018-05-23','420800','荆门市','420000'),('179',2,'2018-05-23','2018-05-23','420900','孝感市','420000'),('18',2,'2018-05-23','2018-05-23','140300','阳泉市','140000'),('180',2,'2018-05-23','2018-05-23','421000','荆州市','420000'),('181',2,'2018-05-23','2018-05-23','421100','黄冈市','420000'),('182',2,'2018-05-23','2018-05-23','421200','咸宁市','420000'),('183',2,'2018-05-23','2018-05-23','421300','随州市','420000'),('184',2,'2018-05-23','2018-05-23','422800','恩施土家族苗族自治州','420000'),('185',2,'2018-05-23','2018-05-23','429000','省直辖行政单位','420000'),('186',2,'2018-05-23','2018-05-23','430100','长沙市','430000'),('187',2,'2018-05-23','2018-05-23','430200','株洲市','430000'),('188',2,'2018-05-23','2018-05-23','430300','湘潭市','430000'),('189',2,'2018-05-23','2018-05-23','430400','衡阳市','430000'),('19',2,'2018-05-23','2018-05-23','140400','长治市','140000'),('190',2,'2018-05-23','2018-05-23','430500','邵阳市','430000'),('191',2,'2018-05-23','2018-05-23','430600','岳阳市','430000'),('192',2,'2018-05-23','2018-05-23','430700','常德市','430000'),('193',2,'2018-05-23','2018-05-23','430800','张家界市','430000'),('194',2,'2018-05-23','2018-05-23','430900','益阳市','430000'),('195',2,'2018-05-23','2018-05-23','431000','郴州市','430000'),('196',2,'2018-05-23','2018-05-23','431100','永州市','430000'),('197',2,'2018-05-23','2018-05-23','431200','怀化市','430000'),('198',2,'2018-05-23','2018-05-23','431300','娄底市','430000'),('199',2,'2018-05-23','2018-05-23','433100','湘西土家族苗族自治州','430000'),('2',2,'2018-05-23','2018-05-23','1102xx','北京下属县','1100xx'),('20',2,'2018-05-23','2018-05-23','140500','晋城市','140000'),('200',2,'2018-05-23','2018-05-23','440100','广州市','440000'),('201',2,'2018-05-23','2018-05-23','440200','韶关市','440000'),('202',2,'2018-05-23','2018-05-23','440300','深圳市','440000'),('203',2,'2018-05-23','2018-05-23','440400','珠海市','440000'),('204',2,'2018-05-23','2018-05-23','440500','汕头市','440000'),('205',2,'2018-05-23','2018-05-23','440600','佛山市','440000'),('206',2,'2018-05-23','2018-05-23','440700','江门市','440000'),('207',2,'2018-05-23','2018-05-23','440800','湛江市','440000'),('208',2,'2018-05-23','2018-05-23','440900','茂名市','440000'),('209',2,'2018-05-23','2018-05-23','441200','肇庆市','440000'),('21',2,'2018-05-23','2018-05-23','140600','朔州市','140000'),('210',2,'2018-05-23','2018-05-23','441300','惠州市','440000'),('211',2,'2018-05-23','2018-05-23','441400','梅州市','440000'),('212',2,'2018-05-23','2018-05-23','441500','汕尾市','440000'),('213',2,'2018-05-23','2018-05-23','441600','河源市','440000'),('214',2,'2018-05-23','2018-05-23','441700','阳江市','440000'),('215',2,'2018-05-23','2018-05-23','441800','清远市','440000'),('216',2,'2018-05-23','2018-05-23','441900','东莞市','440000'),('217',2,'2018-05-23','2018-05-23','442000','中山市','440000'),('218',2,'2018-05-23','2018-05-23','445100','潮州市','440000'),('219',2,'2018-05-23','2018-05-23','445200','揭阳市','440000'),('22',2,'2018-05-23','2018-05-23','140700','晋中市','140000'),('220',2,'2018-05-23','2018-05-23','445300','云浮市','440000'),('221',2,'2018-05-23','2018-05-23','450100','南宁市','450000'),('222',2,'2018-05-23','2018-05-23','450200','柳州市','450000'),('223',2,'2018-05-23','2018-05-23','450300','桂林市','450000'),('224',2,'2018-05-23','2018-05-23','450400','梧州市','450000'),('225',2,'2018-05-23','2018-05-23','450500','北海市','450000'),('226',2,'2018-05-23','2018-05-23','450600','防城港市','450000'),('227',2,'2018-05-23','2018-05-23','450700','钦州市','450000'),('228',2,'2018-05-23','2018-05-23','450800','贵港市','450000'),('229',2,'2018-05-23','2018-05-23','450900','玉林市','450000'),('23',2,'2018-05-23','2018-05-23','140800','运城市','140000'),('230',2,'2018-05-23','2018-05-23','451000','百色市','450000'),('231',2,'2018-05-23','2018-05-23','451100','贺州市','450000'),('232',2,'2018-05-23','2018-05-23','451200','河池市','450000'),('233',2,'2018-05-23','2018-05-23','451300','来宾市','450000'),('234',2,'2018-05-23','2018-05-23','451400','崇左市','450000'),('235',2,'2018-05-23','2018-05-23','460100','海口市','460000'),('236',2,'2018-05-23','2018-05-23','460200','三亚市','460000'),('237',2,'2018-05-23','2018-05-23','469000','省直辖县级行政单位','460000'),('238',2,'2018-05-23','2018-05-23','500100','重庆市','500000'),('239',2,'2018-05-23','2018-05-23','5002xx','重庆下属县','5000xx'),('24',2,'2018-05-23','2018-05-23','140900','忻州市','140000'),('240',2,'2018-05-23','2018-05-23','5003xx','重庆下属市','5000xx'),('241',2,'2018-05-23','2018-05-23','510100','成都市','510000'),('242',2,'2018-05-23','2018-05-23','510300','自贡市','510000'),('243',2,'2018-05-23','2018-05-23','510400','攀枝花市','510000'),('244',2,'2018-05-23','2018-05-23','510500','泸州市','510000'),('245',2,'2018-05-23','2018-05-23','510600','德阳市','510000'),('246',2,'2018-05-23','2018-05-23','510700','绵阳市','510000'),('247',2,'2018-05-23','2018-05-23','510800','广元市','510000'),('248',2,'2018-05-23','2018-05-23','510900','遂宁市','510000'),('249',2,'2018-05-23','2018-05-23','511000','内江市','510000'),('25',2,'2018-05-23','2018-05-23','141000','临汾市','140000'),('250',2,'2018-05-23','2018-05-23','511100','乐山市','510000'),('251',2,'2018-05-23','2018-05-23','511300','南充市','510000'),('252',2,'2018-05-23','2018-05-23','511400','眉山市','510000'),('253',2,'2018-05-23','2018-05-23','511500','宜宾市','510000'),('254',2,'2018-05-23','2018-05-23','511600','广安市','510000'),('255',2,'2018-05-23','2018-05-23','511700','达州市','510000'),('256',2,'2018-05-23','2018-05-23','511800','雅安市','510000'),('257',2,'2018-05-23','2018-05-23','511900','巴中市','510000'),('258',2,'2018-05-23','2018-05-23','512000','资阳市','510000'),('259',2,'2018-05-23','2018-05-23','513200','阿坝藏族羌族自治州','510000'),('26',2,'2018-05-23','2018-05-23','141100','吕梁市','140000'),('260',2,'2018-05-23','2018-05-23','513300','甘孜藏族自治州','510000'),('261',2,'2018-05-23','2018-05-23','513400','凉山彝族自治州','510000'),('262',2,'2018-05-23','2018-05-23','520100','贵阳市','520000'),('263',2,'2018-05-23','2018-05-23','520200','六盘水市','520000'),('264',2,'2018-05-23','2018-05-23','520300','遵义市','520000'),('265',2,'2018-05-23','2018-05-23','520400','安顺市','520000'),('266',2,'2018-05-23','2018-05-23','522200','铜仁地区','520000'),('267',2,'2018-05-23','2018-05-23','522300','黔西南布依族苗族自治州','520000'),('268',2,'2018-05-23','2018-05-23','522400','毕节地区','520000'),('269',2,'2018-05-23','2018-05-23','522600','黔东南苗族侗族自治州','520000'),('27',2,'2018-05-23','2018-05-23','150100','呼和浩特市','150000'),('270',2,'2018-05-23','2018-05-23','522700','黔南布依族苗族自治州','520000'),('271',2,'2018-05-23','2018-05-23','530100','昆明市','530000'),('272',2,'2018-05-23','2018-05-23','530300','曲靖市','530000'),('273',2,'2018-05-23','2018-05-23','530400','玉溪市','530000'),('274',2,'2018-05-23','2018-05-23','530500','保山市','530000'),('275',2,'2018-05-23','2018-05-23','530600','昭通市','530000'),('276',2,'2018-05-23','2018-05-23','530700','丽江市','530000'),('277',2,'2018-05-23','2018-05-23','530800','思茅市','530000'),('278',2,'2018-05-23','2018-05-23','530900','临沧市','530000'),('279',2,'2018-05-23','2018-05-23','532300','楚雄彝族自治州','530000'),('28',2,'2018-05-23','2018-05-23','150200','包头市','150000'),('280',2,'2018-05-23','2018-05-23','532500','红河哈尼族彝族自治州','530000'),('281',2,'2018-05-23','2018-05-23','532600','文山壮族苗族自治州','530000'),('282',2,'2018-05-23','2018-05-23','532800','西双版纳傣族自治州','530000'),('283',2,'2018-05-23','2018-05-23','532900','大理白族自治州','530000'),('284',2,'2018-05-23','2018-05-23','533100','德宏傣族景颇族自治州','530000'),('285',2,'2018-05-23','2018-05-23','533300','怒江傈僳族自治州','530000'),('286',2,'2018-05-23','2018-05-23','533400','迪庆藏族自治州','530000'),('287',2,'2018-05-23','2018-05-23','540100','拉萨市','540000'),('288',2,'2018-05-23','2018-05-23','542100','昌都地区','540000'),('289',2,'2018-05-23','2018-05-23','542200','山南地区','540000'),('29',2,'2018-05-23','2018-05-23','150300','乌海市','150000'),('290',2,'2018-05-23','2018-05-23','542300','日喀则地区','540000'),('291',2,'2018-05-23','2018-05-23','542400','那曲地区','540000'),('292',2,'2018-05-23','2018-05-23','542500','阿里地区','540000'),('293',2,'2018-05-23','2018-05-23','542600','林芝地区','540000'),('294',2,'2018-05-23','2018-05-23','610100','西安市','610000'),('295',2,'2018-05-23','2018-05-23','610200','铜川市','610000'),('296',2,'2018-05-23','2018-05-23','610300','宝鸡市','610000'),('297',2,'2018-05-23','2018-05-23','610400','咸阳市','610000'),('298',2,'2018-05-23','2018-05-23','610500','渭南市','610000'),('299',2,'2018-05-23','2018-05-23','610600','延安市','610000'),('3',2,'2018-05-23','2018-05-23','120100','天津市','120000'),('30',2,'2018-05-23','2018-05-23','150400','赤峰市','150000'),('300',2,'2018-05-23','2018-05-23','610700','汉中市','610000'),('301',2,'2018-05-23','2018-05-23','610800','榆林市','610000'),('302',2,'2018-05-23','2018-05-23','610900','安康市','610000'),('303',2,'2018-05-23','2018-05-23','611000','商洛市','610000'),('304',2,'2018-05-23','2018-05-23','620100','兰州市','620000'),('305',2,'2018-05-23','2018-05-23','620200','嘉峪关市','620000'),('306',2,'2018-05-23','2018-05-23','620300','金昌市','620000'),('307',2,'2018-05-23','2018-05-23','620400','白银市','620000'),('308',2,'2018-05-23','2018-05-23','620500','天水市','620000'),('309',2,'2018-05-23','2018-05-23','620600','武威市','620000'),('31',2,'2018-05-23','2018-05-23','150500','通辽市','150000'),('310',2,'2018-05-23','2018-05-23','620700','张掖市','620000'),('311',2,'2018-05-23','2018-05-23','620800','平凉市','620000'),('312',2,'2018-05-23','2018-05-23','620900','酒泉市','620000'),('313',2,'2018-05-23','2018-05-23','621000','庆阳市','620000'),('314',2,'2018-05-23','2018-05-23','621100','定西市','620000'),('315',2,'2018-05-23','2018-05-23','621200','陇南市','620000'),('316',2,'2018-05-23','2018-05-23','622900','临夏回族自治州','620000'),('317',2,'2018-05-23','2018-05-23','623000','甘南藏族自治州','620000'),('318',2,'2018-05-23','2018-05-23','630100','西宁市','630000'),('319',2,'2018-05-23','2018-05-23','632100','海东地区','630000'),('32',2,'2018-05-23','2018-05-23','150600','鄂尔多斯市','150000'),('320',2,'2018-05-23','2018-05-23','632200','海北藏族自治州','630000'),('321',2,'2018-05-23','2018-05-23','632300','黄南藏族自治州','630000'),('322',2,'2018-05-23','2018-05-23','632500','海南藏族自治州','630000'),('323',2,'2018-05-23','2018-05-23','632600','果洛藏族自治州','630000'),('324',2,'2018-05-23','2018-05-23','632700','玉树藏族自治州','630000'),('325',2,'2018-05-23','2018-05-23','632800','海西蒙古族藏族自治州','630000'),('326',2,'2018-05-23','2018-05-23','640100','银川市','640000'),('327',2,'2018-05-23','2018-05-23','640200','石嘴山市','640000'),('328',2,'2018-05-23','2018-05-23','640300','吴忠市','640000'),('329',2,'2018-05-23','2018-05-23','640400','固原市','640000'),('33',2,'2018-05-23','2018-05-23','150700','呼伦贝尔市','150000'),('330',2,'2018-05-23','2018-05-23','640500','中卫市','640000'),('331',2,'2018-05-23','2018-05-23','650100','乌鲁木齐市','650000'),('332',2,'2018-05-23','2018-05-23','650200','克拉玛依市','650000'),('333',2,'2018-05-23','2018-05-23','652100','吐鲁番地区','650000'),('334',2,'2018-05-23','2018-05-23','652200','哈密地区','650000'),('335',2,'2018-05-23','2018-05-23','652300','昌吉回族自治州','650000'),('336',2,'2018-05-23','2018-05-23','652700','博尔塔拉蒙古自治州','650000'),('337',2,'2018-05-23','2018-05-23','652800','巴音郭楞蒙古自治州','650000'),('338',2,'2018-05-23','2018-05-23','652900','阿克苏地区','650000'),('339',2,'2018-05-23','2018-05-23','653000','克孜勒苏柯尔克孜自治州','650000'),('34',2,'2018-05-23','2018-05-23','150800','巴彦淖尔市','150000'),('340',2,'2018-05-23','2018-05-23','653100','喀什地区','650000'),('341',2,'2018-05-23','2018-05-23','653200','和田地区','650000'),('342',2,'2018-05-23','2018-05-23','654000','伊犁哈萨克自治州','650000'),('343',2,'2018-05-23','2018-05-23','654200','塔城地区','650000'),('344',2,'2018-05-23','2018-05-23','654300','阿勒泰地区','650000'),('345',2,'2018-05-23','2018-05-23','659000','省直辖行政单位','650000'),('35',2,'2018-05-23','2018-05-23','150900','乌兰察布市','150000'),('36',2,'2018-05-23','2018-05-23','152200','兴安盟','150000'),('37',2,'2018-05-23','2018-05-23','152500','锡林郭勒盟','150000'),('38',2,'2018-05-23','2018-05-23','152900','阿拉善盟','150000'),('39',2,'2018-05-23','2018-05-23','210100','沈阳市','210000'),('4',2,'2018-05-23','2018-05-23','1202xx','天津下属县','1200xx'),('40',2,'2018-05-23','2018-05-23','210200','大连市','210000'),('41',2,'2018-05-23','2018-05-23','210300','鞍山市','210000'),('42',2,'2018-05-23','2018-05-23','210400','抚顺市','210000'),('43',2,'2018-05-23','2018-05-23','210500','本溪市','210000'),('44',2,'2018-05-23','2018-05-23','210600','丹东市','210000'),('45',2,'2018-05-23','2018-05-23','210700','锦州市','210000'),('46',2,'2018-05-23','2018-05-23','210800','营口市','210000'),('47',2,'2018-05-23','2018-05-23','210900','阜新市','210000'),('48',2,'2018-05-23','2018-05-23','211000','辽阳市','210000'),('49',2,'2018-05-23','2018-05-23','211100','盘锦市','210000'),('5',2,'2018-05-23','2018-05-23','130100','石家庄市','130000'),('50',2,'2018-05-23','2018-05-23','211200','铁岭市','210000'),('51',2,'2018-05-23','2018-05-23','211300','朝阳市','210000'),('52',2,'2018-05-23','2018-05-23','211400','葫芦岛市','210000'),('53',2,'2018-05-23','2018-05-23','220100','长春市','220000'),('54',2,'2018-05-23','2018-05-23','220200','吉林市','220000'),('55',2,'2018-05-23','2018-05-23','220300','四平市','220000'),('56',2,'2018-05-23','2018-05-23','220400','辽源市','220000'),('57',2,'2018-05-23','2018-05-23','220500','通化市','220000'),('58',2,'2018-05-23','2018-05-23','220600','白山市','220000'),('59',2,'2018-05-23','2018-05-23','220700','松原市','220000'),('6',2,'2018-05-23','2018-05-23','130200','唐山市','130000'),('60',2,'2018-05-23','2018-05-23','220800','白城市','220000'),('61',2,'2018-05-23','2018-05-23','222400','延边朝鲜族自治州','220000'),('62',2,'2018-05-23','2018-05-23','230100','哈尔滨市','230000'),('63',2,'2018-05-23','2018-05-23','230200','齐齐哈尔市','230000'),('64',2,'2018-05-23','2018-05-23','230300','鸡西市','230000'),('65',2,'2018-05-23','2018-05-23','230400','鹤岗市','230000'),('66',2,'2018-05-23','2018-05-23','230500','双鸭山市','230000'),('67',2,'2018-05-23','2018-05-23','230600','大庆市','230000'),('68',2,'2018-05-23','2018-05-23','230700','伊春市','230000'),('69',2,'2018-05-23','2018-05-23','230800','佳木斯市','230000'),('7',2,'2018-05-23','2018-05-23','130300','秦皇岛市','130000'),('70',2,'2018-05-23','2018-05-23','230900','七台河市','230000'),('71',2,'2018-05-23','2018-05-23','231000','牡丹江市','230000'),('72',2,'2018-05-23','2018-05-23','231100','黑河市','230000'),('73',2,'2018-05-23','2018-05-23','231200','绥化市','230000'),('74',2,'2018-05-23','2018-05-23','232700','大兴安岭地区','230000'),('75',2,'2018-05-23','2018-05-23','310100','上海市','310000'),('76',2,'2018-05-23','2018-05-23','3102xx','上海下属县','3100xx'),('77',2,'2018-05-23','2018-05-23','320100','南京市','320000'),('78',2,'2018-05-23','2018-05-23','320200','无锡市','320000'),('79',2,'2018-05-23','2018-05-23','320300','徐州市','320000'),('8',2,'2018-05-23','2018-05-23','130400','邯郸市','130000'),('80',2,'2018-05-23','2018-05-23','320400','常州市','320000'),('81',2,'2018-05-23','2018-05-23','320500','苏州市','320000'),('82',2,'2018-05-23','2018-05-23','320600','南通市','320000'),('83',2,'2018-05-23','2018-05-23','320700','连云港市','320000'),('84',2,'2018-05-23','2018-05-23','320800','淮安市','320000'),('85',2,'2018-05-23','2018-05-23','320900','盐城市','320000'),('86',2,'2018-05-23','2018-05-23','321000','扬州市','320000'),('87',2,'2018-05-23','2018-05-23','321100','镇江市','320000'),('88',2,'2018-05-23','2018-05-23','321200','泰州市','320000'),('89',2,'2018-05-23','2018-05-23','321300','宿迁市','320000'),('9',2,'2018-05-23','2018-05-23','130500','邢台市','130000'),('90',2,'2018-05-23','2018-05-23','330100','杭州市','330000'),('91',2,'2018-05-23','2018-05-23','330200','宁波市','330000'),('92',2,'2018-05-23','2018-05-23','330300','温州市','330000'),('93',2,'2018-05-23','2018-05-23','330400','嘉兴市','330000'),('94',2,'2018-05-23','2018-05-23','330500','湖州市','330000'),('95',2,'2018-05-23','2018-05-23','330600','绍兴市','330000'),('96',2,'2018-05-23','2018-05-23','330700','金华市','330000'),('97',2,'2018-05-23','2018-05-23','330800','衢州市','330000'),('98',2,'2018-05-23','2018-05-23','330900','舟山市','330000'),('99',2,'2018-05-23','2018-05-23','331000','台州市','330000');

UNLOCK TABLES;

/*Table structure for table `eshop_address_province` */

CREATE TABLE `eshop_address_province` (
  `id` varchar(200) NOT NULL COMMENT '主键',
  `is_del` int(11) DEFAULT NULL COMMENT '是否已经删除:1-已删,2.未删',
  `create_time` date DEFAULT NULL COMMENT '创建时间',
  `update_time` date DEFAULT NULL COMMENT '更新时间',
  `code` char(6) NOT NULL COMMENT '省份编码',
  `name` varchar(40) NOT NULL COMMENT '省份名称',
  `state_code` char(6) DEFAULT NULL COMMENT '所属国籍编码',
  PRIMARY KEY (`id`)
) ENGINE=InnoDB DEFAULT CHARSET=utf8 COMMENT='省份信息表';

/*Data for the table `eshop_address_province` */

LOCK TABLES `eshop_address_province` WRITE;

insert  into `eshop_address_province`(`id`,`is_del`,`create_time`,`update_time`,`code`,`name`,`state_code`) values ('1',2,'2018-05-23','2018-05-23','110000','北京市','CN'),('10',2,'2018-05-23','2018-05-23','320000','江苏省','CN'),('11',2,'2018-05-23','2018-05-23','330000','浙江省','CN'),('12',2,'2018-05-23','2018-05-23','340000','安徽省','CN'),('13',2,'2018-05-23','2018-05-23','350000','福建省','CN'),('14',2,'2018-05-23','2018-05-23','360000','江西省','CN'),('15',2,'2018-05-23','2018-05-23','370000','山东省','CN'),('16',2,'2018-05-23','2018-05-23','410000','河南省','CN'),('17',2,'2018-05-23','2018-05-23','420000','湖北省','CN'),('18',2,'2018-05-23','2018-05-23','430000','湖南省','CN'),('19',2,'2018-05-23','2018-05-23','440000','广东省','CN'),('2',2,'2018-05-23','2018-05-23','120000','天津市','CN'),('20',2,'2018-05-23','2018-05-23','450000','广西壮族自治区','CN'),('21',2,'2018-05-23','2018-05-23','460000','海南省','CN'),('22',2,'2018-05-23','2018-05-23','500000','重庆市','CN'),('23',2,'2018-05-23','2018-05-23','510000','四川省','CN'),('24',2,'2018-05-23','2018-05-23','520000','贵州省','CN'),('25',2,'2018-05-23','2018-05-23','530000','云南省','CN'),('26',2,'2018-05-23','2018-05-23','540000','西藏自治区','CN'),('27',2,'2018-05-23','2018-05-23','610000','陕西省','CN'),('28',2,'2018-05-23','2018-05-23','620000','甘肃省','CN'),('29',2,'2018-05-23','2018-05-23','630000','青海省','CN'),('3',2,'2018-05-23','2018-05-23','130000','河北省','CN'),('30',2,'2018-05-23','2018-05-23','640000','宁夏回族自治区','CN'),('31',2,'2018-05-23','2018-05-23','650000','新疆维吾尔自治区','CN'),('32',2,'2018-05-23','2018-05-23','710000','台湾省','CN'),('33',2,'2018-05-23','2018-05-23','810000','香港特别行政区','CN'),('34',2,'2018-05-23','2018-05-23','820000','澳门特别行政区','CN'),('4',2,'2018-05-23','2018-05-23','140000','山西省','CN'),('5',2,'2018-05-23','2018-05-23','150000','内蒙古自治区','CN'),('6',2,'2018-05-23','2018-05-23','210000','辽宁省','CN'),('7',2,'2018-05-23','2018-05-23','220000','吉林省','CN'),('8',2,'2018-05-23','2018-05-23','230000','黑龙江省','CN'),('9',2,'2018-05-23','2018-05-23','310000','上海市','CN');

UNLOCK TABLES;

/*Table structure for table `eshop_address_state` */

CREATE TABLE `eshop_address_state` (
  `id` varchar(200) CHARACTER SET utf8 COLLATE utf8_general_ci NOT NULL COMMENT '主键',
  `is_del` int(11) DEFAULT NULL COMMENT '是否已经删除:1-已删,2.未删',
  `create_time` date DEFAULT NULL COMMENT '创建时间',
  `update_time` date DEFAULT NULL COMMENT '更新时间',
  `code` char(6) NOT NULL COMMENT '国籍编码',
  `name` varchar(40) NOT NULL COMMENT '国籍名称',
  PRIMARY KEY (`id`)
) ENGINE=InnoDB DEFAULT CHARSET=utf8 COMMENT='国籍信息表';

/*Data for the table `eshop_address_state` */

LOCK TABLES `eshop_address_state` WRITE;

insert  into `eshop_address_state`(`id`,`is_del`,`create_time`,`update_time`,`code`,`name`) values ('1',2,'2018-05-23','2018-05-23','CN','中国'),('2',2,'2018-05-23','2018-05-23','US','美国'),('3',2,'2018-05-23','2018-05-23','ZW','津巴布韦'),('4',2,'2018-05-23','2018-05-23','UA','乌克兰');

UNLOCK TABLES;

/*Table structure for table `eshop_address_town` */

CREATE TABLE `eshop_address_town` (
  `id` varchar(200) NOT NULL COMMENT '主键',
  `is_del` int(11) DEFAULT NULL COMMENT '是否已经删除:1-已删,2.未删',
  `create_time` date DEFAULT NULL COMMENT '创建时间',
  `update_time` date DEFAULT NULL COMMENT '更新时间',
  `code` char(6) NOT NULL COMMENT '区县编码',
  `name` varchar(40) NOT NULL COMMENT '区县名称',
  `city_code` char(6) CHARACTER SET utf8 COLLATE utf8_general_ci NOT NULL COMMENT '所属城市编码',
  PRIMARY KEY (`id`)
) ENGINE=InnoDB DEFAULT CHARSET=utf8 COMMENT='区县信息表';

/*Data for the table `eshop_address_town` */

LOCK TABLES `eshop_address_town` WRITE;

insert  into `eshop_address_town`(`id`,`is_del`,`create_time`,`update_time`,`code`,`name`,`city_code`) values ('1',2,'2018-05-23','2018-05-23','110101','东城区','110100'),('10',2,'2018-05-23','2018-05-23','110111','房山区','110100'),('100',2,'2018-05-23','2018-05-23','130433','馆陶县','130400'),('1000',2,'2018-05-23','2018-05-23','330921','岱山县','330900'),('1001',2,'2018-05-23','2018-05-23','330922','嵊泗县','330900'),('1002',2,'2018-05-23','2018-05-23','331001','市辖区','331000'),('1003',2,'2018-05-23','2018-05-23','331002','椒江区','331000'),('1004',2,'2018-05-23','2018-05-23','331003','黄岩区','331000'),('1005',2,'2018-05-23','2018-05-23','331004','路桥区','331000'),('1006',2,'2018-05-23','2018-05-23','331021','玉环县','331000'),('1007',2,'2018-05-23','2018-05-23','331022','三门县','331000'),('1008',2,'2018-05-23','2018-05-23','331023','天台县','331000'),('1009',2,'2018-05-23','2018-05-23','331024','仙居县','331000'),('101',2,'2018-05-23','2018-05-23','130434','魏　县','130400'),('1010',2,'2018-05-23','2018-05-23','331081','温岭市','331000'),('1011',2,'2018-05-23','2018-05-23','331082','临海市','331000'),('1012',2,'2018-05-23','2018-05-23','331101','市辖区','331100'),('1013',2,'2018-05-23','2018-05-23','331102','莲都区','331100'),('1014',2,'2018-05-23','2018-05-23','331121','青田县','331100'),('1015',2,'2018-05-23','2018-05-23','331122','缙云县','331100'),('1016',2,'2018-05-23','2018-05-23','331123','遂昌县','331100'),('1017',2,'2018-05-23','2018-05-23','331124','松阳县','331100'),('1018',2,'2018-05-23','2018-05-23','331125','云和县','331100'),('1019',2,'2018-05-23','2018-05-23','331126','庆元县','331100'),('102',2,'2018-05-23','2018-05-23','130435','曲周县','130400'),('1020',2,'2018-05-23','2018-05-23','331127','景宁畲族自治县','331100'),('1021',2,'2018-05-23','2018-05-23','331181','龙泉市','331100'),('1022',2,'2018-05-23','2018-05-23','340101','市辖区','340100'),('1023',2,'2018-05-23','2018-05-23','340102','瑶海区','340100'),('1024',2,'2018-05-23','2018-05-23','340103','庐阳区','340100'),('1025',2,'2018-05-23','2018-05-23','340104','蜀山区','340100'),('1026',2,'2018-05-23','2018-05-23','340111','包河区','340100'),('1027',2,'2018-05-23','2018-05-23','340121','长丰县','340100'),('1028',2,'2018-05-23','2018-05-23','340122','肥东县','340100'),('1029',2,'2018-05-23','2018-05-23','340123','肥西县','340100'),('103',2,'2018-05-23','2018-05-23','130481','武安市','130400'),('1030',2,'2018-05-23','2018-05-23','340201','市辖区','340200'),('1031',2,'2018-05-23','2018-05-23','340202','镜湖区','340200'),('1032',2,'2018-05-23','2018-05-23','340203','马塘区','340200'),('1033',2,'2018-05-23','2018-05-23','340204','新芜区','340200'),('1034',2,'2018-05-23','2018-05-23','340207','鸠江区','340200'),('1035',2,'2018-05-23','2018-05-23','340221','芜湖县','340200'),('1036',2,'2018-05-23','2018-05-23','340222','繁昌县','340200'),('1037',2,'2018-05-23','2018-05-23','340223','南陵县','340200'),('1038',2,'2018-05-23','2018-05-23','340301','市辖区','340300'),('1039',2,'2018-05-23','2018-05-23','340302','龙子湖区','340300'),('104',2,'2018-05-23','2018-05-23','130501','市辖区','130500'),('1040',2,'2018-05-23','2018-05-23','340303','蚌山区','340300'),('1041',2,'2018-05-23','2018-05-23','340304','禹会区','340300'),('1042',2,'2018-05-23','2018-05-23','340311','淮上区','340300'),('1043',2,'2018-05-23','2018-05-23','340321','怀远县','340300'),('1044',2,'2018-05-23','2018-05-23','340322','五河县','340300'),('1045',2,'2018-05-23','2018-05-23','340323','固镇县','340300'),('1046',2,'2018-05-23','2018-05-23','340401','市辖区','340400'),('1047',2,'2018-05-23','2018-05-23','340402','大通区','340400'),('1048',2,'2018-05-23','2018-05-23','340403','田家庵区','340400'),('1049',2,'2018-05-23','2018-05-23','340404','谢家集区','340400'),('105',2,'2018-05-23','2018-05-23','130502','桥东区','130500'),('1050',2,'2018-05-23','2018-05-23','340405','八公山区','340400'),('1051',2,'2018-05-23','2018-05-23','340406','潘集区','340400'),('1052',2,'2018-05-23','2018-05-23','340421','凤台县','340400'),('1053',2,'2018-05-23','2018-05-23','340501','市辖区','340500'),('1054',2,'2018-05-23','2018-05-23','340502','金家庄区','340500'),('1055',2,'2018-05-23','2018-05-23','340503','花山区','340500'),('1056',2,'2018-05-23','2018-05-23','340504','雨山区','340500'),('1057',2,'2018-05-23','2018-05-23','340521','当涂县','340500'),('1058',2,'2018-05-23','2018-05-23','340601','市辖区','340600'),('1059',2,'2018-05-23','2018-05-23','340602','杜集区','340600'),('106',2,'2018-05-23','2018-05-23','130503','桥西区','130500'),('1060',2,'2018-05-23','2018-05-23','340603','相山区','340600'),('1061',2,'2018-05-23','2018-05-23','340604','烈山区','340600'),('1062',2,'2018-05-23','2018-05-23','340621','濉溪县','340600'),('1063',2,'2018-05-23','2018-05-23','340701','市辖区','340700'),('1064',2,'2018-05-23','2018-05-23','340702','铜官山区','340700'),('1065',2,'2018-05-23','2018-05-23','340703','狮子山区','340700'),('1066',2,'2018-05-23','2018-05-23','340711','郊　区','340700'),('1067',2,'2018-05-23','2018-05-23','340721','铜陵县','340700'),('1068',2,'2018-05-23','2018-05-23','340801','市辖区','340800'),('1069',2,'2018-05-23','2018-05-23','340802','迎江区','340800'),('107',2,'2018-05-23','2018-05-23','130521','邢台县','130500'),('1070',2,'2018-05-23','2018-05-23','340803','大观区','340800'),('1071',2,'2018-05-23','2018-05-23','340811','郊　区','340800'),('1072',2,'2018-05-23','2018-05-23','340822','怀宁县','340800'),('1073',2,'2018-05-23','2018-05-23','340823','枞阳县','340800'),('1074',2,'2018-05-23','2018-05-23','340824','潜山县','340800'),('1075',2,'2018-05-23','2018-05-23','340825','太湖县','340800'),('1076',2,'2018-05-23','2018-05-23','340826','宿松县','340800'),('1077',2,'2018-05-23','2018-05-23','340827','望江县','340800'),('1078',2,'2018-05-23','2018-05-23','340828','岳西县','340800'),('1079',2,'2018-05-23','2018-05-23','340881','桐城市','340800'),('108',2,'2018-05-23','2018-05-23','130522','临城县','130500'),('1080',2,'2018-05-23','2018-05-23','341001','市辖区','341000'),('1081',2,'2018-05-23','2018-05-23','341002','屯溪区','341000'),('1082',2,'2018-05-23','2018-05-23','341003','黄山区','341000'),('1083',2,'2018-05-23','2018-05-23','341004','徽州区','341000'),('1084',2,'2018-05-23','2018-05-23','341021','歙　县','341000'),('1085',2,'2018-05-23','2018-05-23','341022','休宁县','341000'),('1086',2,'2018-05-23','2018-05-23','341023','黟　县','341000'),('1087',2,'2018-05-23','2018-05-23','341024','祁门县','341000'),('1088',2,'2018-05-23','2018-05-23','341101','市辖区','341100'),('1089',2,'2018-05-23','2018-05-23','341102','琅琊区','341100'),('109',2,'2018-05-23','2018-05-23','130523','内丘县','130500'),('1090',2,'2018-05-23','2018-05-23','341103','南谯区','341100'),('1091',2,'2018-05-23','2018-05-23','341122','来安县','341100'),('1092',2,'2018-05-23','2018-05-23','341124','全椒县','341100'),('1093',2,'2018-05-23','2018-05-23','341125','定远县','341100'),('1094',2,'2018-05-23','2018-05-23','341126','凤阳县','341100'),('1095',2,'2018-05-23','2018-05-23','341181','天长市','341100'),('1096',2,'2018-05-23','2018-05-23','341182','明光市','341100'),('1097',2,'2018-05-23','2018-05-23','341201','市辖区','341200'),('1098',2,'2018-05-23','2018-05-23','341202','颍州区','341200'),('1099',2,'2018-05-23','2018-05-23','341203','颍东区','341200'),('11',2,'2018-05-23','2018-05-23','110112','通州区','110100'),('110',2,'2018-05-23','2018-05-23','130524','柏乡县','130500'),('1100',2,'2018-05-23','2018-05-23','341204','颍泉区','341200'),('1101',2,'2018-05-23','2018-05-23','341221','临泉县','341200'),('1102',2,'2018-05-23','2018-05-23','341222','太和县','341200'),('1103',2,'2018-05-23','2018-05-23','341225','阜南县','341200'),('1104',2,'2018-05-23','2018-05-23','341226','颍上县','341200'),('1105',2,'2018-05-23','2018-05-23','341282','界首市','341200'),('1106',2,'2018-05-23','2018-05-23','341301','市辖区','341300'),('1107',2,'2018-05-23','2018-05-23','341302','墉桥区','341300'),('1108',2,'2018-05-23','2018-05-23','341321','砀山县','341300'),('1109',2,'2018-05-23','2018-05-23','341322','萧　县','341300'),('111',2,'2018-05-23','2018-05-23','130525','隆尧县','130500'),('1110',2,'2018-05-23','2018-05-23','341323','灵璧县','341300'),('1111',2,'2018-05-23','2018-05-23','341324','泗　县','341300'),('1112',2,'2018-05-23','2018-05-23','341401','市辖区','341400'),('1113',2,'2018-05-23','2018-05-23','341402','居巢区','341400'),('1114',2,'2018-05-23','2018-05-23','341421','庐江县','341400'),('1115',2,'2018-05-23','2018-05-23','341422','无为县','341400'),('1116',2,'2018-05-23','2018-05-23','341423','含山县','341400'),('1117',2,'2018-05-23','2018-05-23','341424','和　县','341400'),('1118',2,'2018-05-23','2018-05-23','341501','市辖区','341500'),('1119',2,'2018-05-23','2018-05-23','341502','金安区','341500'),('112',2,'2018-05-23','2018-05-23','130526','任　县','130500'),('1120',2,'2018-05-23','2018-05-23','341503','裕安区','341500'),('1121',2,'2018-05-23','2018-05-23','341521','寿　县','341500'),('1122',2,'2018-05-23','2018-05-23','341522','霍邱县','341500'),('1123',2,'2018-05-23','2018-05-23','341523','舒城县','341500'),('1124',2,'2018-05-23','2018-05-23','341524','金寨县','341500'),('1125',2,'2018-05-23','2018-05-23','341525','霍山县','341500'),('1126',2,'2018-05-23','2018-05-23','341601','市辖区','341600'),('1127',2,'2018-05-23','2018-05-23','341602','谯城区','341600'),('1128',2,'2018-05-23','2018-05-23','341621','涡阳县','341600'),('1129',2,'2018-05-23','2018-05-23','341622','蒙城县','341600'),('113',2,'2018-05-23','2018-05-23','130527','南和县','130500'),('1130',2,'2018-05-23','2018-05-23','341623','利辛县','341600'),('1131',2,'2018-05-23','2018-05-23','341701','市辖区','341700'),('1132',2,'2018-05-23','2018-05-23','341702','贵池区','341700'),('1133',2,'2018-05-23','2018-05-23','341721','东至县','341700'),('1134',2,'2018-05-23','2018-05-23','341722','石台县','341700'),('1135',2,'2018-05-23','2018-05-23','341723','青阳县','341700'),('1136',2,'2018-05-23','2018-05-23','341801','市辖区','341800'),('1137',2,'2018-05-23','2018-05-23','341802','宣州区','341800'),('1138',2,'2018-05-23','2018-05-23','341821','郎溪县','341800'),('1139',2,'2018-05-23','2018-05-23','341822','广德县','341800'),('114',2,'2018-05-23','2018-05-23','130528','宁晋县','130500'),('1140',2,'2018-05-23','2018-05-23','341823','泾　县','341800'),('1141',2,'2018-05-23','2018-05-23','341824','绩溪县','341800'),('1142',2,'2018-05-23','2018-05-23','341825','旌德县','341800'),('1143',2,'2018-05-23','2018-05-23','341881','宁国市','341800'),('1144',2,'2018-05-23','2018-05-23','350101','市辖区','350100'),('1145',2,'2018-05-23','2018-05-23','350102','鼓楼区','350100'),('1146',2,'2018-05-23','2018-05-23','350103','台江区','350100'),('1147',2,'2018-05-23','2018-05-23','350104','仓山区','350100'),('1148',2,'2018-05-23','2018-05-23','350105','马尾区','350100'),('1149',2,'2018-05-23','2018-05-23','350111','晋安区','350100'),('115',2,'2018-05-23','2018-05-23','130529','巨鹿县','130500'),('1150',2,'2018-05-23','2018-05-23','350121','闽侯县','350100'),('1151',2,'2018-05-23','2018-05-23','350122','连江县','350100'),('1152',2,'2018-05-23','2018-05-23','350123','罗源县','350100'),('1153',2,'2018-05-23','2018-05-23','350124','闽清县','350100'),('1154',2,'2018-05-23','2018-05-23','350125','永泰县','350100'),('1155',2,'2018-05-23','2018-05-23','350128','平潭县','350100'),('1156',2,'2018-05-23','2018-05-23','350181','福清市','350100'),('1157',2,'2018-05-23','2018-05-23','350182','长乐市','350100'),('1158',2,'2018-05-23','2018-05-23','350201','市辖区','350200'),('1159',2,'2018-05-23','2018-05-23','350203','思明区','350200'),('116',2,'2018-05-23','2018-05-23','130530','新河县','130500'),('1160',2,'2018-05-23','2018-05-23','350205','海沧区','350200'),('1161',2,'2018-05-23','2018-05-23','350206','湖里区','350200'),('1162',2,'2018-05-23','2018-05-23','350211','集美区','350200'),('1163',2,'2018-05-23','2018-05-23','350212','同安区','350200'),('1164',2,'2018-05-23','2018-05-23','350213','翔安区','350200'),('1165',2,'2018-05-23','2018-05-23','350301','市辖区','350300'),('1166',2,'2018-05-23','2018-05-23','350302','城厢区','350300'),('1167',2,'2018-05-23','2018-05-23','350303','涵江区','350300'),('1168',2,'2018-05-23','2018-05-23','350304','荔城区','350300'),('1169',2,'2018-05-23','2018-05-23','350305','秀屿区','350300'),('117',2,'2018-05-23','2018-05-23','130531','广宗县','130500'),('1170',2,'2018-05-23','2018-05-23','350322','仙游县','350300'),('1171',2,'2018-05-23','2018-05-23','350401','市辖区','350400'),('1172',2,'2018-05-23','2018-05-23','350402','梅列区','350400'),('1173',2,'2018-05-23','2018-05-23','350403','三元区','350400'),('1174',2,'2018-05-23','2018-05-23','350421','明溪县','350400'),('1175',2,'2018-05-23','2018-05-23','350423','清流县','350400'),('1176',2,'2018-05-23','2018-05-23','350424','宁化县','350400'),('1177',2,'2018-05-23','2018-05-23','350425','大田县','350400'),('1178',2,'2018-05-23','2018-05-23','350426','尤溪县','350400'),('1179',2,'2018-05-23','2018-05-23','350427','沙　县','350400'),('118',2,'2018-05-23','2018-05-23','130532','平乡县','130500'),('1180',2,'2018-05-23','2018-05-23','350428','将乐县','350400'),('1181',2,'2018-05-23','2018-05-23','350429','泰宁县','350400'),('1182',2,'2018-05-23','2018-05-23','350430','建宁县','350400'),('1183',2,'2018-05-23','2018-05-23','350481','永安市','350400'),('1184',2,'2018-05-23','2018-05-23','350501','市辖区','350500'),('1185',2,'2018-05-23','2018-05-23','350502','鲤城区','350500'),('1186',2,'2018-05-23','2018-05-23','350503','丰泽区','350500'),('1187',2,'2018-05-23','2018-05-23','350504','洛江区','350500'),('1188',2,'2018-05-23','2018-05-23','350505','泉港区','350500'),('1189',2,'2018-05-23','2018-05-23','350521','惠安县','350500'),('119',2,'2018-05-23','2018-05-23','130533','威　县','130500'),('1190',2,'2018-05-23','2018-05-23','350524','安溪县','350500'),('1191',2,'2018-05-23','2018-05-23','350525','永春县','350500'),('1192',2,'2018-05-23','2018-05-23','350526','德化县','350500'),('1193',2,'2018-05-23','2018-05-23','350527','金门县','350500'),('1194',2,'2018-05-23','2018-05-23','350581','石狮市','350500'),('1195',2,'2018-05-23','2018-05-23','350582','晋江市','350500'),('1196',2,'2018-05-23','2018-05-23','350583','南安市','350500'),('1197',2,'2018-05-23','2018-05-23','350601','市辖区','350600'),('1198',2,'2018-05-23','2018-05-23','350602','芗城区','350600'),('1199',2,'2018-05-23','2018-05-23','350603','龙文区','350600'),('12',2,'2018-05-23','2018-05-23','110113','顺义区','110100'),('120',2,'2018-05-23','2018-05-23','130534','清河县','130500'),('1200',2,'2018-05-23','2018-05-23','350622','云霄县','350600'),('1201',2,'2018-05-23','2018-05-23','350623','漳浦县','350600'),('1202',2,'2018-05-23','2018-05-23','350624','诏安县','350600'),('1203',2,'2018-05-23','2018-05-23','350625','长泰县','350600'),('1204',2,'2018-05-23','2018-05-23','350626','东山县','350600'),('1205',2,'2018-05-23','2018-05-23','350627','南靖县','350600'),('1206',2,'2018-05-23','2018-05-23','350628','平和县','350600'),('1207',2,'2018-05-23','2018-05-23','350629','华安县','350600'),('1208',2,'2018-05-23','2018-05-23','350681','龙海市','350600'),('1209',2,'2018-05-23','2018-05-23','350701','市辖区','350700'),('121',2,'2018-05-23','2018-05-23','130535','临西县','130500'),('1210',2,'2018-05-23','2018-05-23','350702','延平区','350700'),('1211',2,'2018-05-23','2018-05-23','350721','顺昌县','350700'),('1212',2,'2018-05-23','2018-05-23','350722','浦城县','350700'),('1213',2,'2018-05-23','2018-05-23','350723','光泽县','350700'),('1214',2,'2018-05-23','2018-05-23','350724','松溪县','350700'),('1215',2,'2018-05-23','2018-05-23','350725','政和县','350700'),('1216',2,'2018-05-23','2018-05-23','350781','邵武市','350700'),('1217',2,'2018-05-23','2018-05-23','350782','武夷山市','350700'),('1218',2,'2018-05-23','2018-05-23','350783','建瓯市','350700'),('1219',2,'2018-05-23','2018-05-23','350784','建阳市','350700'),('122',2,'2018-05-23','2018-05-23','130581','南宫市','130500'),('1220',2,'2018-05-23','2018-05-23','350801','市辖区','350800'),('1221',2,'2018-05-23','2018-05-23','350802','新罗区','350800'),('1222',2,'2018-05-23','2018-05-23','350821','长汀县','350800'),('1223',2,'2018-05-23','2018-05-23','350822','永定县','350800'),('1224',2,'2018-05-23','2018-05-23','350823','上杭县','350800'),('1225',2,'2018-05-23','2018-05-23','350824','武平县','350800'),('1226',2,'2018-05-23','2018-05-23','350825','连城县','350800'),('1227',2,'2018-05-23','2018-05-23','350881','漳平市','350800'),('1228',2,'2018-05-23','2018-05-23','350901','市辖区','350900'),('1229',2,'2018-05-23','2018-05-23','350902','蕉城区','350900'),('123',2,'2018-05-23','2018-05-23','130582','沙河市','130500'),('1230',2,'2018-05-23','2018-05-23','350921','霞浦县','350900'),('1231',2,'2018-05-23','2018-05-23','350922','古田县','350900'),('1232',2,'2018-05-23','2018-05-23','350923','屏南县','350900'),('1233',2,'2018-05-23','2018-05-23','350924','寿宁县','350900'),('1234',2,'2018-05-23','2018-05-23','350925','周宁县','350900'),('1235',2,'2018-05-23','2018-05-23','350926','柘荣县','350900'),('1236',2,'2018-05-23','2018-05-23','350981','福安市','350900'),('1237',2,'2018-05-23','2018-05-23','350982','福鼎市','350900'),('1238',2,'2018-05-23','2018-05-23','360101','市辖区','360100'),('1239',2,'2018-05-23','2018-05-23','360102','东湖区','360100'),('124',2,'2018-05-23','2018-05-23','130601','市辖区','130600'),('1240',2,'2018-05-23','2018-05-23','360103','西湖区','360100'),('1241',2,'2018-05-23','2018-05-23','360104','青云谱区','360100'),('1242',2,'2018-05-23','2018-05-23','360105','湾里区','360100'),('1243',2,'2018-05-23','2018-05-23','360111','青山湖区','360100'),('1244',2,'2018-05-23','2018-05-23','360121','南昌县','360100'),('1245',2,'2018-05-23','2018-05-23','360122','新建县','360100'),('1246',2,'2018-05-23','2018-05-23','360123','安义县','360100'),('1247',2,'2018-05-23','2018-05-23','360124','进贤县','360100'),('1248',2,'2018-05-23','2018-05-23','360201','市辖区','360200'),('1249',2,'2018-05-23','2018-05-23','360202','昌江区','360200'),('125',2,'2018-05-23','2018-05-23','130602','新市区','130600'),('1250',2,'2018-05-23','2018-05-23','360203','珠山区','360200'),('1251',2,'2018-05-23','2018-05-23','360222','浮梁县','360200'),('1252',2,'2018-05-23','2018-05-23','360281','乐平市','360200'),('1253',2,'2018-05-23','2018-05-23','360301','市辖区','360300'),('1254',2,'2018-05-23','2018-05-23','360302','安源区','360300'),('1255',2,'2018-05-23','2018-05-23','360313','湘东区','360300'),('1256',2,'2018-05-23','2018-05-23','360321','莲花县','360300'),('1257',2,'2018-05-23','2018-05-23','360322','上栗县','360300'),('1258',2,'2018-05-23','2018-05-23','360323','芦溪县','360300'),('1259',2,'2018-05-23','2018-05-23','360401','市辖区','360400'),('126',2,'2018-05-23','2018-05-23','130603','北市区','130600'),('1260',2,'2018-05-23','2018-05-23','360402','庐山区','360400'),('1261',2,'2018-05-23','2018-05-23','360403','浔阳区','360400'),('1262',2,'2018-05-23','2018-05-23','360421','九江县','360400'),('1263',2,'2018-05-23','2018-05-23','360423','武宁县','360400'),('1264',2,'2018-05-23','2018-05-23','360424','修水县','360400'),('1265',2,'2018-05-23','2018-05-23','360425','永修县','360400'),('1266',2,'2018-05-23','2018-05-23','360426','德安县','360400'),('1267',2,'2018-05-23','2018-05-23','360427','星子县','360400'),('1268',2,'2018-05-23','2018-05-23','360428','都昌县','360400'),('1269',2,'2018-05-23','2018-05-23','360429','湖口县','360400'),('127',2,'2018-05-23','2018-05-23','130604','南市区','130600'),('1270',2,'2018-05-23','2018-05-23','360430','彭泽县','360400'),('1271',2,'2018-05-23','2018-05-23','360481','瑞昌市','360400'),('1272',2,'2018-05-23','2018-05-23','360501','市辖区','360500'),('1273',2,'2018-05-23','2018-05-23','360502','渝水区','360500'),('1274',2,'2018-05-23','2018-05-23','360521','分宜县','360500'),('1275',2,'2018-05-23','2018-05-23','360601','市辖区','360600'),('1276',2,'2018-05-23','2018-05-23','360602','月湖区','360600'),('1277',2,'2018-05-23','2018-05-23','360622','余江县','360600'),('1278',2,'2018-05-23','2018-05-23','360681','贵溪市','360600'),('1279',2,'2018-05-23','2018-05-23','360701','市辖区','360700'),('128',2,'2018-05-23','2018-05-23','130621','满城县','130600'),('1280',2,'2018-05-23','2018-05-23','360702','章贡区','360700'),('1281',2,'2018-05-23','2018-05-23','360721','赣　县','360700'),('1282',2,'2018-05-23','2018-05-23','360722','信丰县','360700'),('1283',2,'2018-05-23','2018-05-23','360723','大余县','360700'),('1284',2,'2018-05-23','2018-05-23','360724','上犹县','360700'),('1285',2,'2018-05-23','2018-05-23','360725','崇义县','360700'),('1286',2,'2018-05-23','2018-05-23','360726','安远县','360700'),('1287',2,'2018-05-23','2018-05-23','360727','龙南县','360700'),('1288',2,'2018-05-23','2018-05-23','360728','定南县','360700'),('1289',2,'2018-05-23','2018-05-23','360729','全南县','360700'),('129',2,'2018-05-23','2018-05-23','130622','清苑县','130600'),('1290',2,'2018-05-23','2018-05-23','360730','宁都县','360700'),('1291',2,'2018-05-23','2018-05-23','360731','于都县','360700'),('1292',2,'2018-05-23','2018-05-23','360732','兴国县','360700'),('1293',2,'2018-05-23','2018-05-23','360733','会昌县','360700'),('1294',2,'2018-05-23','2018-05-23','360734','寻乌县','360700'),('1295',2,'2018-05-23','2018-05-23','360735','石城县','360700'),('1296',2,'2018-05-23','2018-05-23','360781','瑞金市','360700'),('1297',2,'2018-05-23','2018-05-23','360782','南康市','360700'),('1298',2,'2018-05-23','2018-05-23','360801','市辖区','360800'),('1299',2,'2018-05-23','2018-05-23','360802','吉州区','360800'),('13',2,'2018-05-23','2018-05-23','110114','昌平区','110100'),('130',2,'2018-05-23','2018-05-23','130623','涞水县','130600'),('1300',2,'2018-05-23','2018-05-23','360803','青原区','360800'),('1301',2,'2018-05-23','2018-05-23','360821','吉安县','360800'),('1302',2,'2018-05-23','2018-05-23','360822','吉水县','360800'),('1303',2,'2018-05-23','2018-05-23','360823','峡江县','360800'),('1304',2,'2018-05-23','2018-05-23','360824','新干县','360800'),('1305',2,'2018-05-23','2018-05-23','360825','永丰县','360800'),('1306',2,'2018-05-23','2018-05-23','360826','泰和县','360800'),('1307',2,'2018-05-23','2018-05-23','360827','遂川县','360800'),('1308',2,'2018-05-23','2018-05-23','360828','万安县','360800'),('1309',2,'2018-05-23','2018-05-23','360829','安福县','360800'),('131',2,'2018-05-23','2018-05-23','130624','阜平县','130600'),('1310',2,'2018-05-23','2018-05-23','360830','永新县','360800'),('1311',2,'2018-05-23','2018-05-23','360881','井冈山市','360800'),('1312',2,'2018-05-23','2018-05-23','360901','市辖区','360900'),('1313',2,'2018-05-23','2018-05-23','360902','袁州区','360900'),('1314',2,'2018-05-23','2018-05-23','360921','奉新县','360900'),('1315',2,'2018-05-23','2018-05-23','360922','万载县','360900'),('1316',2,'2018-05-23','2018-05-23','360923','上高县','360900'),('1317',2,'2018-05-23','2018-05-23','360924','宜丰县','360900'),('1318',2,'2018-05-23','2018-05-23','360925','靖安县','360900'),('1319',2,'2018-05-23','2018-05-23','360926','铜鼓县','360900'),('132',2,'2018-05-23','2018-05-23','130625','徐水县','130600'),('1320',2,'2018-05-23','2018-05-23','360981','丰城市','360900'),('1321',2,'2018-05-23','2018-05-23','360982','樟树市','360900'),('1322',2,'2018-05-23','2018-05-23','360983','高安市','360900'),('1323',2,'2018-05-23','2018-05-23','361001','市辖区','361000'),('1324',2,'2018-05-23','2018-05-23','361002','临川区','361000'),('1325',2,'2018-05-23','2018-05-23','361021','南城县','361000'),('1326',2,'2018-05-23','2018-05-23','361022','黎川县','361000'),('1327',2,'2018-05-23','2018-05-23','361023','南丰县','361000'),('1328',2,'2018-05-23','2018-05-23','361024','崇仁县','361000'),('1329',2,'2018-05-23','2018-05-23','361025','乐安县','361000'),('133',2,'2018-05-23','2018-05-23','130626','定兴县','130600'),('1330',2,'2018-05-23','2018-05-23','361026','宜黄县','361000'),('1331',2,'2018-05-23','2018-05-23','361027','金溪县','361000'),('1332',2,'2018-05-23','2018-05-23','361028','资溪县','361000'),('1333',2,'2018-05-23','2018-05-23','361029','东乡县','361000'),('1334',2,'2018-05-23','2018-05-23','361030','广昌县','361000'),('1335',2,'2018-05-23','2018-05-23','361101','市辖区','361100'),('1336',2,'2018-05-23','2018-05-23','361102','信州区','361100'),('1337',2,'2018-05-23','2018-05-23','361121','上饶县','361100'),('1338',2,'2018-05-23','2018-05-23','361122','广丰县','361100'),('1339',2,'2018-05-23','2018-05-23','361123','玉山县','361100'),('134',2,'2018-05-23','2018-05-23','130627','唐　县','130600'),('1340',2,'2018-05-23','2018-05-23','361124','铅山县','361100'),('1341',2,'2018-05-23','2018-05-23','361125','横峰县','361100'),('1342',2,'2018-05-23','2018-05-23','361126','弋阳县','361100'),('1343',2,'2018-05-23','2018-05-23','361127','余干县','361100'),('1344',2,'2018-05-23','2018-05-23','361128','鄱阳县','361100'),('1345',2,'2018-05-23','2018-05-23','361129','万年县','361100'),('1346',2,'2018-05-23','2018-05-23','361130','婺源县','361100'),('1347',2,'2018-05-23','2018-05-23','361181','德兴市','361100'),('1348',2,'2018-05-23','2018-05-23','370101','市辖区','370100'),('1349',2,'2018-05-23','2018-05-23','370102','历下区','370100'),('135',2,'2018-05-23','2018-05-23','130628','高阳县','130600'),('1350',2,'2018-05-23','2018-05-23','370103','市中区','370100'),('1351',2,'2018-05-23','2018-05-23','370104','槐荫区','370100'),('1352',2,'2018-05-23','2018-05-23','370105','天桥区','370100'),('1353',2,'2018-05-23','2018-05-23','370112','历城区','370100'),('1354',2,'2018-05-23','2018-05-23','370113','长清区','370100'),('1355',2,'2018-05-23','2018-05-23','370124','平阴县','370100'),('1356',2,'2018-05-23','2018-05-23','370125','济阳县','370100'),('1357',2,'2018-05-23','2018-05-23','370126','商河县','370100'),('1358',2,'2018-05-23','2018-05-23','370181','章丘市','370100'),('1359',2,'2018-05-23','2018-05-23','370201','市辖区','370200'),('136',2,'2018-05-23','2018-05-23','130629','容城县','130600'),('1360',2,'2018-05-23','2018-05-23','370202','市南区','370200'),('1361',2,'2018-05-23','2018-05-23','370203','市北区','370200'),('1362',2,'2018-05-23','2018-05-23','370205','四方区','370200'),('1363',2,'2018-05-23','2018-05-23','370211','黄岛区','370200'),('1364',2,'2018-05-23','2018-05-23','370212','崂山区','370200'),('1365',2,'2018-05-23','2018-05-23','370213','李沧区','370200'),('1366',2,'2018-05-23','2018-05-23','370214','城阳区','370200'),('1367',2,'2018-05-23','2018-05-23','370281','胶州市','370200'),('1368',2,'2018-05-23','2018-05-23','370282','即墨市','370200'),('1369',2,'2018-05-23','2018-05-23','370283','平度市','370200'),('137',2,'2018-05-23','2018-05-23','130630','涞源县','130600'),('1370',2,'2018-05-23','2018-05-23','370284','胶南市','370200'),('1371',2,'2018-05-23','2018-05-23','370285','莱西市','370200'),('1372',2,'2018-05-23','2018-05-23','370301','市辖区','370300'),('1373',2,'2018-05-23','2018-05-23','370302','淄川区','370300'),('1374',2,'2018-05-23','2018-05-23','370303','张店区','370300'),('1375',2,'2018-05-23','2018-05-23','370304','博山区','370300'),('1376',2,'2018-05-23','2018-05-23','370305','临淄区','370300'),('1377',2,'2018-05-23','2018-05-23','370306','周村区','370300'),('1378',2,'2018-05-23','2018-05-23','370321','桓台县','370300'),('1379',2,'2018-05-23','2018-05-23','370322','高青县','370300'),('138',2,'2018-05-23','2018-05-23','130631','望都县','130600'),('1380',2,'2018-05-23','2018-05-23','370323','沂源县','370300'),('1381',2,'2018-05-23','2018-05-23','370401','市辖区','370400'),('1382',2,'2018-05-23','2018-05-23','370402','市中区','370400'),('1383',2,'2018-05-23','2018-05-23','370403','薛城区','370400'),('1384',2,'2018-05-23','2018-05-23','370404','峄城区','370400'),('1385',2,'2018-05-23','2018-05-23','370405','台儿庄区','370400'),('1386',2,'2018-05-23','2018-05-23','370406','山亭区','370400'),('1387',2,'2018-05-23','2018-05-23','370481','滕州市','370400'),('1388',2,'2018-05-23','2018-05-23','370501','市辖区','370500'),('1389',2,'2018-05-23','2018-05-23','370502','东营区','370500'),('139',2,'2018-05-23','2018-05-23','130632','安新县','130600'),('1390',2,'2018-05-23','2018-05-23','370503','河口区','370500'),('1391',2,'2018-05-23','2018-05-23','370521','垦利县','370500'),('1392',2,'2018-05-23','2018-05-23','370522','利津县','370500'),('1393',2,'2018-05-23','2018-05-23','370523','广饶县','370500'),('1394',2,'2018-05-23','2018-05-23','370601','市辖区','370600'),('1395',2,'2018-05-23','2018-05-23','370602','芝罘区','370600'),('1396',2,'2018-05-23','2018-05-23','370611','福山区','370600'),('1397',2,'2018-05-23','2018-05-23','370612','牟平区','370600'),('1398',2,'2018-05-23','2018-05-23','370613','莱山区','370600'),('1399',2,'2018-05-23','2018-05-23','370634','长岛县','370600'),('14',2,'2018-05-23','2018-05-23','110115','大兴区','110100'),('140',2,'2018-05-23','2018-05-23','130633','易　县','130600'),('1400',2,'2018-05-23','2018-05-23','370681','龙口市','370600'),('1401',2,'2018-05-23','2018-05-23','370682','莱阳市','370600'),('1402',2,'2018-05-23','2018-05-23','370683','莱州市','370600'),('1403',2,'2018-05-23','2018-05-23','370684','蓬莱市','370600'),('1404',2,'2018-05-23','2018-05-23','370685','招远市','370600'),('1405',2,'2018-05-23','2018-05-23','370686','栖霞市','370600'),('1406',2,'2018-05-23','2018-05-23','370687','海阳市','370600'),('1407',2,'2018-05-23','2018-05-23','370701','市辖区','370700'),('1408',2,'2018-05-23','2018-05-23','370702','潍城区','370700'),('1409',2,'2018-05-23','2018-05-23','370703','寒亭区','370700'),('141',2,'2018-05-23','2018-05-23','130634','曲阳县','130600'),('1410',2,'2018-05-23','2018-05-23','370704','坊子区','370700'),('1411',2,'2018-05-23','2018-05-23','370705','奎文区','370700'),('1412',2,'2018-05-23','2018-05-23','370724','临朐县','370700'),('1413',2,'2018-05-23','2018-05-23','370725','昌乐县','370700'),('1414',2,'2018-05-23','2018-05-23','370781','青州市','370700'),('1415',2,'2018-05-23','2018-05-23','370782','诸城市','370700'),('1416',2,'2018-05-23','2018-05-23','370783','寿光市','370700'),('1417',2,'2018-05-23','2018-05-23','370784','安丘市','370700'),('1418',2,'2018-05-23','2018-05-23','370785','高密市','370700'),('1419',2,'2018-05-23','2018-05-23','370786','昌邑市','370700'),('142',2,'2018-05-23','2018-05-23','130635','蠡　县','130600'),('1420',2,'2018-05-23','2018-05-23','370801','市辖区','370800'),('1421',2,'2018-05-23','2018-05-23','370802','市中区','370800'),('1422',2,'2018-05-23','2018-05-23','370811','任城区','370800'),('1423',2,'2018-05-23','2018-05-23','370826','微山县','370800'),('1424',2,'2018-05-23','2018-05-23','370827','鱼台县','370800'),('1425',2,'2018-05-23','2018-05-23','370828','金乡县','370800'),('1426',2,'2018-05-23','2018-05-23','370829','嘉祥县','370800'),('1427',2,'2018-05-23','2018-05-23','370830','汶上县','370800'),('1428',2,'2018-05-23','2018-05-23','370831','泗水县','370800'),('1429',2,'2018-05-23','2018-05-23','370832','梁山县','370800'),('143',2,'2018-05-23','2018-05-23','130636','顺平县','130600'),('1430',2,'2018-05-23','2018-05-23','370881','曲阜市','370800'),('1431',2,'2018-05-23','2018-05-23','370882','兖州市','370800'),('1432',2,'2018-05-23','2018-05-23','370883','邹城市','370800'),('1433',2,'2018-05-23','2018-05-23','370901','市辖区','370900'),('1434',2,'2018-05-23','2018-05-23','370902','泰山区','370900'),('1435',2,'2018-05-23','2018-05-23','370903','岱岳区','370900'),('1436',2,'2018-05-23','2018-05-23','370921','宁阳县','370900'),('1437',2,'2018-05-23','2018-05-23','370923','东平县','370900'),('1438',2,'2018-05-23','2018-05-23','370982','新泰市','370900'),('1439',2,'2018-05-23','2018-05-23','370983','肥城市','370900'),('144',2,'2018-05-23','2018-05-23','130637','博野县','130600'),('1440',2,'2018-05-23','2018-05-23','371001','市辖区','371000'),('1441',2,'2018-05-23','2018-05-23','371002','环翠区','371000'),('1442',2,'2018-05-23','2018-05-23','371081','文登市','371000'),('1443',2,'2018-05-23','2018-05-23','371082','荣成市','371000'),('1444',2,'2018-05-23','2018-05-23','371083','乳山市','371000'),('1445',2,'2018-05-23','2018-05-23','371101','市辖区','371100'),('1446',2,'2018-05-23','2018-05-23','371102','东港区','371100'),('1447',2,'2018-05-23','2018-05-23','371103','岚山区','371100'),('1448',2,'2018-05-23','2018-05-23','371121','五莲县','371100'),('1449',2,'2018-05-23','2018-05-23','371122','莒　县','371100'),('145',2,'2018-05-23','2018-05-23','130638','雄　县','130600'),('1450',2,'2018-05-23','2018-05-23','371201','市辖区','371200'),('1451',2,'2018-05-23','2018-05-23','371202','莱城区','371200'),('1452',2,'2018-05-23','2018-05-23','371203','钢城区','371200'),('1453',2,'2018-05-23','2018-05-23','371301','市辖区','371300'),('1454',2,'2018-05-23','2018-05-23','371302','兰山区','371300'),('1455',2,'2018-05-23','2018-05-23','371311','罗庄区','371300'),('1456',2,'2018-05-23','2018-05-23','371312','河东区','371300'),('1457',2,'2018-05-23','2018-05-23','371321','沂南县','371300'),('1458',2,'2018-05-23','2018-05-23','371322','郯城县','371300'),('1459',2,'2018-05-23','2018-05-23','371323','沂水县','371300'),('146',2,'2018-05-23','2018-05-23','130681','涿州市','130600'),('1460',2,'2018-05-23','2018-05-23','371324','苍山县','371300'),('1461',2,'2018-05-23','2018-05-23','371325','费　县','371300'),('1462',2,'2018-05-23','2018-05-23','371326','平邑县','371300'),('1463',2,'2018-05-23','2018-05-23','371327','莒南县','371300'),('1464',2,'2018-05-23','2018-05-23','371328','蒙阴县','371300'),('1465',2,'2018-05-23','2018-05-23','371329','临沭县','371300'),('1466',2,'2018-05-23','2018-05-23','371401','市辖区','371400'),('1467',2,'2018-05-23','2018-05-23','371402','德城区','371400'),('1468',2,'2018-05-23','2018-05-23','371421','陵　县','371400'),('1469',2,'2018-05-23','2018-05-23','371422','宁津县','371400'),('147',2,'2018-05-23','2018-05-23','130682','定州市','130600'),('1470',2,'2018-05-23','2018-05-23','371423','庆云县','371400'),('1471',2,'2018-05-23','2018-05-23','371424','临邑县','371400'),('1472',2,'2018-05-23','2018-05-23','371425','齐河县','371400'),('1473',2,'2018-05-23','2018-05-23','371426','平原县','371400'),('1474',2,'2018-05-23','2018-05-23','371427','夏津县','371400'),('1475',2,'2018-05-23','2018-05-23','371428','武城县','371400'),('1476',2,'2018-05-23','2018-05-23','371481','乐陵市','371400'),('1477',2,'2018-05-23','2018-05-23','371482','禹城市','371400'),('1478',2,'2018-05-23','2018-05-23','371501','市辖区','371500'),('1479',2,'2018-05-23','2018-05-23','371502','东昌府区','371500'),('148',2,'2018-05-23','2018-05-23','130683','安国市','130600'),('1480',2,'2018-05-23','2018-05-23','371521','阳谷县','371500'),('1481',2,'2018-05-23','2018-05-23','371522','莘　县','371500'),('1482',2,'2018-05-23','2018-05-23','371523','茌平县','371500'),('1483',2,'2018-05-23','2018-05-23','371524','东阿县','371500'),('1484',2,'2018-05-23','2018-05-23','371525','冠　县','371500'),('1485',2,'2018-05-23','2018-05-23','371526','高唐县','371500'),('1486',2,'2018-05-23','2018-05-23','371581','临清市','371500'),('1487',2,'2018-05-23','2018-05-23','371601','市辖区','371600'),('1488',2,'2018-05-23','2018-05-23','371602','滨城区','371600'),('1489',2,'2018-05-23','2018-05-23','371621','惠民县','371600'),('149',2,'2018-05-23','2018-05-23','130684','高碑店市','130600'),('1490',2,'2018-05-23','2018-05-23','371622','阳信县','371600'),('1491',2,'2018-05-23','2018-05-23','371623','无棣县','371600'),('1492',2,'2018-05-23','2018-05-23','371624','沾化县','371600'),('1493',2,'2018-05-23','2018-05-23','371625','博兴县','371600'),('1494',2,'2018-05-23','2018-05-23','371626','邹平县','371600'),('1495',2,'2018-05-23','2018-05-23','371701','市辖区','371700'),('1496',2,'2018-05-23','2018-05-23','371702','牡丹区','371700'),('1497',2,'2018-05-23','2018-05-23','371721','曹　县','371700'),('1498',2,'2018-05-23','2018-05-23','371722','单　县','371700'),('1499',2,'2018-05-23','2018-05-23','371723','成武县','371700'),('15',2,'2018-05-23','2018-05-23','110116','怀柔区','110100'),('150',2,'2018-05-23','2018-05-23','130701','市辖区','130700'),('1500',2,'2018-05-23','2018-05-23','371724','巨野县','371700'),('1501',2,'2018-05-23','2018-05-23','371725','郓城县','371700'),('1502',2,'2018-05-23','2018-05-23','371726','鄄城县','371700'),('1503',2,'2018-05-23','2018-05-23','371727','定陶县','371700'),('1504',2,'2018-05-23','2018-05-23','371728','东明县','371700'),('1505',2,'2018-05-23','2018-05-23','410101','市辖区','410100'),('1506',2,'2018-05-23','2018-05-23','410102','中原区','410100'),('1507',2,'2018-05-23','2018-05-23','410103','二七区','410100'),('1508',2,'2018-05-23','2018-05-23','410104','管城回族区','410100'),('1509',2,'2018-05-23','2018-05-23','410105','金水区','410100'),('151',2,'2018-05-23','2018-05-23','130702','桥东区','130700'),('1510',2,'2018-05-23','2018-05-23','410106','上街区','410100'),('1511',2,'2018-05-23','2018-05-23','410108','邙山区','410100'),('1512',2,'2018-05-23','2018-05-23','410122','中牟县','410100'),('1513',2,'2018-05-23','2018-05-23','410181','巩义市','410100'),('1514',2,'2018-05-23','2018-05-23','410182','荥阳市','410100'),('1515',2,'2018-05-23','2018-05-23','410183','新密市','410100'),('1516',2,'2018-05-23','2018-05-23','410184','新郑市','410100'),('1517',2,'2018-05-23','2018-05-23','410185','登封市','410100'),('1518',2,'2018-05-23','2018-05-23','410201','市辖区','410200'),('1519',2,'2018-05-23','2018-05-23','410202','龙亭区','410200'),('152',2,'2018-05-23','2018-05-23','130703','桥西区','130700'),('1520',2,'2018-05-23','2018-05-23','410203','顺河回族区','410200'),('1521',2,'2018-05-23','2018-05-23','410204','鼓楼区','410200'),('1522',2,'2018-05-23','2018-05-23','410205','南关区','410200'),('1523',2,'2018-05-23','2018-05-23','410211','郊　区','410200'),('1524',2,'2018-05-23','2018-05-23','410221','杞　县','410200'),('1525',2,'2018-05-23','2018-05-23','410222','通许县','410200'),('1526',2,'2018-05-23','2018-05-23','410223','尉氏县','410200'),('1527',2,'2018-05-23','2018-05-23','410224','开封县','410200'),('1528',2,'2018-05-23','2018-05-23','410225','兰考县','410200'),('1529',2,'2018-05-23','2018-05-23','410301','市辖区','410300'),('153',2,'2018-05-23','2018-05-23','130705','宣化区','130700'),('1530',2,'2018-05-23','2018-05-23','410302','老城区','410300'),('1531',2,'2018-05-23','2018-05-23','410303','西工区','410300'),('1532',2,'2018-05-23','2018-05-23','410304','廛河回族区','410300'),('1533',2,'2018-05-23','2018-05-23','410305','涧西区','410300'),('1534',2,'2018-05-23','2018-05-23','410306','吉利区','410300'),('1535',2,'2018-05-23','2018-05-23','410307','洛龙区','410300'),('1536',2,'2018-05-23','2018-05-23','410322','孟津县','410300'),('1537',2,'2018-05-23','2018-05-23','410323','新安县','410300'),('1538',2,'2018-05-23','2018-05-23','410324','栾川县','410300'),('1539',2,'2018-05-23','2018-05-23','410325','嵩　县','410300'),('154',2,'2018-05-23','2018-05-23','130706','下花园区','130700'),('1540',2,'2018-05-23','2018-05-23','410326','汝阳县','410300'),('1541',2,'2018-05-23','2018-05-23','410327','宜阳县','410300'),('1542',2,'2018-05-23','2018-05-23','410328','洛宁县','410300'),('1543',2,'2018-05-23','2018-05-23','410329','伊川县','410300'),('1544',2,'2018-05-23','2018-05-23','410381','偃师市','410300'),('1545',2,'2018-05-23','2018-05-23','410401','市辖区','410400'),('1546',2,'2018-05-23','2018-05-23','410402','新华区','410400'),('1547',2,'2018-05-23','2018-05-23','410403','卫东区','410400'),('1548',2,'2018-05-23','2018-05-23','410404','石龙区','410400'),('1549',2,'2018-05-23','2018-05-23','410411','湛河区','410400'),('155',2,'2018-05-23','2018-05-23','130721','宣化县','130700'),('1550',2,'2018-05-23','2018-05-23','410421','宝丰县','410400'),('1551',2,'2018-05-23','2018-05-23','410422','叶　县','410400'),('1552',2,'2018-05-23','2018-05-23','410423','鲁山县','410400'),('1553',2,'2018-05-23','2018-05-23','410425','郏　县','410400'),('1554',2,'2018-05-23','2018-05-23','410481','舞钢市','410400'),('1555',2,'2018-05-23','2018-05-23','410482','汝州市','410400'),('1556',2,'2018-05-23','2018-05-23','410501','市辖区','410500'),('1557',2,'2018-05-23','2018-05-23','410502','文峰区','410500'),('1558',2,'2018-05-23','2018-05-23','410503','北关区','410500'),('1559',2,'2018-05-23','2018-05-23','410505','殷都区','410500'),('156',2,'2018-05-23','2018-05-23','130722','张北县','130700'),('1560',2,'2018-05-23','2018-05-23','410506','龙安区','410500'),('1561',2,'2018-05-23','2018-05-23','410522','安阳县','410500'),('1562',2,'2018-05-23','2018-05-23','410523','汤阴县','410500'),('1563',2,'2018-05-23','2018-05-23','410526','滑　县','410500'),('1564',2,'2018-05-23','2018-05-23','410527','内黄县','410500'),('1565',2,'2018-05-23','2018-05-23','410581','林州市','410500'),('1566',2,'2018-05-23','2018-05-23','410601','市辖区','410600'),('1567',2,'2018-05-23','2018-05-23','410602','鹤山区','410600'),('1568',2,'2018-05-23','2018-05-23','410603','山城区','410600'),('1569',2,'2018-05-23','2018-05-23','410611','淇滨区','410600'),('157',2,'2018-05-23','2018-05-23','130723','康保县','130700'),('1570',2,'2018-05-23','2018-05-23','410621','浚　县','410600'),('1571',2,'2018-05-23','2018-05-23','410622','淇　县','410600'),('1572',2,'2018-05-23','2018-05-23','410701','市辖区','410700'),('1573',2,'2018-05-23','2018-05-23','410702','红旗区','410700'),('1574',2,'2018-05-23','2018-05-23','410703','卫滨区','410700'),('1575',2,'2018-05-23','2018-05-23','410704','凤泉区','410700'),('1576',2,'2018-05-23','2018-05-23','410711','牧野区','410700'),('1577',2,'2018-05-23','2018-05-23','410721','新乡县','410700'),('1578',2,'2018-05-23','2018-05-23','410724','获嘉县','410700'),('1579',2,'2018-05-23','2018-05-23','410725','原阳县','410700'),('158',2,'2018-05-23','2018-05-23','130724','沽源县','130700'),('1580',2,'2018-05-23','2018-05-23','410726','延津县','410700'),('1581',2,'2018-05-23','2018-05-23','410727','封丘县','410700'),('1582',2,'2018-05-23','2018-05-23','410728','长垣县','410700'),('1583',2,'2018-05-23','2018-05-23','410781','卫辉市','410700'),('1584',2,'2018-05-23','2018-05-23','410782','辉县市','410700'),('1585',2,'2018-05-23','2018-05-23','410801','市辖区','410800'),('1586',2,'2018-05-23','2018-05-23','410802','解放区','410800'),('1587',2,'2018-05-23','2018-05-23','410803','中站区','410800'),('1588',2,'2018-05-23','2018-05-23','410804','马村区','410800'),('1589',2,'2018-05-23','2018-05-23','410811','山阳区','410800'),('159',2,'2018-05-23','2018-05-23','130725','尚义县','130700'),('1590',2,'2018-05-23','2018-05-23','410821','修武县','410800'),('1591',2,'2018-05-23','2018-05-23','410822','博爱县','410800'),('1592',2,'2018-05-23','2018-05-23','410823','武陟县','410800'),('1593',2,'2018-05-23','2018-05-23','410825','温　县','410800'),('1594',2,'2018-05-23','2018-05-23','410881','济源市','410800'),('1595',2,'2018-05-23','2018-05-23','410882','沁阳市','410800'),('1596',2,'2018-05-23','2018-05-23','410883','孟州市','410800'),('1597',2,'2018-05-23','2018-05-23','410901','市辖区','410900'),('1598',2,'2018-05-23','2018-05-23','410902','华龙区','410900'),('1599',2,'2018-05-23','2018-05-23','410922','清丰县','410900'),('16',2,'2018-05-23','2018-05-23','110117','平谷区','110100'),('160',2,'2018-05-23','2018-05-23','130726','蔚　县','130700'),('1600',2,'2018-05-23','2018-05-23','410923','南乐县','410900'),('1601',2,'2018-05-23','2018-05-23','410926','范　县','410900'),('1602',2,'2018-05-23','2018-05-23','410927','台前县','410900'),('1603',2,'2018-05-23','2018-05-23','410928','濮阳县','410900'),('1604',2,'2018-05-23','2018-05-23','411001','市辖区','411000'),('1605',2,'2018-05-23','2018-05-23','411002','魏都区','411000'),('1606',2,'2018-05-23','2018-05-23','411023','许昌县','411000'),('1607',2,'2018-05-23','2018-05-23','411024','鄢陵县','411000'),('1608',2,'2018-05-23','2018-05-23','411025','襄城县','411000'),('1609',2,'2018-05-23','2018-05-23','411081','禹州市','411000'),('161',2,'2018-05-23','2018-05-23','130727','阳原县','130700'),('1610',2,'2018-05-23','2018-05-23','411082','长葛市','411000'),('1611',2,'2018-05-23','2018-05-23','411101','市辖区','411100'),('1612',2,'2018-05-23','2018-05-23','411102','源汇区','411100'),('1613',2,'2018-05-23','2018-05-23','411103','郾城区','411100'),('1614',2,'2018-05-23','2018-05-23','411104','召陵区','411100'),('1615',2,'2018-05-23','2018-05-23','411121','舞阳县','411100'),('1616',2,'2018-05-23','2018-05-23','411122','临颍县','411100'),('1617',2,'2018-05-23','2018-05-23','411201','市辖区','411200'),('1618',2,'2018-05-23','2018-05-23','411202','湖滨区','411200'),('1619',2,'2018-05-23','2018-05-23','411221','渑池县','411200'),('162',2,'2018-05-23','2018-05-23','130728','怀安县','130700'),('1620',2,'2018-05-23','2018-05-23','411222','陕　县','411200'),('1621',2,'2018-05-23','2018-05-23','411224','卢氏县','411200'),('1622',2,'2018-05-23','2018-05-23','411281','义马市','411200'),('1623',2,'2018-05-23','2018-05-23','411282','灵宝市','411200'),('1624',2,'2018-05-23','2018-05-23','411301','市辖区','411300'),('1625',2,'2018-05-23','2018-05-23','411302','宛城区','411300'),('1626',2,'2018-05-23','2018-05-23','411303','卧龙区','411300'),('1627',2,'2018-05-23','2018-05-23','411321','南召县','411300'),('1628',2,'2018-05-23','2018-05-23','411322','方城县','411300'),('1629',2,'2018-05-23','2018-05-23','411323','西峡县','411300'),('163',2,'2018-05-23','2018-05-23','130729','万全县','130700'),('1630',2,'2018-05-23','2018-05-23','411324','镇平县','411300'),('1631',2,'2018-05-23','2018-05-23','411325','内乡县','411300'),('1632',2,'2018-05-23','2018-05-23','411326','淅川县','411300'),('1633',2,'2018-05-23','2018-05-23','411327','社旗县','411300'),('1634',2,'2018-05-23','2018-05-23','411328','唐河县','411300'),('1635',2,'2018-05-23','2018-05-23','411329','新野县','411300'),('1636',2,'2018-05-23','2018-05-23','411330','桐柏县','411300'),('1637',2,'2018-05-23','2018-05-23','411381','邓州市','411300'),('1638',2,'2018-05-23','2018-05-23','411401','市辖区','411400'),('1639',2,'2018-05-23','2018-05-23','411402','梁园区','411400'),('164',2,'2018-05-23','2018-05-23','130730','怀来县','130700'),('1640',2,'2018-05-23','2018-05-23','411403','睢阳区','411400'),('1641',2,'2018-05-23','2018-05-23','411421','民权县','411400'),('1642',2,'2018-05-23','2018-05-23','411422','睢　县','411400'),('1643',2,'2018-05-23','2018-05-23','411423','宁陵县','411400'),('1644',2,'2018-05-23','2018-05-23','411424','柘城县','411400'),('1645',2,'2018-05-23','2018-05-23','411425','虞城县','411400'),('1646',2,'2018-05-23','2018-05-23','411426','夏邑县','411400'),('1647',2,'2018-05-23','2018-05-23','411481','永城市','411400'),('1648',2,'2018-05-23','2018-05-23','411501','市辖区','411500'),('1649',2,'2018-05-23','2018-05-23','411502','师河区','411500'),('165',2,'2018-05-23','2018-05-23','130731','涿鹿县','130700'),('1650',2,'2018-05-23','2018-05-23','411503','平桥区','411500'),('1651',2,'2018-05-23','2018-05-23','411521','罗山县','411500'),('1652',2,'2018-05-23','2018-05-23','411522','光山县','411500'),('1653',2,'2018-05-23','2018-05-23','411523','新　县','411500'),('1654',2,'2018-05-23','2018-05-23','411524','商城县','411500'),('1655',2,'2018-05-23','2018-05-23','411525','固始县','411500'),('1656',2,'2018-05-23','2018-05-23','411526','潢川县','411500'),('1657',2,'2018-05-23','2018-05-23','411527','淮滨县','411500'),('1658',2,'2018-05-23','2018-05-23','411528','息　县','411500'),('1659',2,'2018-05-23','2018-05-23','411601','市辖区','411600'),('166',2,'2018-05-23','2018-05-23','130732','赤城县','130700'),('1660',2,'2018-05-23','2018-05-23','411602','川汇区','411600'),('1661',2,'2018-05-23','2018-05-23','411621','扶沟县','411600'),('1662',2,'2018-05-23','2018-05-23','411622','西华县','411600'),('1663',2,'2018-05-23','2018-05-23','411623','商水县','411600'),('1664',2,'2018-05-23','2018-05-23','411624','沈丘县','411600'),('1665',2,'2018-05-23','2018-05-23','411625','郸城县','411600'),('1666',2,'2018-05-23','2018-05-23','411626','淮阳县','411600'),('1667',2,'2018-05-23','2018-05-23','411627','太康县','411600'),('1668',2,'2018-05-23','2018-05-23','411628','鹿邑县','411600'),('1669',2,'2018-05-23','2018-05-23','411681','项城市','411600'),('167',2,'2018-05-23','2018-05-23','130733','崇礼县','130700'),('1670',2,'2018-05-23','2018-05-23','411701','市辖区','411700'),('1671',2,'2018-05-23','2018-05-23','411702','驿城区','411700'),('1672',2,'2018-05-23','2018-05-23','411721','西平县','411700'),('1673',2,'2018-05-23','2018-05-23','411722','上蔡县','411700'),('1674',2,'2018-05-23','2018-05-23','411723','平舆县','411700'),('1675',2,'2018-05-23','2018-05-23','411724','正阳县','411700'),('1676',2,'2018-05-23','2018-05-23','411725','确山县','411700'),('1677',2,'2018-05-23','2018-05-23','411726','泌阳县','411700'),('1678',2,'2018-05-23','2018-05-23','411727','汝南县','411700'),('1679',2,'2018-05-23','2018-05-23','411728','遂平县','411700'),('168',2,'2018-05-23','2018-05-23','130801','市辖区','130800'),('1680',2,'2018-05-23','2018-05-23','411729','新蔡县','411700'),('1681',2,'2018-05-23','2018-05-23','420101','市辖区','420100'),('1682',2,'2018-05-23','2018-05-23','420102','江岸区','420100'),('1683',2,'2018-05-23','2018-05-23','420103','江汉区','420100'),('1684',2,'2018-05-23','2018-05-23','420104','乔口区','420100'),('1685',2,'2018-05-23','2018-05-23','420105','汉阳区','420100'),('1686',2,'2018-05-23','2018-05-23','420106','武昌区','420100'),('1687',2,'2018-05-23','2018-05-23','420107','青山区','420100'),('1688',2,'2018-05-23','2018-05-23','420111','洪山区','420100'),('1689',2,'2018-05-23','2018-05-23','420112','东西湖区','420100'),('169',2,'2018-05-23','2018-05-23','130802','双桥区','130800'),('1690',2,'2018-05-23','2018-05-23','420113','汉南区','420100'),('1691',2,'2018-05-23','2018-05-23','420114','蔡甸区','420100'),('1692',2,'2018-05-23','2018-05-23','420115','江夏区','420100'),('1693',2,'2018-05-23','2018-05-23','420116','黄陂区','420100'),('1694',2,'2018-05-23','2018-05-23','420117','新洲区','420100'),('1695',2,'2018-05-23','2018-05-23','420201','市辖区','420200'),('1696',2,'2018-05-23','2018-05-23','420202','黄石港区','420200'),('1697',2,'2018-05-23','2018-05-23','420203','西塞山区','420200'),('1698',2,'2018-05-23','2018-05-23','420204','下陆区','420200'),('1699',2,'2018-05-23','2018-05-23','420205','铁山区','420200'),('17',2,'2018-05-23','2018-05-23','110228','密云县','110100'),('170',2,'2018-05-23','2018-05-23','130803','双滦区','130800'),('1700',2,'2018-05-23','2018-05-23','420222','阳新县','420200'),('1701',2,'2018-05-23','2018-05-23','420281','大冶市','420200'),('1702',2,'2018-05-23','2018-05-23','420301','市辖区','420300'),('1703',2,'2018-05-23','2018-05-23','420302','茅箭区','420300'),('1704',2,'2018-05-23','2018-05-23','420303','张湾区','420300'),('1705',2,'2018-05-23','2018-05-23','420321','郧　县','420300'),('1706',2,'2018-05-23','2018-05-23','420322','郧西县','420300'),('1707',2,'2018-05-23','2018-05-23','420323','竹山县','420300'),('1708',2,'2018-05-23','2018-05-23','420324','竹溪县','420300'),('1709',2,'2018-05-23','2018-05-23','420325','房　县','420300'),('171',2,'2018-05-23','2018-05-23','130804','鹰手营子矿区','130800'),('1710',2,'2018-05-23','2018-05-23','420381','丹江口市','420300'),('1711',2,'2018-05-23','2018-05-23','420501','市辖区','420500'),('1712',2,'2018-05-23','2018-05-23','420502','西陵区','420500'),('1713',2,'2018-05-23','2018-05-23','420503','伍家岗区','420500'),('1714',2,'2018-05-23','2018-05-23','420504','点军区','420500'),('1715',2,'2018-05-23','2018-05-23','420505','猇亭区','420500'),('1716',2,'2018-05-23','2018-05-23','420506','夷陵区','420500'),('1717',2,'2018-05-23','2018-05-23','420525','远安县','420500'),('1718',2,'2018-05-23','2018-05-23','420526','兴山县','420500'),('1719',2,'2018-05-23','2018-05-23','420527','秭归县','420500'),('172',2,'2018-05-23','2018-05-23','130821','承德县','130800'),('1720',2,'2018-05-23','2018-05-23','420528','长阳土家族自治县','420500'),('1721',2,'2018-05-23','2018-05-23','420529','五峰土家族自治县','420500'),('1722',2,'2018-05-23','2018-05-23','420581','宜都市','420500'),('1723',2,'2018-05-23','2018-05-23','420582','当阳市','420500'),('1724',2,'2018-05-23','2018-05-23','420583','枝江市','420500'),('1725',2,'2018-05-23','2018-05-23','420601','市辖区','420600'),('1726',2,'2018-05-23','2018-05-23','420602','襄城区','420600'),('1727',2,'2018-05-23','2018-05-23','420606','樊城区','420600'),('1728',2,'2018-05-23','2018-05-23','420607','襄阳区','420600'),('1729',2,'2018-05-23','2018-05-23','420624','南漳县','420600'),('173',2,'2018-05-23','2018-05-23','130822','兴隆县','130800'),('1730',2,'2018-05-23','2018-05-23','420625','谷城县','420600'),('1731',2,'2018-05-23','2018-05-23','420626','保康县','420600'),('1732',2,'2018-05-23','2018-05-23','420682','老河口市','420600'),('1733',2,'2018-05-23','2018-05-23','420683','枣阳市','420600'),('1734',2,'2018-05-23','2018-05-23','420684','宜城市','420600'),('1735',2,'2018-05-23','2018-05-23','420701','市辖区','420700'),('1736',2,'2018-05-23','2018-05-23','420702','梁子湖区','420700'),('1737',2,'2018-05-23','2018-05-23','420703','华容区','420700'),('1738',2,'2018-05-23','2018-05-23','420704','鄂城区','420700'),('1739',2,'2018-05-23','2018-05-23','420801','市辖区','420800'),('174',2,'2018-05-23','2018-05-23','130823','平泉县','130800'),('1740',2,'2018-05-23','2018-05-23','420802','东宝区','420800'),('1741',2,'2018-05-23','2018-05-23','420804','掇刀区','420800'),('1742',2,'2018-05-23','2018-05-23','420821','京山县','420800'),('1743',2,'2018-05-23','2018-05-23','420822','沙洋县','420800'),('1744',2,'2018-05-23','2018-05-23','420881','钟祥市','420800'),('1745',2,'2018-05-23','2018-05-23','420901','市辖区','420900'),('1746',2,'2018-05-23','2018-05-23','420902','孝南区','420900'),('1747',2,'2018-05-23','2018-05-23','420921','孝昌县','420900'),('1748',2,'2018-05-23','2018-05-23','420922','大悟县','420900'),('1749',2,'2018-05-23','2018-05-23','420923','云梦县','420900'),('175',2,'2018-05-23','2018-05-23','130824','滦平县','130800'),('1750',2,'2018-05-23','2018-05-23','420981','应城市','420900'),('1751',2,'2018-05-23','2018-05-23','420982','安陆市','420900'),('1752',2,'2018-05-23','2018-05-23','420984','汉川市','420900'),('1753',2,'2018-05-23','2018-05-23','421001','市辖区','421000'),('1754',2,'2018-05-23','2018-05-23','421002','沙市区','421000'),('1755',2,'2018-05-23','2018-05-23','421003','荆州区','421000'),('1756',2,'2018-05-23','2018-05-23','421022','公安县','421000'),('1757',2,'2018-05-23','2018-05-23','421023','监利县','421000'),('1758',2,'2018-05-23','2018-05-23','421024','江陵县','421000'),('1759',2,'2018-05-23','2018-05-23','421081','石首市','421000'),('176',2,'2018-05-23','2018-05-23','130825','隆化县','130800'),('1760',2,'2018-05-23','2018-05-23','421083','洪湖市','421000'),('1761',2,'2018-05-23','2018-05-23','421087','松滋市','421000'),('1762',2,'2018-05-23','2018-05-23','421101','市辖区','421100'),('1763',2,'2018-05-23','2018-05-23','421102','黄州区','421100'),('1764',2,'2018-05-23','2018-05-23','421121','团风县','421100'),('1765',2,'2018-05-23','2018-05-23','421122','红安县','421100'),('1766',2,'2018-05-23','2018-05-23','421123','罗田县','421100'),('1767',2,'2018-05-23','2018-05-23','421124','英山县','421100'),('1768',2,'2018-05-23','2018-05-23','421125','浠水县','421100'),('1769',2,'2018-05-23','2018-05-23','421126','蕲春县','421100'),('177',2,'2018-05-23','2018-05-23','130826','丰宁满族自治县','130800'),('1770',2,'2018-05-23','2018-05-23','421127','黄梅县','421100'),('1771',2,'2018-05-23','2018-05-23','421181','麻城市','421100'),('1772',2,'2018-05-23','2018-05-23','421182','武穴市','421100'),('1773',2,'2018-05-23','2018-05-23','421201','市辖区','421200'),('1774',2,'2018-05-23','2018-05-23','421202','咸安区','421200'),('1775',2,'2018-05-23','2018-05-23','421221','嘉鱼县','421200'),('1776',2,'2018-05-23','2018-05-23','421222','通城县','421200'),('1777',2,'2018-05-23','2018-05-23','421223','崇阳县','421200'),('1778',2,'2018-05-23','2018-05-23','421224','通山县','421200'),('1779',2,'2018-05-23','2018-05-23','421281','赤壁市','421200'),('178',2,'2018-05-23','2018-05-23','130827','宽城满族自治县','130800'),('1780',2,'2018-05-23','2018-05-23','421301','市辖区','421300'),('1781',2,'2018-05-23','2018-05-23','421302','曾都区','421300'),('1782',2,'2018-05-23','2018-05-23','421381','广水市','421300'),('1783',2,'2018-05-23','2018-05-23','422801','恩施市','422800'),('1784',2,'2018-05-23','2018-05-23','422802','利川市','422800'),('1785',2,'2018-05-23','2018-05-23','422822','建始县','422800'),('1786',2,'2018-05-23','2018-05-23','422823','巴东县','422800'),('1787',2,'2018-05-23','2018-05-23','422825','宣恩县','422800'),('1788',2,'2018-05-23','2018-05-23','422826','咸丰县','422800'),('1789',2,'2018-05-23','2018-05-23','422827','来凤县','422800'),('179',2,'2018-05-23','2018-05-23','130828','围场满族蒙古族自治县','130800'),('1790',2,'2018-05-23','2018-05-23','422828','鹤峰县','422800'),('1791',2,'2018-05-23','2018-05-23','429004','仙桃市','429000'),('1792',2,'2018-05-23','2018-05-23','429005','潜江市','429000'),('1793',2,'2018-05-23','2018-05-23','429006','天门市','429000'),('1794',2,'2018-05-23','2018-05-23','429021','神农架林区','429000'),('1795',2,'2018-05-23','2018-05-23','430101','市辖区','430100'),('1796',2,'2018-05-23','2018-05-23','430102','芙蓉区','430100'),('1797',2,'2018-05-23','2018-05-23','430103','天心区','430100'),('1798',2,'2018-05-23','2018-05-23','430104','岳麓区','430100'),('1799',2,'2018-05-23','2018-05-23','430105','开福区','430100'),('18',2,'2018-05-23','2018-05-23','110229','延庆县','110100'),('180',2,'2018-05-23','2018-05-23','130901','市辖区','130900'),('1800',2,'2018-05-23','2018-05-23','430111','雨花区','430100'),('1801',2,'2018-05-23','2018-05-23','430121','长沙县','430100'),('1802',2,'2018-05-23','2018-05-23','430122','望城县','430100'),('1803',2,'2018-05-23','2018-05-23','430124','宁乡县','430100'),('1804',2,'2018-05-23','2018-05-23','430181','浏阳市','430100'),('1805',2,'2018-05-23','2018-05-23','430201','市辖区','430200'),('1806',2,'2018-05-23','2018-05-23','430202','荷塘区','430200'),('1807',2,'2018-05-23','2018-05-23','430203','芦淞区','430200'),('1808',2,'2018-05-23','2018-05-23','430204','石峰区','430200'),('1809',2,'2018-05-23','2018-05-23','430211','天元区','430200'),('181',2,'2018-05-23','2018-05-23','130902','新华区','130900'),('1810',2,'2018-05-23','2018-05-23','430221','株洲县','430200'),('1811',2,'2018-05-23','2018-05-23','430223','攸　县','430200'),('1812',2,'2018-05-23','2018-05-23','430224','茶陵县','430200'),('1813',2,'2018-05-23','2018-05-23','430225','炎陵县','430200'),('1814',2,'2018-05-23','2018-05-23','430281','醴陵市','430200'),('1815',2,'2018-05-23','2018-05-23','430301','市辖区','430300'),('1816',2,'2018-05-23','2018-05-23','430302','雨湖区','430300'),('1817',2,'2018-05-23','2018-05-23','430304','岳塘区','430300'),('1818',2,'2018-05-23','2018-05-23','430321','湘潭县','430300'),('1819',2,'2018-05-23','2018-05-23','430381','湘乡市','430300'),('182',2,'2018-05-23','2018-05-23','130903','运河区','130900'),('1820',2,'2018-05-23','2018-05-23','430382','韶山市','430300'),('1821',2,'2018-05-23','2018-05-23','430401','市辖区','430400'),('1822',2,'2018-05-23','2018-05-23','430405','珠晖区','430400'),('1823',2,'2018-05-23','2018-05-23','430406','雁峰区','430400'),('1824',2,'2018-05-23','2018-05-23','430407','石鼓区','430400'),('1825',2,'2018-05-23','2018-05-23','430408','蒸湘区','430400'),('1826',2,'2018-05-23','2018-05-23','430412','南岳区','430400'),('1827',2,'2018-05-23','2018-05-23','430421','衡阳县','430400'),('1828',2,'2018-05-23','2018-05-23','430422','衡南县','430400'),('1829',2,'2018-05-23','2018-05-23','430423','衡山县','430400'),('183',2,'2018-05-23','2018-05-23','130921','沧　县','130900'),('1830',2,'2018-05-23','2018-05-23','430424','衡东县','430400'),('1831',2,'2018-05-23','2018-05-23','430426','祁东县','430400'),('1832',2,'2018-05-23','2018-05-23','430481','耒阳市','430400'),('1833',2,'2018-05-23','2018-05-23','430482','常宁市','430400'),('1834',2,'2018-05-23','2018-05-23','430501','市辖区','430500'),('1835',2,'2018-05-23','2018-05-23','430502','双清区','430500'),('1836',2,'2018-05-23','2018-05-23','430503','大祥区','430500'),('1837',2,'2018-05-23','2018-05-23','430511','北塔区','430500'),('1838',2,'2018-05-23','2018-05-23','430521','邵东县','430500'),('1839',2,'2018-05-23','2018-05-23','430522','新邵县','430500'),('184',2,'2018-05-23','2018-05-23','130922','青　县','130900'),('1840',2,'2018-05-23','2018-05-23','430523','邵阳县','430500'),('1841',2,'2018-05-23','2018-05-23','430524','隆回县','430500'),('1842',2,'2018-05-23','2018-05-23','430525','洞口县','430500'),('1843',2,'2018-05-23','2018-05-23','430527','绥宁县','430500'),('1844',2,'2018-05-23','2018-05-23','430528','新宁县','430500'),('1845',2,'2018-05-23','2018-05-23','430529','城步苗族自治县','430500'),('1846',2,'2018-05-23','2018-05-23','430581','武冈市','430500'),('1847',2,'2018-05-23','2018-05-23','430601','市辖区','430600'),('1848',2,'2018-05-23','2018-05-23','430602','岳阳楼区','430600'),('1849',2,'2018-05-23','2018-05-23','430603','云溪区','430600'),('185',2,'2018-05-23','2018-05-23','130923','东光县','130900'),('1850',2,'2018-05-23','2018-05-23','430611','君山区','430600'),('1851',2,'2018-05-23','2018-05-23','430621','岳阳县','430600'),('1852',2,'2018-05-23','2018-05-23','430623','华容县','430600'),('1853',2,'2018-05-23','2018-05-23','430624','湘阴县','430600'),('1854',2,'2018-05-23','2018-05-23','430626','平江县','430600'),('1855',2,'2018-05-23','2018-05-23','430681','汨罗市','430600'),('1856',2,'2018-05-23','2018-05-23','430682','临湘市','430600'),('1857',2,'2018-05-23','2018-05-23','430701','市辖区','430700'),('1858',2,'2018-05-23','2018-05-23','430702','武陵区','430700'),('1859',2,'2018-05-23','2018-05-23','430703','鼎城区','430700'),('186',2,'2018-05-23','2018-05-23','130924','海兴县','130900'),('1860',2,'2018-05-23','2018-05-23','430721','安乡县','430700'),('1861',2,'2018-05-23','2018-05-23','430722','汉寿县','430700'),('1862',2,'2018-05-23','2018-05-23','430723','澧　县','430700'),('1863',2,'2018-05-23','2018-05-23','430724','临澧县','430700'),('1864',2,'2018-05-23','2018-05-23','430725','桃源县','430700'),('1865',2,'2018-05-23','2018-05-23','430726','石门县','430700'),('1866',2,'2018-05-23','2018-05-23','430781','津市市','430700'),('1867',2,'2018-05-23','2018-05-23','430801','市辖区','430800'),('1868',2,'2018-05-23','2018-05-23','430802','永定区','430800'),('1869',2,'2018-05-23','2018-05-23','430811','武陵源区','430800'),('187',2,'2018-05-23','2018-05-23','130925','盐山县','130900'),('1870',2,'2018-05-23','2018-05-23','430821','慈利县','430800'),('1871',2,'2018-05-23','2018-05-23','430822','桑植县','430800'),('1872',2,'2018-05-23','2018-05-23','430901','市辖区','430900'),('1873',2,'2018-05-23','2018-05-23','430902','资阳区','430900'),('1874',2,'2018-05-23','2018-05-23','430903','赫山区','430900'),('1875',2,'2018-05-23','2018-05-23','430921','南　县','430900'),('1876',2,'2018-05-23','2018-05-23','430922','桃江县','430900'),('1877',2,'2018-05-23','2018-05-23','430923','安化县','430900'),('1878',2,'2018-05-23','2018-05-23','430981','沅江市','430900'),('1879',2,'2018-05-23','2018-05-23','431001','市辖区','431000'),('188',2,'2018-05-23','2018-05-23','130926','肃宁县','130900'),('1880',2,'2018-05-23','2018-05-23','431002','北湖区','431000'),('1881',2,'2018-05-23','2018-05-23','431003','苏仙区','431000'),('1882',2,'2018-05-23','2018-05-23','431021','桂阳县','431000'),('1883',2,'2018-05-23','2018-05-23','431022','宜章县','431000'),('1884',2,'2018-05-23','2018-05-23','431023','永兴县','431000'),('1885',2,'2018-05-23','2018-05-23','431024','嘉禾县','431000'),('1886',2,'2018-05-23','2018-05-23','431025','临武县','431000'),('1887',2,'2018-05-23','2018-05-23','431026','汝城县','431000'),('1888',2,'2018-05-23','2018-05-23','431027','桂东县','431000'),('1889',2,'2018-05-23','2018-05-23','431028','安仁县','431000'),('189',2,'2018-05-23','2018-05-23','130927','南皮县','130900'),('1890',2,'2018-05-23','2018-05-23','431081','资兴市','431000'),('1891',2,'2018-05-23','2018-05-23','431101','市辖区','431100'),('1892',2,'2018-05-23','2018-05-23','431102','芝山区','431100'),('1893',2,'2018-05-23','2018-05-23','431103','冷水滩区','431100'),('1894',2,'2018-05-23','2018-05-23','431121','祁阳县','431100'),('1895',2,'2018-05-23','2018-05-23','431122','东安县','431100'),('1896',2,'2018-05-23','2018-05-23','431123','双牌县','431100'),('1897',2,'2018-05-23','2018-05-23','431124','道　县','431100'),('1898',2,'2018-05-23','2018-05-23','431125','江永县','431100'),('1899',2,'2018-05-23','2018-05-23','431126','宁远县','431100'),('19',2,'2018-05-23','2018-05-23','120101','和平区','120100'),('190',2,'2018-05-23','2018-05-23','130928','吴桥县','130900'),('1900',2,'2018-05-23','2018-05-23','431127','蓝山县','431100'),('1901',2,'2018-05-23','2018-05-23','431128','新田县','431100'),('1902',2,'2018-05-23','2018-05-23','431129','江华瑶族自治县','431100'),('1903',2,'2018-05-23','2018-05-23','431201','市辖区','431200'),('1904',2,'2018-05-23','2018-05-23','431202','鹤城区','431200'),('1905',2,'2018-05-23','2018-05-23','431221','中方县','431200'),('1906',2,'2018-05-23','2018-05-23','431222','沅陵县','431200'),('1907',2,'2018-05-23','2018-05-23','431223','辰溪县','431200'),('1908',2,'2018-05-23','2018-05-23','431224','溆浦县','431200'),('1909',2,'2018-05-23','2018-05-23','431225','会同县','431200'),('191',2,'2018-05-23','2018-05-23','130929','献　县','130900'),('1910',2,'2018-05-23','2018-05-23','431226','麻阳苗族自治县','431200'),('1911',2,'2018-05-23','2018-05-23','431227','新晃侗族自治县','431200'),('1912',2,'2018-05-23','2018-05-23','431228','芷江侗族自治县','431200'),('1913',2,'2018-05-23','2018-05-23','431229','靖州苗族侗族自治县','431200'),('1914',2,'2018-05-23','2018-05-23','431230','通道侗族自治县','431200'),('1915',2,'2018-05-23','2018-05-23','431281','洪江市','431200'),('1916',2,'2018-05-23','2018-05-23','431301','市辖区','431300'),('1917',2,'2018-05-23','2018-05-23','431302','娄星区','431300'),('1918',2,'2018-05-23','2018-05-23','431321','双峰县','431300'),('1919',2,'2018-05-23','2018-05-23','431322','新化县','431300'),('192',2,'2018-05-23','2018-05-23','130930','孟村回族自治县','130900'),('1920',2,'2018-05-23','2018-05-23','431381','冷水江市','431300'),('1921',2,'2018-05-23','2018-05-23','431382','涟源市','431300'),('1922',2,'2018-05-23','2018-05-23','433101','吉首市','433100'),('1923',2,'2018-05-23','2018-05-23','433122','泸溪县','433100'),('1924',2,'2018-05-23','2018-05-23','433123','凤凰县','433100'),('1925',2,'2018-05-23','2018-05-23','433124','花垣县','433100'),('1926',2,'2018-05-23','2018-05-23','433125','保靖县','433100'),('1927',2,'2018-05-23','2018-05-23','433126','古丈县','433100'),('1928',2,'2018-05-23','2018-05-23','433127','永顺县','433100'),('1929',2,'2018-05-23','2018-05-23','433130','龙山县','433100'),('193',2,'2018-05-23','2018-05-23','130981','泊头市','130900'),('1930',2,'2018-05-23','2018-05-23','440101','市辖区','440100'),('1931',2,'2018-05-23','2018-05-23','440102','东山区','440100'),('1932',2,'2018-05-23','2018-05-23','440103','荔湾区','440100'),('1933',2,'2018-05-23','2018-05-23','440104','越秀区','440100'),('1934',2,'2018-05-23','2018-05-23','440105','海珠区','440100'),('1935',2,'2018-05-23','2018-05-23','440106','天河区','440100'),('1936',2,'2018-05-23','2018-05-23','440107','芳村区','440100'),('1937',2,'2018-05-23','2018-05-23','440111','白云区','440100'),('1938',2,'2018-05-23','2018-05-23','440112','黄埔区','440100'),('1939',2,'2018-05-23','2018-05-23','440113','番禺区','440100'),('194',2,'2018-05-23','2018-05-23','130982','任丘市','130900'),('1940',2,'2018-05-23','2018-05-23','440114','花都区','440100'),('1941',2,'2018-05-23','2018-05-23','440183','增城市','440100'),('1942',2,'2018-05-23','2018-05-23','440184','从化市','440100'),('1943',2,'2018-05-23','2018-05-23','440201','市辖区','440200'),('1944',2,'2018-05-23','2018-05-23','440203','武江区','440200'),('1945',2,'2018-05-23','2018-05-23','440204','浈江区','440200'),('1946',2,'2018-05-23','2018-05-23','440205','曲江区','440200'),('1947',2,'2018-05-23','2018-05-23','440222','始兴县','440200'),('1948',2,'2018-05-23','2018-05-23','440224','仁化县','440200'),('1949',2,'2018-05-23','2018-05-23','440229','翁源县','440200'),('195',2,'2018-05-23','2018-05-23','130983','黄骅市','130900'),('1950',2,'2018-05-23','2018-05-23','440232','乳源瑶族自治县','440200'),('1951',2,'2018-05-23','2018-05-23','440233','新丰县','440200'),('1952',2,'2018-05-23','2018-05-23','440281','乐昌市','440200'),('1953',2,'2018-05-23','2018-05-23','440282','南雄市','440200'),('1954',2,'2018-05-23','2018-05-23','440301','市辖区','440300'),('1955',2,'2018-05-23','2018-05-23','440303','罗湖区','440300'),('1956',2,'2018-05-23','2018-05-23','440304','福田区','440300'),('1957',2,'2018-05-23','2018-05-23','440305','南山区','440300'),('1958',2,'2018-05-23','2018-05-23','440306','宝安区','440300'),('1959',2,'2018-05-23','2018-05-23','440307','龙岗区','440300'),('196',2,'2018-05-23','2018-05-23','130984','河间市','130900'),('1960',2,'2018-05-23','2018-05-23','440308','盐田区','440300'),('1961',2,'2018-05-23','2018-05-23','440401','市辖区','440400'),('1962',2,'2018-05-23','2018-05-23','440402','香洲区','440400'),('1963',2,'2018-05-23','2018-05-23','440403','斗门区','440400'),('1964',2,'2018-05-23','2018-05-23','440404','金湾区','440400'),('1965',2,'2018-05-23','2018-05-23','440501','市辖区','440500'),('1966',2,'2018-05-23','2018-05-23','440507','龙湖区','440500'),('1967',2,'2018-05-23','2018-05-23','440511','金平区','440500'),('1968',2,'2018-05-23','2018-05-23','440512','濠江区','440500'),('1969',2,'2018-05-23','2018-05-23','440513','潮阳区','440500'),('197',2,'2018-05-23','2018-05-23','131001','市辖区','131000'),('1970',2,'2018-05-23','2018-05-23','440514','潮南区','440500'),('1971',2,'2018-05-23','2018-05-23','440515','澄海区','440500'),('1972',2,'2018-05-23','2018-05-23','440523','南澳县','440500'),('1973',2,'2018-05-23','2018-05-23','440601','市辖区','440600'),('1974',2,'2018-05-23','2018-05-23','440604','禅城区','440600'),('1975',2,'2018-05-23','2018-05-23','440605','南海区','440600'),('1976',2,'2018-05-23','2018-05-23','440606','顺德区','440600'),('1977',2,'2018-05-23','2018-05-23','440607','三水区','440600'),('1978',2,'2018-05-23','2018-05-23','440608','高明区','440600'),('1979',2,'2018-05-23','2018-05-23','440701','市辖区','440700'),('198',2,'2018-05-23','2018-05-23','131002','安次区','131000'),('1980',2,'2018-05-23','2018-05-23','440703','蓬江区','440700'),('1981',2,'2018-05-23','2018-05-23','440704','江海区','440700'),('1982',2,'2018-05-23','2018-05-23','440705','新会区','440700'),('1983',2,'2018-05-23','2018-05-23','440781','台山市','440700'),('1984',2,'2018-05-23','2018-05-23','440783','开平市','440700'),('1985',2,'2018-05-23','2018-05-23','440784','鹤山市','440700'),('1986',2,'2018-05-23','2018-05-23','440785','恩平市','440700'),('1987',2,'2018-05-23','2018-05-23','440801','市辖区','440800'),('1988',2,'2018-05-23','2018-05-23','440802','赤坎区','440800'),('1989',2,'2018-05-23','2018-05-23','440803','霞山区','440800'),('199',2,'2018-05-23','2018-05-23','131003','广阳区','131000'),('1990',2,'2018-05-23','2018-05-23','440804','坡头区','440800'),('1991',2,'2018-05-23','2018-05-23','440811','麻章区','440800'),('1992',2,'2018-05-23','2018-05-23','440823','遂溪县','440800'),('1993',2,'2018-05-23','2018-05-23','440825','徐闻县','440800'),('1994',2,'2018-05-23','2018-05-23','440881','廉江市','440800'),('1995',2,'2018-05-23','2018-05-23','440882','雷州市','440800'),('1996',2,'2018-05-23','2018-05-23','440883','吴川市','440800'),('1997',2,'2018-05-23','2018-05-23','440901','市辖区','440900'),('1998',2,'2018-05-23','2018-05-23','440902','茂南区','440900'),('1999',2,'2018-05-23','2018-05-23','440903','茂港区','440900'),('2',2,'2018-05-23','2018-05-23','110102','西城区','110100'),('20',2,'2018-05-23','2018-05-23','120102','河东区','120100'),('200',2,'2018-05-23','2018-05-23','131022','固安县','131000'),('2000',2,'2018-05-23','2018-05-23','440923','电白县','440900'),('2001',2,'2018-05-23','2018-05-23','440981','高州市','440900'),('2002',2,'2018-05-23','2018-05-23','440982','化州市','440900'),('2003',2,'2018-05-23','2018-05-23','440983','信宜市','440900'),('2004',2,'2018-05-23','2018-05-23','441201','市辖区','441200'),('2005',2,'2018-05-23','2018-05-23','441202','端州区','441200'),('2006',2,'2018-05-23','2018-05-23','441203','鼎湖区','441200'),('2007',2,'2018-05-23','2018-05-23','441223','广宁县','441200'),('2008',2,'2018-05-23','2018-05-23','441224','怀集县','441200'),('2009',2,'2018-05-23','2018-05-23','441225','封开县','441200'),('201',2,'2018-05-23','2018-05-23','131023','永清县','131000'),('2010',2,'2018-05-23','2018-05-23','441226','德庆县','441200'),('2011',2,'2018-05-23','2018-05-23','441283','高要市','441200'),('2012',2,'2018-05-23','2018-05-23','441284','四会市','441200'),('2013',2,'2018-05-23','2018-05-23','441301','市辖区','441300'),('2014',2,'2018-05-23','2018-05-23','441302','惠城区','441300'),('2015',2,'2018-05-23','2018-05-23','441303','惠阳区','441300'),('2016',2,'2018-05-23','2018-05-23','441322','博罗县','441300'),('2017',2,'2018-05-23','2018-05-23','441323','惠东县','441300'),('2018',2,'2018-05-23','2018-05-23','441324','龙门县','441300'),('2019',2,'2018-05-23','2018-05-23','441401','市辖区','441400'),('202',2,'2018-05-23','2018-05-23','131024','香河县','131000'),('2020',2,'2018-05-23','2018-05-23','441402','梅江区','441400'),('2021',2,'2018-05-23','2018-05-23','441421','梅　县','441400'),('2022',2,'2018-05-23','2018-05-23','441422','大埔县','441400'),('2023',2,'2018-05-23','2018-05-23','441423','丰顺县','441400'),('2024',2,'2018-05-23','2018-05-23','441424','五华县','441400'),('2025',2,'2018-05-23','2018-05-23','441426','平远县','441400'),('2026',2,'2018-05-23','2018-05-23','441427','蕉岭县','441400'),('2027',2,'2018-05-23','2018-05-23','441481','兴宁市','441400'),('2028',2,'2018-05-23','2018-05-23','441501','市辖区','441500'),('2029',2,'2018-05-23','2018-05-23','441502','城　区','441500'),('203',2,'2018-05-23','2018-05-23','131025','大城县','131000'),('2030',2,'2018-05-23','2018-05-23','441521','海丰县','441500'),('2031',2,'2018-05-23','2018-05-23','441523','陆河县','441500'),('2032',2,'2018-05-23','2018-05-23','441581','陆丰市','441500'),('2033',2,'2018-05-23','2018-05-23','441601','市辖区','441600'),('2034',2,'2018-05-23','2018-05-23','441602','源城区','441600'),('2035',2,'2018-05-23','2018-05-23','441621','紫金县','441600'),('2036',2,'2018-05-23','2018-05-23','441622','龙川县','441600'),('2037',2,'2018-05-23','2018-05-23','441623','连平县','441600'),('2038',2,'2018-05-23','2018-05-23','441624','和平县','441600'),('2039',2,'2018-05-23','2018-05-23','441625','东源县','441600'),('204',2,'2018-05-23','2018-05-23','131026','文安县','131000'),('2040',2,'2018-05-23','2018-05-23','441701','市辖区','441700'),('2041',2,'2018-05-23','2018-05-23','441702','江城区','441700'),('2042',2,'2018-05-23','2018-05-23','441721','阳西县','441700'),('2043',2,'2018-05-23','2018-05-23','441723','阳东县','441700'),('2044',2,'2018-05-23','2018-05-23','441781','阳春市','441700'),('2045',2,'2018-05-23','2018-05-23','441801','市辖区','441800'),('2046',2,'2018-05-23','2018-05-23','441802','清城区','441800'),('2047',2,'2018-05-23','2018-05-23','441821','佛冈县','441800'),('2048',2,'2018-05-23','2018-05-23','441823','阳山县','441800'),('2049',2,'2018-05-23','2018-05-23','441825','连山壮族瑶族自治县','441800'),('205',2,'2018-05-23','2018-05-23','131028','大厂回族自治县','131000'),('2050',2,'2018-05-23','2018-05-23','441826','连南瑶族自治县','441800'),('2051',2,'2018-05-23','2018-05-23','441827','清新县','441800'),('2052',2,'2018-05-23','2018-05-23','441881','英德市','441800'),('2053',2,'2018-05-23','2018-05-23','441882','连州市','441800'),('2054',2,'2018-05-23','2018-05-23','445101','市辖区','445100'),('2055',2,'2018-05-23','2018-05-23','445102','湘桥区','445100'),('2056',2,'2018-05-23','2018-05-23','445121','潮安县','445100'),('2057',2,'2018-05-23','2018-05-23','445122','饶平县','445100'),('2058',2,'2018-05-23','2018-05-23','445201','市辖区','445200'),('2059',2,'2018-05-23','2018-05-23','445202','榕城区','445200'),('206',2,'2018-05-23','2018-05-23','131081','霸州市','131000'),('2060',2,'2018-05-23','2018-05-23','445221','揭东县','445200'),('2061',2,'2018-05-23','2018-05-23','445222','揭西县','445200'),('2062',2,'2018-05-23','2018-05-23','445224','惠来县','445200'),('2063',2,'2018-05-23','2018-05-23','445281','普宁市','445200'),('2064',2,'2018-05-23','2018-05-23','445301','市辖区','445300'),('2065',2,'2018-05-23','2018-05-23','445302','云城区','445300'),('2066',2,'2018-05-23','2018-05-23','445321','新兴县','445300'),('2067',2,'2018-05-23','2018-05-23','445322','郁南县','445300'),('2068',2,'2018-05-23','2018-05-23','445323','云安县','445300'),('2069',2,'2018-05-23','2018-05-23','445381','罗定市','445300'),('207',2,'2018-05-23','2018-05-23','131082','三河市','131000'),('2070',2,'2018-05-23','2018-05-23','450101','市辖区','450100'),('2071',2,'2018-05-23','2018-05-23','450102','兴宁区','450100'),('2072',2,'2018-05-23','2018-05-23','450103','青秀区','450100'),('2073',2,'2018-05-23','2018-05-23','450105','江南区','450100'),('2074',2,'2018-05-23','2018-05-23','450107','西乡塘区','450100'),('2075',2,'2018-05-23','2018-05-23','450108','良庆区','450100'),('2076',2,'2018-05-23','2018-05-23','450109','邕宁区','450100'),('2077',2,'2018-05-23','2018-05-23','450122','武鸣县','450100'),('2078',2,'2018-05-23','2018-05-23','450123','隆安县','450100'),('2079',2,'2018-05-23','2018-05-23','450124','马山县','450100'),('208',2,'2018-05-23','2018-05-23','131101','市辖区','131100'),('2080',2,'2018-05-23','2018-05-23','450125','上林县','450100'),('2081',2,'2018-05-23','2018-05-23','450126','宾阳县','450100'),('2082',2,'2018-05-23','2018-05-23','450127','横　县','450100'),('2083',2,'2018-05-23','2018-05-23','450201','市辖区','450200'),('2084',2,'2018-05-23','2018-05-23','450202','城中区','450200'),('2085',2,'2018-05-23','2018-05-23','450203','鱼峰区','450200'),('2086',2,'2018-05-23','2018-05-23','450204','柳南区','450200'),('2087',2,'2018-05-23','2018-05-23','450205','柳北区','450200'),('2088',2,'2018-05-23','2018-05-23','450221','柳江县','450200'),('2089',2,'2018-05-23','2018-05-23','450222','柳城县','450200'),('209',2,'2018-05-23','2018-05-23','131102','桃城区','131100'),('2090',2,'2018-05-23','2018-05-23','450223','鹿寨县','450200'),('2091',2,'2018-05-23','2018-05-23','450224','融安县','450200'),('2092',2,'2018-05-23','2018-05-23','450225','融水苗族自治县','450200'),('2093',2,'2018-05-23','2018-05-23','450226','三江侗族自治县','450200'),('2094',2,'2018-05-23','2018-05-23','450301','市辖区','450300'),('2095',2,'2018-05-23','2018-05-23','450302','秀峰区','450300'),('2096',2,'2018-05-23','2018-05-23','450303','叠彩区','450300'),('2097',2,'2018-05-23','2018-05-23','450304','象山区','450300'),('2098',2,'2018-05-23','2018-05-23','450305','七星区','450300'),('2099',2,'2018-05-23','2018-05-23','450311','雁山区','450300'),('21',2,'2018-05-23','2018-05-23','120103','河西区','120100'),('210',2,'2018-05-23','2018-05-23','131121','枣强县','131100'),('2100',2,'2018-05-23','2018-05-23','450321','阳朔县','450300'),('2101',2,'2018-05-23','2018-05-23','450322','临桂县','450300'),('2102',2,'2018-05-23','2018-05-23','450323','灵川县','450300'),('2103',2,'2018-05-23','2018-05-23','450324','全州县','450300'),('2104',2,'2018-05-23','2018-05-23','450325','兴安县','450300'),('2105',2,'2018-05-23','2018-05-23','450326','永福县','450300'),('2106',2,'2018-05-23','2018-05-23','450327','灌阳县','450300'),('2107',2,'2018-05-23','2018-05-23','450328','龙胜各族自治县','450300'),('2108',2,'2018-05-23','2018-05-23','450329','资源县','450300'),('2109',2,'2018-05-23','2018-05-23','450330','平乐县','450300'),('211',2,'2018-05-23','2018-05-23','131122','武邑县','131100'),('2110',2,'2018-05-23','2018-05-23','450331','荔蒲县','450300'),('2111',2,'2018-05-23','2018-05-23','450332','恭城瑶族自治县','450300'),('2112',2,'2018-05-23','2018-05-23','450401','市辖区','450400'),('2113',2,'2018-05-23','2018-05-23','450403','万秀区','450400'),('2114',2,'2018-05-23','2018-05-23','450404','蝶山区','450400'),('2115',2,'2018-05-23','2018-05-23','450405','长洲区','450400'),('2116',2,'2018-05-23','2018-05-23','450421','苍梧县','450400'),('2117',2,'2018-05-23','2018-05-23','450422','藤　县','450400'),('2118',2,'2018-05-23','2018-05-23','450423','蒙山县','450400'),('2119',2,'2018-05-23','2018-05-23','450481','岑溪市','450400'),('212',2,'2018-05-23','2018-05-23','131123','武强县','131100'),('2120',2,'2018-05-23','2018-05-23','450501','市辖区','450500'),('2121',2,'2018-05-23','2018-05-23','450502','海城区','450500'),('2122',2,'2018-05-23','2018-05-23','450503','银海区','450500'),('2123',2,'2018-05-23','2018-05-23','450512','铁山港区','450500'),('2124',2,'2018-05-23','2018-05-23','450521','合浦县','450500'),('2125',2,'2018-05-23','2018-05-23','450601','市辖区','450600'),('2126',2,'2018-05-23','2018-05-23','450602','港口区','450600'),('2127',2,'2018-05-23','2018-05-23','450603','防城区','450600'),('2128',2,'2018-05-23','2018-05-23','450621','上思县','450600'),('2129',2,'2018-05-23','2018-05-23','450681','东兴市','450600'),('213',2,'2018-05-23','2018-05-23','131124','饶阳县','131100'),('2130',2,'2018-05-23','2018-05-23','450701','市辖区','450700'),('2131',2,'2018-05-23','2018-05-23','450702','钦南区','450700'),('2132',2,'2018-05-23','2018-05-23','450703','钦北区','450700'),('2133',2,'2018-05-23','2018-05-23','450721','灵山县','450700'),('2134',2,'2018-05-23','2018-05-23','450722','浦北县','450700'),('2135',2,'2018-05-23','2018-05-23','450801','市辖区','450800'),('2136',2,'2018-05-23','2018-05-23','450802','港北区','450800'),('2137',2,'2018-05-23','2018-05-23','450803','港南区','450800'),('2138',2,'2018-05-23','2018-05-23','450804','覃塘区','450800'),('2139',2,'2018-05-23','2018-05-23','450821','平南县','450800'),('214',2,'2018-05-23','2018-05-23','131125','安平县','131100'),('2140',2,'2018-05-23','2018-05-23','450881','桂平市','450800'),('2141',2,'2018-05-23','2018-05-23','450901','市辖区','450900'),('2142',2,'2018-05-23','2018-05-23','450902','玉州区','450900'),('2143',2,'2018-05-23','2018-05-23','450921','容　县','450900'),('2144',2,'2018-05-23','2018-05-23','450922','陆川县','450900'),('2145',2,'2018-05-23','2018-05-23','450923','博白县','450900'),('2146',2,'2018-05-23','2018-05-23','450924','兴业县','450900'),('2147',2,'2018-05-23','2018-05-23','450981','北流市','450900'),('2148',2,'2018-05-23','2018-05-23','451001','市辖区','451000'),('2149',2,'2018-05-23','2018-05-23','451002','右江区','451000'),('215',2,'2018-05-23','2018-05-23','131126','故城县','131100'),('2150',2,'2018-05-23','2018-05-23','451021','田阳县','451000'),('2151',2,'2018-05-23','2018-05-23','451022','田东县','451000'),('2152',2,'2018-05-23','2018-05-23','451023','平果县','451000'),('2153',2,'2018-05-23','2018-05-23','451024','德保县','451000'),('2154',2,'2018-05-23','2018-05-23','451025','靖西县','451000'),('2155',2,'2018-05-23','2018-05-23','451026','那坡县','451000'),('2156',2,'2018-05-23','2018-05-23','451027','凌云县','451000'),('2157',2,'2018-05-23','2018-05-23','451028','乐业县','451000'),('2158',2,'2018-05-23','2018-05-23','451029','田林县','451000'),('2159',2,'2018-05-23','2018-05-23','451030','西林县','451000'),('216',2,'2018-05-23','2018-05-23','131127','景　县','131100'),('2160',2,'2018-05-23','2018-05-23','451031','隆林各族自治县','451000'),('2161',2,'2018-05-23','2018-05-23','451101','市辖区','451100'),('2162',2,'2018-05-23','2018-05-23','451102','八步区','451100'),('2163',2,'2018-05-23','2018-05-23','451121','昭平县','451100'),('2164',2,'2018-05-23','2018-05-23','451122','钟山县','451100'),('2165',2,'2018-05-23','2018-05-23','451123','富川瑶族自治县','451100'),('2166',2,'2018-05-23','2018-05-23','451201','市辖区','451200'),('2167',2,'2018-05-23','2018-05-23','451202','金城江区','451200'),('2168',2,'2018-05-23','2018-05-23','451221','南丹县','451200'),('2169',2,'2018-05-23','2018-05-23','451222','天峨县','451200'),('217',2,'2018-05-23','2018-05-23','131128','阜城县','131100'),('2170',2,'2018-05-23','2018-05-23','451223','凤山县','451200'),('2171',2,'2018-05-23','2018-05-23','451224','东兰县','451200'),('2172',2,'2018-05-23','2018-05-23','451225','罗城仫佬族自治县','451200'),('2173',2,'2018-05-23','2018-05-23','451226','环江毛南族自治县','451200'),('2174',2,'2018-05-23','2018-05-23','451227','巴马瑶族自治县','451200'),('2175',2,'2018-05-23','2018-05-23','451228','都安瑶族自治县','451200'),('2176',2,'2018-05-23','2018-05-23','451229','大化瑶族自治县','451200'),('2177',2,'2018-05-23','2018-05-23','451281','宜州市','451200'),('2178',2,'2018-05-23','2018-05-23','451301','市辖区','451300'),('2179',2,'2018-05-23','2018-05-23','451302','兴宾区','451300'),('218',2,'2018-05-23','2018-05-23','131181','冀州市','131100'),('2180',2,'2018-05-23','2018-05-23','451321','忻城县','451300'),('2181',2,'2018-05-23','2018-05-23','451322','象州县','451300'),('2182',2,'2018-05-23','2018-05-23','451323','武宣县','451300'),('2183',2,'2018-05-23','2018-05-23','451324','金秀瑶族自治县','451300'),('2184',2,'2018-05-23','2018-05-23','451381','合山市','451300'),('2185',2,'2018-05-23','2018-05-23','451401','市辖区','451400'),('2186',2,'2018-05-23','2018-05-23','451402','江洲区','451400'),('2187',2,'2018-05-23','2018-05-23','451421','扶绥县','451400'),('2188',2,'2018-05-23','2018-05-23','451422','宁明县','451400'),('2189',2,'2018-05-23','2018-05-23','451423','龙州县','451400'),('219',2,'2018-05-23','2018-05-23','131182','深州市','131100'),('2190',2,'2018-05-23','2018-05-23','451424','大新县','451400'),('2191',2,'2018-05-23','2018-05-23','451425','天等县','451400'),('2192',2,'2018-05-23','2018-05-23','451481','凭祥市','451400'),('2193',2,'2018-05-23','2018-05-23','460101','市辖区','460100'),('2194',2,'2018-05-23','2018-05-23','460105','秀英区','460100'),('2195',2,'2018-05-23','2018-05-23','460106','龙华区','460100'),('2196',2,'2018-05-23','2018-05-23','460107','琼山区','460100'),('2197',2,'2018-05-23','2018-05-23','460108','美兰区','460100'),('2198',2,'2018-05-23','2018-05-23','460201','市辖区','460200'),('2199',2,'2018-05-23','2018-05-23','469001','五指山市','469000'),('22',2,'2018-05-23','2018-05-23','120104','南开区','120100'),('220',2,'2018-05-23','2018-05-23','140101','市辖区','140100'),('2200',2,'2018-05-23','2018-05-23','469002','琼海市','469000'),('2201',2,'2018-05-23','2018-05-23','469003','儋州市','469000'),('2202',2,'2018-05-23','2018-05-23','469005','文昌市','469000'),('2203',2,'2018-05-23','2018-05-23','469006','万宁市','469000'),('2204',2,'2018-05-23','2018-05-23','469007','东方市','469000'),('2205',2,'2018-05-23','2018-05-23','469025','定安县','469000'),('2206',2,'2018-05-23','2018-05-23','469026','屯昌县','469000'),('2207',2,'2018-05-23','2018-05-23','469027','澄迈县','469000'),('2208',2,'2018-05-23','2018-05-23','469028','临高县','469000'),('2209',2,'2018-05-23','2018-05-23','469030','白沙黎族自治县','469000'),('221',2,'2018-05-23','2018-05-23','140105','小店区','140100'),('2210',2,'2018-05-23','2018-05-23','469031','昌江黎族自治县','469000'),('2211',2,'2018-05-23','2018-05-23','469033','乐东黎族自治县','469000'),('2212',2,'2018-05-23','2018-05-23','469034','陵水黎族自治县','469000'),('2213',2,'2018-05-23','2018-05-23','469035','保亭黎族苗族自治县','469000'),('2214',2,'2018-05-23','2018-05-23','469036','琼中黎族苗族自治县','469000'),('2215',2,'2018-05-23','2018-05-23','469037','西沙群岛','469000'),('2216',2,'2018-05-23','2018-05-23','469038','南沙群岛','469000'),('2217',2,'2018-05-23','2018-05-23','469039','中沙群岛的岛礁及其海域','469000'),('2218',2,'2018-05-23','2018-05-23','500101','万州区','500100'),('2219',2,'2018-05-23','2018-05-23','500102','涪陵区','500100'),('222',2,'2018-05-23','2018-05-23','140106','迎泽区','140100'),('2220',2,'2018-05-23','2018-05-23','500103','渝中区','500100'),('2221',2,'2018-05-23','2018-05-23','500104','大渡口区','500100'),('2222',2,'2018-05-23','2018-05-23','500105','江北区','500100'),('2223',2,'2018-05-23','2018-05-23','500106','沙坪坝区','500100'),('2224',2,'2018-05-23','2018-05-23','500107','九龙坡区','500100'),('2225',2,'2018-05-23','2018-05-23','500108','南岸区','500100'),('2226',2,'2018-05-23','2018-05-23','500109','北碚区','500100'),('2227',2,'2018-05-23','2018-05-23','500110','万盛区','500100'),('2228',2,'2018-05-23','2018-05-23','500111','双桥区','500100'),('2229',2,'2018-05-23','2018-05-23','500112','渝北区','500100'),('223',2,'2018-05-23','2018-05-23','140107','杏花岭区','140100'),('2230',2,'2018-05-23','2018-05-23','500113','巴南区','500100'),('2231',2,'2018-05-23','2018-05-23','500114','黔江区','500100'),('2232',2,'2018-05-23','2018-05-23','500115','长寿区','500100'),('2233',2,'2018-05-23','2018-05-23','500222','綦江县','500100'),('2234',2,'2018-05-23','2018-05-23','500223','潼南县','500100'),('2235',2,'2018-05-23','2018-05-23','500224','铜梁县','500100'),('2236',2,'2018-05-23','2018-05-23','500225','大足县','500100'),('2237',2,'2018-05-23','2018-05-23','500226','荣昌县','500100'),('2238',2,'2018-05-23','2018-05-23','500227','璧山县','500100'),('2239',2,'2018-05-23','2018-05-23','500228','梁平县','500100'),('224',2,'2018-05-23','2018-05-23','140108','尖草坪区','140100'),('2240',2,'2018-05-23','2018-05-23','500229','城口县','500100'),('2241',2,'2018-05-23','2018-05-23','500230','丰都县','500100'),('2242',2,'2018-05-23','2018-05-23','500231','垫江县','500100'),('2243',2,'2018-05-23','2018-05-23','500232','武隆县','500100'),('2244',2,'2018-05-23','2018-05-23','500233','忠　县','500100'),('2245',2,'2018-05-23','2018-05-23','500234','开　县','500100'),('2246',2,'2018-05-23','2018-05-23','500235','云阳县','500100'),('2247',2,'2018-05-23','2018-05-23','500236','奉节县','500100'),('2248',2,'2018-05-23','2018-05-23','500237','巫山县','500100'),('2249',2,'2018-05-23','2018-05-23','500238','巫溪县','500100'),('225',2,'2018-05-23','2018-05-23','140109','万柏林区','140100'),('2250',2,'2018-05-23','2018-05-23','500240','石柱土家族自治县','500100'),('2251',2,'2018-05-23','2018-05-23','500241','秀山土家族苗族自治县','500100'),('2252',2,'2018-05-23','2018-05-23','500242','酉阳土家族苗族自治县','500100'),('2253',2,'2018-05-23','2018-05-23','500243','彭水苗族土家族自治县','500100'),('2254',2,'2018-05-23','2018-05-23','500381','江津市','500100'),('2255',2,'2018-05-23','2018-05-23','500382','合川市','500100'),('2256',2,'2018-05-23','2018-05-23','500383','永川市','500100'),('2257',2,'2018-05-23','2018-05-23','500384','南川市','500100'),('2258',2,'2018-05-23','2018-05-23','510101','市辖区','510100'),('2259',2,'2018-05-23','2018-05-23','510104','锦江区','510100'),('226',2,'2018-05-23','2018-05-23','140110','晋源区','140100'),('2260',2,'2018-05-23','2018-05-23','510105','青羊区','510100'),('2261',2,'2018-05-23','2018-05-23','510106','金牛区','510100'),('2262',2,'2018-05-23','2018-05-23','510107','武侯区','510100'),('2263',2,'2018-05-23','2018-05-23','510108','成华区','510100'),('2264',2,'2018-05-23','2018-05-23','510112','龙泉驿区','510100'),('2265',2,'2018-05-23','2018-05-23','510113','青白江区','510100'),('2266',2,'2018-05-23','2018-05-23','510114','新都区','510100'),('2267',2,'2018-05-23','2018-05-23','510115','温江区','510100'),('2268',2,'2018-05-23','2018-05-23','510121','金堂县','510100'),('2269',2,'2018-05-23','2018-05-23','510122','双流县','510100'),('227',2,'2018-05-23','2018-05-23','140121','清徐县','140100'),('2270',2,'2018-05-23','2018-05-23','510124','郫　县','510100'),('2271',2,'2018-05-23','2018-05-23','510129','大邑县','510100'),('2272',2,'2018-05-23','2018-05-23','510131','蒲江县','510100'),('2273',2,'2018-05-23','2018-05-23','510132','新津县','510100'),('2274',2,'2018-05-23','2018-05-23','510181','都江堰市','510100'),('2275',2,'2018-05-23','2018-05-23','510182','彭州市','510100'),('2276',2,'2018-05-23','2018-05-23','510183','邛崃市','510100'),('2277',2,'2018-05-23','2018-05-23','510184','崇州市','510100'),('2278',2,'2018-05-23','2018-05-23','510301','市辖区','510300'),('2279',2,'2018-05-23','2018-05-23','510302','自流井区','510300'),('228',2,'2018-05-23','2018-05-23','140122','阳曲县','140100'),('2280',2,'2018-05-23','2018-05-23','510303','贡井区','510300'),('2281',2,'2018-05-23','2018-05-23','510304','大安区','510300'),('2282',2,'2018-05-23','2018-05-23','510311','沿滩区','510300'),('2283',2,'2018-05-23','2018-05-23','510321','荣　县','510300'),('2284',2,'2018-05-23','2018-05-23','510322','富顺县','510300'),('2285',2,'2018-05-23','2018-05-23','510401','市辖区','510400'),('2286',2,'2018-05-23','2018-05-23','510402','东　区','510400'),('2287',2,'2018-05-23','2018-05-23','510403','西　区','510400'),('2288',2,'2018-05-23','2018-05-23','510411','仁和区','510400'),('2289',2,'2018-05-23','2018-05-23','510421','米易县','510400'),('229',2,'2018-05-23','2018-05-23','140123','娄烦县','140100'),('2290',2,'2018-05-23','2018-05-23','510422','盐边县','510400'),('2291',2,'2018-05-23','2018-05-23','510501','市辖区','510500'),('2292',2,'2018-05-23','2018-05-23','510502','江阳区','510500'),('2293',2,'2018-05-23','2018-05-23','510503','纳溪区','510500'),('2294',2,'2018-05-23','2018-05-23','510504','龙马潭区','510500'),('2295',2,'2018-05-23','2018-05-23','510521','泸　县','510500'),('2296',2,'2018-05-23','2018-05-23','510522','合江县','510500'),('2297',2,'2018-05-23','2018-05-23','510524','叙永县','510500'),('2298',2,'2018-05-23','2018-05-23','510525','古蔺县','510500'),('2299',2,'2018-05-23','2018-05-23','510601','市辖区','510600'),('23',2,'2018-05-23','2018-05-23','120105','河北区','120100'),('230',2,'2018-05-23','2018-05-23','140181','古交市','140100'),('2300',2,'2018-05-23','2018-05-23','510603','旌阳区','510600'),('2301',2,'2018-05-23','2018-05-23','510623','中江县','510600'),('2302',2,'2018-05-23','2018-05-23','510626','罗江县','510600'),('2303',2,'2018-05-23','2018-05-23','510681','广汉市','510600'),('2304',2,'2018-05-23','2018-05-23','510682','什邡市','510600'),('2305',2,'2018-05-23','2018-05-23','510683','绵竹市','510600'),('2306',2,'2018-05-23','2018-05-23','510701','市辖区','510700'),('2307',2,'2018-05-23','2018-05-23','510703','涪城区','510700'),('2308',2,'2018-05-23','2018-05-23','510704','游仙区','510700'),('2309',2,'2018-05-23','2018-05-23','510722','三台县','510700'),('231',2,'2018-05-23','2018-05-23','140201','市辖区','140200'),('2310',2,'2018-05-23','2018-05-23','510723','盐亭县','510700'),('2311',2,'2018-05-23','2018-05-23','510724','安　县','510700'),('2312',2,'2018-05-23','2018-05-23','510725','梓潼县','510700'),('2313',2,'2018-05-23','2018-05-23','510726','北川羌族自治县','510700'),('2314',2,'2018-05-23','2018-05-23','510727','平武县','510700'),('2315',2,'2018-05-23','2018-05-23','510781','江油市','510700'),('2316',2,'2018-05-23','2018-05-23','510801','市辖区','510800'),('2317',2,'2018-05-23','2018-05-23','510802','市中区','510800'),('2318',2,'2018-05-23','2018-05-23','510811','元坝区','510800'),('2319',2,'2018-05-23','2018-05-23','510812','朝天区','510800'),('232',2,'2018-05-23','2018-05-23','140202','城　区','140200'),('2320',2,'2018-05-23','2018-05-23','510821','旺苍县','510800'),('2321',2,'2018-05-23','2018-05-23','510822','青川县','510800'),('2322',2,'2018-05-23','2018-05-23','510823','剑阁县','510800'),('2323',2,'2018-05-23','2018-05-23','510824','苍溪县','510800'),('2324',2,'2018-05-23','2018-05-23','510901','市辖区','510900'),('2325',2,'2018-05-23','2018-05-23','510903','船山区','510900'),('2326',2,'2018-05-23','2018-05-23','510904','安居区','510900'),('2327',2,'2018-05-23','2018-05-23','510921','蓬溪县','510900'),('2328',2,'2018-05-23','2018-05-23','510922','射洪县','510900'),('2329',2,'2018-05-23','2018-05-23','510923','大英县','510900'),('233',2,'2018-05-23','2018-05-23','140203','矿　区','140200'),('2330',2,'2018-05-23','2018-05-23','511001','市辖区','511000'),('2331',2,'2018-05-23','2018-05-23','511002','市中区','511000'),('2332',2,'2018-05-23','2018-05-23','511011','东兴区','511000'),('2333',2,'2018-05-23','2018-05-23','511024','威远县','511000'),('2334',2,'2018-05-23','2018-05-23','511025','资中县','511000'),('2335',2,'2018-05-23','2018-05-23','511028','隆昌县','511000'),('2336',2,'2018-05-23','2018-05-23','511101','市辖区','511100'),('2337',2,'2018-05-23','2018-05-23','511102','市中区','511100'),('2338',2,'2018-05-23','2018-05-23','511111','沙湾区','511100'),('2339',2,'2018-05-23','2018-05-23','511112','五通桥区','511100'),('234',2,'2018-05-23','2018-05-23','140211','南郊区','140200'),('2340',2,'2018-05-23','2018-05-23','511113','金口河区','511100'),('2341',2,'2018-05-23','2018-05-23','511123','犍为县','511100'),('2342',2,'2018-05-23','2018-05-23','511124','井研县','511100'),('2343',2,'2018-05-23','2018-05-23','511126','夹江县','511100'),('2344',2,'2018-05-23','2018-05-23','511129','沐川县','511100'),('2345',2,'2018-05-23','2018-05-23','511132','峨边彝族自治县','511100'),('2346',2,'2018-05-23','2018-05-23','511133','马边彝族自治县','511100'),('2347',2,'2018-05-23','2018-05-23','511181','峨眉山市','511100'),('2348',2,'2018-05-23','2018-05-23','511301','市辖区','511300'),('2349',2,'2018-05-23','2018-05-23','511302','顺庆区','511300'),('235',2,'2018-05-23','2018-05-23','140212','新荣区','140200'),('2350',2,'2018-05-23','2018-05-23','511303','高坪区','511300'),('2351',2,'2018-05-23','2018-05-23','511304','嘉陵区','511300'),('2352',2,'2018-05-23','2018-05-23','511321','南部县','511300'),('2353',2,'2018-05-23','2018-05-23','511322','营山县','511300'),('2354',2,'2018-05-23','2018-05-23','511323','蓬安县','511300'),('2355',2,'2018-05-23','2018-05-23','511324','仪陇县','511300'),('2356',2,'2018-05-23','2018-05-23','511325','西充县','511300'),('2357',2,'2018-05-23','2018-05-23','511381','阆中市','511300'),('2358',2,'2018-05-23','2018-05-23','511401','市辖区','511400'),('2359',2,'2018-05-23','2018-05-23','511402','东坡区','511400'),('236',2,'2018-05-23','2018-05-23','140221','阳高县','140200'),('2360',2,'2018-05-23','2018-05-23','511421','仁寿县','511400'),('2361',2,'2018-05-23','2018-05-23','511422','彭山县','511400'),('2362',2,'2018-05-23','2018-05-23','511423','洪雅县','511400'),('2363',2,'2018-05-23','2018-05-23','511424','丹棱县','511400'),('2364',2,'2018-05-23','2018-05-23','511425','青神县','511400'),('2365',2,'2018-05-23','2018-05-23','511501','市辖区','511500'),('2366',2,'2018-05-23','2018-05-23','511502','翠屏区','511500'),('2367',2,'2018-05-23','2018-05-23','511521','宜宾县','511500'),('2368',2,'2018-05-23','2018-05-23','511522','南溪县','511500'),('2369',2,'2018-05-23','2018-05-23','511523','江安县','511500'),('237',2,'2018-05-23','2018-05-23','140222','天镇县','140200'),('2370',2,'2018-05-23','2018-05-23','511524','长宁县','511500'),('2371',2,'2018-05-23','2018-05-23','511525','高　县','511500'),('2372',2,'2018-05-23','2018-05-23','511526','珙　县','511500'),('2373',2,'2018-05-23','2018-05-23','511527','筠连县','511500'),('2374',2,'2018-05-23','2018-05-23','511528','兴文县','511500'),('2375',2,'2018-05-23','2018-05-23','511529','屏山县','511500'),('2376',2,'2018-05-23','2018-05-23','511601','市辖区','511600'),('2377',2,'2018-05-23','2018-05-23','511602','广安区','511600'),('2378',2,'2018-05-23','2018-05-23','511621','岳池县','511600'),('2379',2,'2018-05-23','2018-05-23','511622','武胜县','511600'),('238',2,'2018-05-23','2018-05-23','140223','广灵县','140200'),('2380',2,'2018-05-23','2018-05-23','511623','邻水县','511600'),('2381',2,'2018-05-23','2018-05-23','511681','华莹市','511600'),('2382',2,'2018-05-23','2018-05-23','511701','市辖区','511700'),('2383',2,'2018-05-23','2018-05-23','511702','通川区','511700'),('2384',2,'2018-05-23','2018-05-23','511721','达　县','511700'),('2385',2,'2018-05-23','2018-05-23','511722','宣汉县','511700'),('2386',2,'2018-05-23','2018-05-23','511723','开江县','511700'),('2387',2,'2018-05-23','2018-05-23','511724','大竹县','511700'),('2388',2,'2018-05-23','2018-05-23','511725','渠　县','511700'),('2389',2,'2018-05-23','2018-05-23','511781','万源市','511700'),('239',2,'2018-05-23','2018-05-23','140224','灵丘县','140200'),('2390',2,'2018-05-23','2018-05-23','511801','市辖区','511800'),('2391',2,'2018-05-23','2018-05-23','511802','雨城区','511800'),('2392',2,'2018-05-23','2018-05-23','511821','名山县','511800'),('2393',2,'2018-05-23','2018-05-23','511822','荥经县','511800'),('2394',2,'2018-05-23','2018-05-23','511823','汉源县','511800'),('2395',2,'2018-05-23','2018-05-23','511824','石棉县','511800'),('2396',2,'2018-05-23','2018-05-23','511825','天全县','511800'),('2397',2,'2018-05-23','2018-05-23','511826','芦山县','511800'),('2398',2,'2018-05-23','2018-05-23','511827','宝兴县','511800'),('2399',2,'2018-05-23','2018-05-23','511901','市辖区','511900'),('24',2,'2018-05-23','2018-05-23','120106','红桥区','120100'),('240',2,'2018-05-23','2018-05-23','140225','浑源县','140200'),('2400',2,'2018-05-23','2018-05-23','511902','巴州区','511900'),('2401',2,'2018-05-23','2018-05-23','511921','通江县','511900'),('2402',2,'2018-05-23','2018-05-23','511922','南江县','511900'),('2403',2,'2018-05-23','2018-05-23','511923','平昌县','511900'),('2404',2,'2018-05-23','2018-05-23','512001','市辖区','512000'),('2405',2,'2018-05-23','2018-05-23','512002','雁江区','512000'),('2406',2,'2018-05-23','2018-05-23','512021','安岳县','512000'),('2407',2,'2018-05-23','2018-05-23','512022','乐至县','512000'),('2408',2,'2018-05-23','2018-05-23','512081','简阳市','512000'),('2409',2,'2018-05-23','2018-05-23','513221','汶川县','513200'),('241',2,'2018-05-23','2018-05-23','140226','左云县','140200'),('2410',2,'2018-05-23','2018-05-23','513222','理　县','513200'),('2411',2,'2018-05-23','2018-05-23','513223','茂　县','513200'),('2412',2,'2018-05-23','2018-05-23','513224','松潘县','513200'),('2413',2,'2018-05-23','2018-05-23','513225','九寨沟县','513200'),('2414',2,'2018-05-23','2018-05-23','513226','金川县','513200'),('2415',2,'2018-05-23','2018-05-23','513227','小金县','513200'),('2416',2,'2018-05-23','2018-05-23','513228','黑水县','513200'),('2417',2,'2018-05-23','2018-05-23','513229','马尔康县','513200'),('2418',2,'2018-05-23','2018-05-23','513230','壤塘县','513200'),('2419',2,'2018-05-23','2018-05-23','513231','阿坝县','513200'),('242',2,'2018-05-23','2018-05-23','140227','大同县','140200'),('2420',2,'2018-05-23','2018-05-23','513232','若尔盖县','513200'),('2421',2,'2018-05-23','2018-05-23','513233','红原县','513200'),('2422',2,'2018-05-23','2018-05-23','513321','康定县','513300'),('2423',2,'2018-05-23','2018-05-23','513322','泸定县','513300'),('2424',2,'2018-05-23','2018-05-23','513323','丹巴县','513300'),('2425',2,'2018-05-23','2018-05-23','513324','九龙县','513300'),('2426',2,'2018-05-23','2018-05-23','513325','雅江县','513300'),('2427',2,'2018-05-23','2018-05-23','513326','道孚县','513300'),('2428',2,'2018-05-23','2018-05-23','513327','炉霍县','513300'),('2429',2,'2018-05-23','2018-05-23','513328','甘孜县','513300'),('243',2,'2018-05-23','2018-05-23','140301','市辖区','140300'),('2430',2,'2018-05-23','2018-05-23','513329','新龙县','513300'),('2431',2,'2018-05-23','2018-05-23','513330','德格县','513300'),('2432',2,'2018-05-23','2018-05-23','513331','白玉县','513300'),('2433',2,'2018-05-23','2018-05-23','513332','石渠县','513300'),('2434',2,'2018-05-23','2018-05-23','513333','色达县','513300'),('2435',2,'2018-05-23','2018-05-23','513334','理塘县','513300'),('2436',2,'2018-05-23','2018-05-23','513335','巴塘县','513300'),('2437',2,'2018-05-23','2018-05-23','513336','乡城县','513300'),('2438',2,'2018-05-23','2018-05-23','513337','稻城县','513300'),('2439',2,'2018-05-23','2018-05-23','513338','得荣县','513300'),('244',2,'2018-05-23','2018-05-23','140302','城　区','140300'),('2440',2,'2018-05-23','2018-05-23','513401','西昌市','513400'),('2441',2,'2018-05-23','2018-05-23','513422','木里藏族自治县','513400'),('2442',2,'2018-05-23','2018-05-23','513423','盐源县','513400'),('2443',2,'2018-05-23','2018-05-23','513424','德昌县','513400'),('2444',2,'2018-05-23','2018-05-23','513425','会理县','513400'),('2445',2,'2018-05-23','2018-05-23','513426','会东县','513400'),('2446',2,'2018-05-23','2018-05-23','513427','宁南县','513400'),('2447',2,'2018-05-23','2018-05-23','513428','普格县','513400'),('2448',2,'2018-05-23','2018-05-23','513429','布拖县','513400'),('2449',2,'2018-05-23','2018-05-23','513430','金阳县','513400'),('245',2,'2018-05-23','2018-05-23','140303','矿　区','140300'),('2450',2,'2018-05-23','2018-05-23','513431','昭觉县','513400'),('2451',2,'2018-05-23','2018-05-23','513432','喜德县','513400'),('2452',2,'2018-05-23','2018-05-23','513433','冕宁县','513400'),('2453',2,'2018-05-23','2018-05-23','513434','越西县','513400'),('2454',2,'2018-05-23','2018-05-23','513435','甘洛县','513400'),('2455',2,'2018-05-23','2018-05-23','513436','美姑县','513400'),('2456',2,'2018-05-23','2018-05-23','513437','雷波县','513400'),('2457',2,'2018-05-23','2018-05-23','520101','市辖区','520100'),('2458',2,'2018-05-23','2018-05-23','520102','南明区','520100'),('2459',2,'2018-05-23','2018-05-23','520103','云岩区','520100'),('246',2,'2018-05-23','2018-05-23','140311','郊　区','140300'),('2460',2,'2018-05-23','2018-05-23','520111','花溪区','520100'),('2461',2,'2018-05-23','2018-05-23','520112','乌当区','520100'),('2462',2,'2018-05-23','2018-05-23','520113','白云区','520100'),('2463',2,'2018-05-23','2018-05-23','520114','小河区','520100'),('2464',2,'2018-05-23','2018-05-23','520121','开阳县','520100'),('2465',2,'2018-05-23','2018-05-23','520122','息烽县','520100'),('2466',2,'2018-05-23','2018-05-23','520123','修文县','520100'),('2467',2,'2018-05-23','2018-05-23','520181','清镇市','520100'),('2468',2,'2018-05-23','2018-05-23','520201','钟山区','520200'),('2469',2,'2018-05-23','2018-05-23','520203','六枝特区','520200'),('247',2,'2018-05-23','2018-05-23','140321','平定县','140300'),('2470',2,'2018-05-23','2018-05-23','520221','水城县','520200'),('2471',2,'2018-05-23','2018-05-23','520222','盘　县','520200'),('2472',2,'2018-05-23','2018-05-23','520301','市辖区','520300'),('2473',2,'2018-05-23','2018-05-23','520302','红花岗区','520300'),('2474',2,'2018-05-23','2018-05-23','520303','汇川区','520300'),('2475',2,'2018-05-23','2018-05-23','520321','遵义县','520300'),('2476',2,'2018-05-23','2018-05-23','520322','桐梓县','520300'),('2477',2,'2018-05-23','2018-05-23','520323','绥阳县','520300'),('2478',2,'2018-05-23','2018-05-23','520324','正安县','520300'),('2479',2,'2018-05-23','2018-05-23','520325','道真仡佬族苗族自治县','520300'),('248',2,'2018-05-23','2018-05-23','140322','盂　县','140300'),('2480',2,'2018-05-23','2018-05-23','520326','务川仡佬族苗族自治县','520300'),('2481',2,'2018-05-23','2018-05-23','520327','凤冈县','520300'),('2482',2,'2018-05-23','2018-05-23','520328','湄潭县','520300'),('2483',2,'2018-05-23','2018-05-23','520329','余庆县','520300'),('2484',2,'2018-05-23','2018-05-23','520330','习水县','520300'),('2485',2,'2018-05-23','2018-05-23','520381','赤水市','520300'),('2486',2,'2018-05-23','2018-05-23','520382','仁怀市','520300'),('2487',2,'2018-05-23','2018-05-23','520401','市辖区','520400'),('2488',2,'2018-05-23','2018-05-23','520402','西秀区','520400'),('2489',2,'2018-05-23','2018-05-23','520421','平坝县','520400'),('249',2,'2018-05-23','2018-05-23','140401','市辖区','140400'),('2490',2,'2018-05-23','2018-05-23','520422','普定县','520400'),('2491',2,'2018-05-23','2018-05-23','520423','镇宁布依族苗族自治县','520400'),('2492',2,'2018-05-23','2018-05-23','520424','关岭布依族苗族自治县','520400'),('2493',2,'2018-05-23','2018-05-23','520425','紫云苗族布依族自治县','520400'),('2494',2,'2018-05-23','2018-05-23','522201','铜仁市','522200'),('2495',2,'2018-05-23','2018-05-23','522222','江口县','522200'),('2496',2,'2018-05-23','2018-05-23','522223','玉屏侗族自治县','522200'),('2497',2,'2018-05-23','2018-05-23','522224','石阡县','522200'),('2498',2,'2018-05-23','2018-05-23','522225','思南县','522200'),('2499',2,'2018-05-23','2018-05-23','522226','印江土家族苗族自治县','522200'),('25',2,'2018-05-23','2018-05-23','120107','塘沽区','120100'),('250',2,'2018-05-23','2018-05-23','140402','城　区','140400'),('2500',2,'2018-05-23','2018-05-23','522227','德江县','522200'),('2501',2,'2018-05-23','2018-05-23','522228','沿河土家族自治县','522200'),('2502',2,'2018-05-23','2018-05-23','522229','松桃苗族自治县','522200'),('2503',2,'2018-05-23','2018-05-23','522230','万山特区','522200'),('2504',2,'2018-05-23','2018-05-23','522301','兴义市','522300'),('2505',2,'2018-05-23','2018-05-23','522322','兴仁县','522300'),('2506',2,'2018-05-23','2018-05-23','522323','普安县','522300'),('2507',2,'2018-05-23','2018-05-23','522324','晴隆县','522300'),('2508',2,'2018-05-23','2018-05-23','522325','贞丰县','522300'),('2509',2,'2018-05-23','2018-05-23','522326','望谟县','522300'),('251',2,'2018-05-23','2018-05-23','140411','郊　区','140400'),('2510',2,'2018-05-23','2018-05-23','522327','册亨县','522300'),('2511',2,'2018-05-23','2018-05-23','522328','安龙县','522300'),('2512',2,'2018-05-23','2018-05-23','522401','毕节市','522400'),('2513',2,'2018-05-23','2018-05-23','522422','大方县','522400'),('2514',2,'2018-05-23','2018-05-23','522423','黔西县','522400'),('2515',2,'2018-05-23','2018-05-23','522424','金沙县','522400'),('2516',2,'2018-05-23','2018-05-23','522425','织金县','522400'),('2517',2,'2018-05-23','2018-05-23','522426','纳雍县','522400'),('2518',2,'2018-05-23','2018-05-23','522427','威宁彝族回族苗族自治县','522400'),('2519',2,'2018-05-23','2018-05-23','522428','赫章县','522400'),('252',2,'2018-05-23','2018-05-23','140421','长治县','140400'),('2520',2,'2018-05-23','2018-05-23','522601','凯里市','522600'),('2521',2,'2018-05-23','2018-05-23','522622','黄平县','522600'),('2522',2,'2018-05-23','2018-05-23','522623','施秉县','522600'),('2523',2,'2018-05-23','2018-05-23','522624','三穗县','522600'),('2524',2,'2018-05-23','2018-05-23','522625','镇远县','522600'),('2525',2,'2018-05-23','2018-05-23','522626','岑巩县','522600'),('2526',2,'2018-05-23','2018-05-23','522627','天柱县','522600'),('2527',2,'2018-05-23','2018-05-23','522628','锦屏县','522600'),('2528',2,'2018-05-23','2018-05-23','522629','剑河县','522600'),('2529',2,'2018-05-23','2018-05-23','522630','台江县','522600'),('253',2,'2018-05-23','2018-05-23','140423','襄垣县','140400'),('2530',2,'2018-05-23','2018-05-23','522631','黎平县','522600'),('2531',2,'2018-05-23','2018-05-23','522632','榕江县','522600'),('2532',2,'2018-05-23','2018-05-23','522633','从江县','522600'),('2533',2,'2018-05-23','2018-05-23','522634','雷山县','522600'),('2534',2,'2018-05-23','2018-05-23','522635','麻江县','522600'),('2535',2,'2018-05-23','2018-05-23','522636','丹寨县','522600'),('2536',2,'2018-05-23','2018-05-23','522701','都匀市','522700'),('2537',2,'2018-05-23','2018-05-23','522702','福泉市','522700'),('2538',2,'2018-05-23','2018-05-23','522722','荔波县','522700'),('2539',2,'2018-05-23','2018-05-23','522723','贵定县','522700'),('254',2,'2018-05-23','2018-05-23','140424','屯留县','140400'),('2540',2,'2018-05-23','2018-05-23','522725','瓮安县','522700'),('2541',2,'2018-05-23','2018-05-23','522726','独山县','522700'),('2542',2,'2018-05-23','2018-05-23','522727','平塘县','522700'),('2543',2,'2018-05-23','2018-05-23','522728','罗甸县','522700'),('2544',2,'2018-05-23','2018-05-23','522729','长顺县','522700'),('2545',2,'2018-05-23','2018-05-23','522730','龙里县','522700'),('2546',2,'2018-05-23','2018-05-23','522731','惠水县','522700'),('2547',2,'2018-05-23','2018-05-23','522732','三都水族自治县','522700'),('2548',2,'2018-05-23','2018-05-23','530101','市辖区','530100'),('2549',2,'2018-05-23','2018-05-23','530102','五华区','530100'),('255',2,'2018-05-23','2018-05-23','140425','平顺县','140400'),('2550',2,'2018-05-23','2018-05-23','530103','盘龙区','530100'),('2551',2,'2018-05-23','2018-05-23','530111','官渡区','530100'),('2552',2,'2018-05-23','2018-05-23','530112','西山区','530100'),('2553',2,'2018-05-23','2018-05-23','530113','东川区','530100'),('2554',2,'2018-05-23','2018-05-23','530121','呈贡县','530100'),('2555',2,'2018-05-23','2018-05-23','530122','晋宁县','530100'),('2556',2,'2018-05-23','2018-05-23','530124','富民县','530100'),('2557',2,'2018-05-23','2018-05-23','530125','宜良县','530100'),('2558',2,'2018-05-23','2018-05-23','530126','石林彝族自治县','530100'),('2559',2,'2018-05-23','2018-05-23','530127','嵩明县','530100'),('256',2,'2018-05-23','2018-05-23','140426','黎城县','140400'),('2560',2,'2018-05-23','2018-05-23','530128','禄劝彝族苗族自治县','530100'),('2561',2,'2018-05-23','2018-05-23','530129','寻甸回族彝族自治县','530100'),('2562',2,'2018-05-23','2018-05-23','530181','安宁市','530100'),('2563',2,'2018-05-23','2018-05-23','530301','市辖区','530300'),('2564',2,'2018-05-23','2018-05-23','530302','麒麟区','530300'),('2565',2,'2018-05-23','2018-05-23','530321','马龙县','530300'),('2566',2,'2018-05-23','2018-05-23','530322','陆良县','530300'),('2567',2,'2018-05-23','2018-05-23','530323','师宗县','530300'),('2568',2,'2018-05-23','2018-05-23','530324','罗平县','530300'),('2569',2,'2018-05-23','2018-05-23','530325','富源县','530300'),('257',2,'2018-05-23','2018-05-23','140427','壶关县','140400'),('2570',2,'2018-05-23','2018-05-23','530326','会泽县','530300'),('2571',2,'2018-05-23','2018-05-23','530328','沾益县','530300'),('2572',2,'2018-05-23','2018-05-23','530381','宣威市','530300'),('2573',2,'2018-05-23','2018-05-23','530401','市辖区','530400'),('2574',2,'2018-05-23','2018-05-23','530402','红塔区','530400'),('2575',2,'2018-05-23','2018-05-23','530421','江川县','530400'),('2576',2,'2018-05-23','2018-05-23','530422','澄江县','530400'),('2577',2,'2018-05-23','2018-05-23','530423','通海县','530400'),('2578',2,'2018-05-23','2018-05-23','530424','华宁县','530400'),('2579',2,'2018-05-23','2018-05-23','530425','易门县','530400'),('258',2,'2018-05-23','2018-05-23','140428','长子县','140400'),('2580',2,'2018-05-23','2018-05-23','530426','峨山彝族自治县','530400'),('2581',2,'2018-05-23','2018-05-23','530427','新平彝族傣族自治县','530400'),('2582',2,'2018-05-23','2018-05-23','530428','元江哈尼族彝族傣族自治县','530400'),('2583',2,'2018-05-23','2018-05-23','530501','市辖区','530500'),('2584',2,'2018-05-23','2018-05-23','530502','隆阳区','530500'),('2585',2,'2018-05-23','2018-05-23','530521','施甸县','530500'),('2586',2,'2018-05-23','2018-05-23','530522','腾冲县','530500'),('2587',2,'2018-05-23','2018-05-23','530523','龙陵县','530500'),('2588',2,'2018-05-23','2018-05-23','530524','昌宁县','530500'),('2589',2,'2018-05-23','2018-05-23','530601','市辖区','530600'),('259',2,'2018-05-23','2018-05-23','140429','武乡县','140400'),('2590',2,'2018-05-23','2018-05-23','530602','昭阳区','530600'),('2591',2,'2018-05-23','2018-05-23','530621','鲁甸县','530600'),('2592',2,'2018-05-23','2018-05-23','530622','巧家县','530600'),('2593',2,'2018-05-23','2018-05-23','530623','盐津县','530600'),('2594',2,'2018-05-23','2018-05-23','530624','大关县','530600'),('2595',2,'2018-05-23','2018-05-23','530625','永善县','530600'),('2596',2,'2018-05-23','2018-05-23','530626','绥江县','530600'),('2597',2,'2018-05-23','2018-05-23','530627','镇雄县','530600'),('2598',2,'2018-05-23','2018-05-23','530628','彝良县','530600'),('2599',2,'2018-05-23','2018-05-23','530629','威信县','530600'),('26',2,'2018-05-23','2018-05-23','120108','汉沽区','120100'),('260',2,'2018-05-23','2018-05-23','140430','沁　县','140400'),('2600',2,'2018-05-23','2018-05-23','530630','水富县','530600'),('2601',2,'2018-05-23','2018-05-23','530701','市辖区','530700'),('2602',2,'2018-05-23','2018-05-23','530702','古城区','530700'),('2603',2,'2018-05-23','2018-05-23','530721','玉龙纳西族自治县','530700'),('2604',2,'2018-05-23','2018-05-23','530722','永胜县','530700'),('2605',2,'2018-05-23','2018-05-23','530723','华坪县','530700'),('2606',2,'2018-05-23','2018-05-23','530724','宁蒗彝族自治县','530700'),('2607',2,'2018-05-23','2018-05-23','530801','市辖区','530800'),('2608',2,'2018-05-23','2018-05-23','530802','翠云区','530800'),('2609',2,'2018-05-23','2018-05-23','530821','普洱哈尼族彝族自治县','530800'),('261',2,'2018-05-23','2018-05-23','140431','沁源县','140400'),('2610',2,'2018-05-23','2018-05-23','530822','墨江哈尼族自治县','530800'),('2611',2,'2018-05-23','2018-05-23','530823','景东彝族自治县','530800'),('2612',2,'2018-05-23','2018-05-23','530824','景谷傣族彝族自治县','530800'),('2613',2,'2018-05-23','2018-05-23','530825','镇沅彝族哈尼族拉祜族自治县','530800'),('2614',2,'2018-05-23','2018-05-23','530826','江城哈尼族彝族自治县','530800'),('2615',2,'2018-05-23','2018-05-23','530827','孟连傣族拉祜族佤族自治县','530800'),('2616',2,'2018-05-23','2018-05-23','530828','澜沧拉祜族自治县','530800'),('2617',2,'2018-05-23','2018-05-23','530829','西盟佤族自治县','530800'),('2618',2,'2018-05-23','2018-05-23','530901','市辖区','530900'),('2619',2,'2018-05-23','2018-05-23','530902','临翔区','530900'),('262',2,'2018-05-23','2018-05-23','140481','潞城市','140400'),('2620',2,'2018-05-23','2018-05-23','530921','凤庆县','530900'),('2621',2,'2018-05-23','2018-05-23','530922','云　县','530900'),('2622',2,'2018-05-23','2018-05-23','530923','永德县','530900'),('2623',2,'2018-05-23','2018-05-23','530924','镇康县','530900'),('2624',2,'2018-05-23','2018-05-23','530925','双江拉祜族佤族布朗族傣族自治县','530900'),('2625',2,'2018-05-23','2018-05-23','530926','耿马傣族佤族自治县','530900'),('2626',2,'2018-05-23','2018-05-23','530927','沧源佤族自治县','530900'),('2627',2,'2018-05-23','2018-05-23','532301','楚雄市','532300'),('2628',2,'2018-05-23','2018-05-23','532322','双柏县','532300'),('2629',2,'2018-05-23','2018-05-23','532323','牟定县','532300'),('263',2,'2018-05-23','2018-05-23','140501','市辖区','140500'),('2630',2,'2018-05-23','2018-05-23','532324','南华县','532300'),('2631',2,'2018-05-23','2018-05-23','532325','姚安县','532300'),('2632',2,'2018-05-23','2018-05-23','532326','大姚县','532300'),('2633',2,'2018-05-23','2018-05-23','532327','永仁县','532300'),('2634',2,'2018-05-23','2018-05-23','532328','元谋县','532300'),('2635',2,'2018-05-23','2018-05-23','532329','武定县','532300'),('2636',2,'2018-05-23','2018-05-23','532331','禄丰县','532300'),('2637',2,'2018-05-23','2018-05-23','532501','个旧市','532500'),('2638',2,'2018-05-23','2018-05-23','532502','开远市','532500'),('2639',2,'2018-05-23','2018-05-23','532522','蒙自县','532500'),('264',2,'2018-05-23','2018-05-23','140502','城　区','140500'),('2640',2,'2018-05-23','2018-05-23','532523','屏边苗族自治县','532500'),('2641',2,'2018-05-23','2018-05-23','532524','建水县','532500'),('2642',2,'2018-05-23','2018-05-23','532525','石屏县','532500'),('2643',2,'2018-05-23','2018-05-23','532526','弥勒县','532500'),('2644',2,'2018-05-23','2018-05-23','532527','泸西县','532500'),('2645',2,'2018-05-23','2018-05-23','532528','元阳县','532500'),('2646',2,'2018-05-23','2018-05-23','532529','红河县','532500'),('2647',2,'2018-05-23','2018-05-23','532530','金平苗族瑶族傣族自治县','532500'),('2648',2,'2018-05-23','2018-05-23','532531','绿春县','532500'),('2649',2,'2018-05-23','2018-05-23','532532','河口瑶族自治县','532500'),('265',2,'2018-05-23','2018-05-23','140521','沁水县','140500'),('2650',2,'2018-05-23','2018-05-23','532621','文山县','532600'),('2651',2,'2018-05-23','2018-05-23','532622','砚山县','532600'),('2652',2,'2018-05-23','2018-05-23','532623','西畴县','532600'),('2653',2,'2018-05-23','2018-05-23','532624','麻栗坡县','532600'),('2654',2,'2018-05-23','2018-05-23','532625','马关县','532600'),('2655',2,'2018-05-23','2018-05-23','532626','丘北县','532600'),('2656',2,'2018-05-23','2018-05-23','532627','广南县','532600'),('2657',2,'2018-05-23','2018-05-23','532628','富宁县','532600'),('2658',2,'2018-05-23','2018-05-23','532801','景洪市','532800'),('2659',2,'2018-05-23','2018-05-23','532822','勐海县','532800'),('266',2,'2018-05-23','2018-05-23','140522','阳城县','140500'),('2660',2,'2018-05-23','2018-05-23','532823','勐腊县','532800'),('2661',2,'2018-05-23','2018-05-23','532901','大理市','532900'),('2662',2,'2018-05-23','2018-05-23','532922','漾濞彝族自治县','532900'),('2663',2,'2018-05-23','2018-05-23','532923','祥云县','532900'),('2664',2,'2018-05-23','2018-05-23','532924','宾川县','532900'),('2665',2,'2018-05-23','2018-05-23','532925','弥渡县','532900'),('2666',2,'2018-05-23','2018-05-23','532926','南涧彝族自治县','532900'),('2667',2,'2018-05-23','2018-05-23','532927','巍山彝族回族自治县','532900'),('2668',2,'2018-05-23','2018-05-23','532928','永平县','532900'),('2669',2,'2018-05-23','2018-05-23','532929','云龙县','532900'),('267',2,'2018-05-23','2018-05-23','140524','陵川县','140500'),('2670',2,'2018-05-23','2018-05-23','532930','洱源县','532900'),('2671',2,'2018-05-23','2018-05-23','532931','剑川县','532900'),('2672',2,'2018-05-23','2018-05-23','532932','鹤庆县','532900'),('2673',2,'2018-05-23','2018-05-23','533102','瑞丽市','533100'),('2674',2,'2018-05-23','2018-05-23','533103','潞西市','533100'),('2675',2,'2018-05-23','2018-05-23','533122','梁河县','533100'),('2676',2,'2018-05-23','2018-05-23','533123','盈江县','533100'),('2677',2,'2018-05-23','2018-05-23','533124','陇川县','533100'),('2678',2,'2018-05-23','2018-05-23','533321','泸水县','533300'),('2679',2,'2018-05-23','2018-05-23','533323','福贡县','533300'),('268',2,'2018-05-23','2018-05-23','140525','泽州县','140500'),('2680',2,'2018-05-23','2018-05-23','533324','贡山独龙族怒族自治县','533300'),('2681',2,'2018-05-23','2018-05-23','533325','兰坪白族普米族自治县','533300'),('2682',2,'2018-05-23','2018-05-23','533421','香格里拉县','533400'),('2683',2,'2018-05-23','2018-05-23','533422','德钦县','533400'),('2684',2,'2018-05-23','2018-05-23','533423','维西傈僳族自治县','533400'),('2685',2,'2018-05-23','2018-05-23','540101','市辖区','540100'),('2686',2,'2018-05-23','2018-05-23','540102','城关区','540100'),('2687',2,'2018-05-23','2018-05-23','540121','林周县','540100'),('2688',2,'2018-05-23','2018-05-23','540122','当雄县','540100'),('2689',2,'2018-05-23','2018-05-23','540123','尼木县','540100'),('269',2,'2018-05-23','2018-05-23','140581','高平市','140500'),('2690',2,'2018-05-23','2018-05-23','540124','曲水县','540100'),('2691',2,'2018-05-23','2018-05-23','540125','堆龙德庆县','540100'),('2692',2,'2018-05-23','2018-05-23','540126','达孜县','540100'),('2693',2,'2018-05-23','2018-05-23','540127','墨竹工卡县','540100'),('2694',2,'2018-05-23','2018-05-23','542121','昌都县','542100'),('2695',2,'2018-05-23','2018-05-23','542122','江达县','542100'),('2696',2,'2018-05-23','2018-05-23','542123','贡觉县','542100'),('2697',2,'2018-05-23','2018-05-23','542124','类乌齐县','542100'),('2698',2,'2018-05-23','2018-05-23','542125','丁青县','542100'),('2699',2,'2018-05-23','2018-05-23','542126','察雅县','542100'),('27',2,'2018-05-23','2018-05-23','120109','大港区','120100'),('270',2,'2018-05-23','2018-05-23','140601','市辖区','140600'),('2700',2,'2018-05-23','2018-05-23','542127','八宿县','542100'),('2701',2,'2018-05-23','2018-05-23','542128','左贡县','542100'),('2702',2,'2018-05-23','2018-05-23','542129','芒康县','542100'),('2703',2,'2018-05-23','2018-05-23','542132','洛隆县','542100'),('2704',2,'2018-05-23','2018-05-23','542133','边坝县','542100'),('2705',2,'2018-05-23','2018-05-23','542221','乃东县','542200'),('2706',2,'2018-05-23','2018-05-23','542222','扎囊县','542200'),('2707',2,'2018-05-23','2018-05-23','542223','贡嘎县','542200'),('2708',2,'2018-05-23','2018-05-23','542224','桑日县','542200'),('2709',2,'2018-05-23','2018-05-23','542225','琼结县','542200'),('271',2,'2018-05-23','2018-05-23','140602','朔城区','140600'),('2710',2,'2018-05-23','2018-05-23','542226','曲松县','542200'),('2711',2,'2018-05-23','2018-05-23','542227','措美县','542200'),('2712',2,'2018-05-23','2018-05-23','542228','洛扎县','542200'),('2713',2,'2018-05-23','2018-05-23','542229','加查县','542200'),('2714',2,'2018-05-23','2018-05-23','542231','隆子县','542200'),('2715',2,'2018-05-23','2018-05-23','542232','错那县','542200'),('2716',2,'2018-05-23','2018-05-23','542233','浪卡子县','542200'),('2717',2,'2018-05-23','2018-05-23','542301','日喀则市','542300'),('2718',2,'2018-05-23','2018-05-23','542322','南木林县','542300'),('2719',2,'2018-05-23','2018-05-23','542323','江孜县','542300'),('272',2,'2018-05-23','2018-05-23','140603','平鲁区','140600'),('2720',2,'2018-05-23','2018-05-23','542324','定日县','542300'),('2721',2,'2018-05-23','2018-05-23','542325','萨迦县','542300'),('2722',2,'2018-05-23','2018-05-23','542326','拉孜县','542300'),('2723',2,'2018-05-23','2018-05-23','542327','昂仁县','542300'),('2724',2,'2018-05-23','2018-05-23','542328','谢通门县','542300'),('2725',2,'2018-05-23','2018-05-23','542329','白朗县','542300'),('2726',2,'2018-05-23','2018-05-23','542330','仁布县','542300'),('2727',2,'2018-05-23','2018-05-23','542331','康马县','542300'),('2728',2,'2018-05-23','2018-05-23','542332','定结县','542300'),('2729',2,'2018-05-23','2018-05-23','542333','仲巴县','542300'),('273',2,'2018-05-23','2018-05-23','140621','山阴县','140600'),('2730',2,'2018-05-23','2018-05-23','542334','亚东县','542300'),('2731',2,'2018-05-23','2018-05-23','542335','吉隆县','542300'),('2732',2,'2018-05-23','2018-05-23','542336','聂拉木县','542300'),('2733',2,'2018-05-23','2018-05-23','542337','萨嘎县','542300'),('2734',2,'2018-05-23','2018-05-23','542338','岗巴县','542300'),('2735',2,'2018-05-23','2018-05-23','542421','那曲县','542400'),('2736',2,'2018-05-23','2018-05-23','542422','嘉黎县','542400'),('2737',2,'2018-05-23','2018-05-23','542423','比如县','542400'),('2738',2,'2018-05-23','2018-05-23','542424','聂荣县','542400'),('2739',2,'2018-05-23','2018-05-23','542425','安多县','542400'),('274',2,'2018-05-23','2018-05-23','140622','应　县','140600'),('2740',2,'2018-05-23','2018-05-23','542426','申扎县','542400'),('2741',2,'2018-05-23','2018-05-23','542427','索　县','542400'),('2742',2,'2018-05-23','2018-05-23','542428','班戈县','542400'),('2743',2,'2018-05-23','2018-05-23','542429','巴青县','542400'),('2744',2,'2018-05-23','2018-05-23','542430','尼玛县','542400'),('2745',2,'2018-05-23','2018-05-23','542521','普兰县','542500'),('2746',2,'2018-05-23','2018-05-23','542522','札达县','542500'),('2747',2,'2018-05-23','2018-05-23','542523','噶尔县','542500'),('2748',2,'2018-05-23','2018-05-23','542524','日土县','542500'),('2749',2,'2018-05-23','2018-05-23','542525','革吉县','542500'),('275',2,'2018-05-23','2018-05-23','140623','右玉县','140600'),('2750',2,'2018-05-23','2018-05-23','542526','改则县','542500'),('2751',2,'2018-05-23','2018-05-23','542527','措勤县','542500'),('2752',2,'2018-05-23','2018-05-23','542621','林芝县','542600'),('2753',2,'2018-05-23','2018-05-23','542622','工布江达县','542600'),('2754',2,'2018-05-23','2018-05-23','542623','米林县','542600'),('2755',2,'2018-05-23','2018-05-23','542624','墨脱县','542600'),('2756',2,'2018-05-23','2018-05-23','542625','波密县','542600'),('2757',2,'2018-05-23','2018-05-23','542626','察隅县','542600'),('2758',2,'2018-05-23','2018-05-23','542627','朗　县','542600'),('2759',2,'2018-05-23','2018-05-23','610101','市辖区','610100'),('276',2,'2018-05-23','2018-05-23','140624','怀仁县','140600'),('2760',2,'2018-05-23','2018-05-23','610102','新城区','610100'),('2761',2,'2018-05-23','2018-05-23','610103','碑林区','610100'),('2762',2,'2018-05-23','2018-05-23','610104','莲湖区','610100'),('2763',2,'2018-05-23','2018-05-23','610111','灞桥区','610100'),('2764',2,'2018-05-23','2018-05-23','610112','未央区','610100'),('2765',2,'2018-05-23','2018-05-23','610113','雁塔区','610100'),('2766',2,'2018-05-23','2018-05-23','610114','阎良区','610100'),('2767',2,'2018-05-23','2018-05-23','610115','临潼区','610100'),('2768',2,'2018-05-23','2018-05-23','610116','长安区','610100'),('2769',2,'2018-05-23','2018-05-23','610122','蓝田县','610100'),('277',2,'2018-05-23','2018-05-23','140701','市辖区','140700'),('2770',2,'2018-05-23','2018-05-23','610124','周至县','610100'),('2771',2,'2018-05-23','2018-05-23','610125','户　县','610100'),('2772',2,'2018-05-23','2018-05-23','610126','高陵县','610100'),('2773',2,'2018-05-23','2018-05-23','610201','市辖区','610200'),('2774',2,'2018-05-23','2018-05-23','610202','王益区','610200'),('2775',2,'2018-05-23','2018-05-23','610203','印台区','610200'),('2776',2,'2018-05-23','2018-05-23','610204','耀州区','610200'),('2777',2,'2018-05-23','2018-05-23','610222','宜君县','610200'),('2778',2,'2018-05-23','2018-05-23','610301','市辖区','610300'),('2779',2,'2018-05-23','2018-05-23','610302','渭滨区','610300'),('278',2,'2018-05-23','2018-05-23','140702','榆次区','140700'),('2780',2,'2018-05-23','2018-05-23','610303','金台区','610300'),('2781',2,'2018-05-23','2018-05-23','610304','陈仓区','610300'),('2782',2,'2018-05-23','2018-05-23','610322','凤翔县','610300'),('2783',2,'2018-05-23','2018-05-23','610323','岐山县','610300'),('2784',2,'2018-05-23','2018-05-23','610324','扶风县','610300'),('2785',2,'2018-05-23','2018-05-23','610326','眉　县','610300'),('2786',2,'2018-05-23','2018-05-23','610327','陇　县','610300'),('2787',2,'2018-05-23','2018-05-23','610328','千阳县','610300'),('2788',2,'2018-05-23','2018-05-23','610329','麟游县','610300'),('2789',2,'2018-05-23','2018-05-23','610330','凤　县','610300'),('279',2,'2018-05-23','2018-05-23','140721','榆社县','140700'),('2790',2,'2018-05-23','2018-05-23','610331','太白县','610300'),('2791',2,'2018-05-23','2018-05-23','610401','市辖区','610400'),('2792',2,'2018-05-23','2018-05-23','610402','秦都区','610400'),('2793',2,'2018-05-23','2018-05-23','610403','杨凌区','610400'),('2794',2,'2018-05-23','2018-05-23','610404','渭城区','610400'),('2795',2,'2018-05-23','2018-05-23','610422','三原县','610400'),('2796',2,'2018-05-23','2018-05-23','610423','泾阳县','610400'),('2797',2,'2018-05-23','2018-05-23','610424','乾　县','610400'),('2798',2,'2018-05-23','2018-05-23','610425','礼泉县','610400'),('2799',2,'2018-05-23','2018-05-23','610426','永寿县','610400'),('28',2,'2018-05-23','2018-05-23','120110','东丽区','120100'),('280',2,'2018-05-23','2018-05-23','140722','左权县','140700'),('2800',2,'2018-05-23','2018-05-23','610427','彬　县','610400'),('2801',2,'2018-05-23','2018-05-23','610428','长武县','610400'),('2802',2,'2018-05-23','2018-05-23','610429','旬邑县','610400'),('2803',2,'2018-05-23','2018-05-23','610430','淳化县','610400'),('2804',2,'2018-05-23','2018-05-23','610431','武功县','610400'),('2805',2,'2018-05-23','2018-05-23','610481','兴平市','610400'),('2806',2,'2018-05-23','2018-05-23','610501','市辖区','610500'),('2807',2,'2018-05-23','2018-05-23','610502','临渭区','610500'),('2808',2,'2018-05-23','2018-05-23','610521','华　县','610500'),('2809',2,'2018-05-23','2018-05-23','610522','潼关县','610500'),('281',2,'2018-05-23','2018-05-23','140723','和顺县','140700'),('2810',2,'2018-05-23','2018-05-23','610523','大荔县','610500'),('2811',2,'2018-05-23','2018-05-23','610524','合阳县','610500'),('2812',2,'2018-05-23','2018-05-23','610525','澄城县','610500'),('2813',2,'2018-05-23','2018-05-23','610526','蒲城县','610500'),('2814',2,'2018-05-23','2018-05-23','610527','白水县','610500'),('2815',2,'2018-05-23','2018-05-23','610528','富平县','610500'),('2816',2,'2018-05-23','2018-05-23','610581','韩城市','610500'),('2817',2,'2018-05-23','2018-05-23','610582','华阴市','610500'),('2818',2,'2018-05-23','2018-05-23','610601','市辖区','610600'),('2819',2,'2018-05-23','2018-05-23','610602','宝塔区','610600'),('282',2,'2018-05-23','2018-05-23','140724','昔阳县','140700'),('2820',2,'2018-05-23','2018-05-23','610621','延长县','610600'),('2821',2,'2018-05-23','2018-05-23','610622','延川县','610600'),('2822',2,'2018-05-23','2018-05-23','610623','子长县','610600'),('2823',2,'2018-05-23','2018-05-23','610624','安塞县','610600'),('2824',2,'2018-05-23','2018-05-23','610625','志丹县','610600'),('2825',2,'2018-05-23','2018-05-23','610626','吴旗县','610600'),('2826',2,'2018-05-23','2018-05-23','610627','甘泉县','610600'),('2827',2,'2018-05-23','2018-05-23','610628','富　县','610600'),('2828',2,'2018-05-23','2018-05-23','610629','洛川县','610600'),('2829',2,'2018-05-23','2018-05-23','610630','宜川县','610600'),('283',2,'2018-05-23','2018-05-23','140725','寿阳县','140700'),('2830',2,'2018-05-23','2018-05-23','610631','黄龙县','610600'),('2831',2,'2018-05-23','2018-05-23','610632','黄陵县','610600'),('2832',2,'2018-05-23','2018-05-23','610701','市辖区','610700'),('2833',2,'2018-05-23','2018-05-23','610702','汉台区','610700'),('2834',2,'2018-05-23','2018-05-23','610721','南郑县','610700'),('2835',2,'2018-05-23','2018-05-23','610722','城固县','610700'),('2836',2,'2018-05-23','2018-05-23','610723','洋　县','610700'),('2837',2,'2018-05-23','2018-05-23','610724','西乡县','610700'),('2838',2,'2018-05-23','2018-05-23','610725','勉　县','610700'),('2839',2,'2018-05-23','2018-05-23','610726','宁强县','610700'),('284',2,'2018-05-23','2018-05-23','140726','太谷县','140700'),('2840',2,'2018-05-23','2018-05-23','610727','略阳县','610700'),('2841',2,'2018-05-23','2018-05-23','610728','镇巴县','610700'),('2842',2,'2018-05-23','2018-05-23','610729','留坝县','610700'),('2843',2,'2018-05-23','2018-05-23','610730','佛坪县','610700'),('2844',2,'2018-05-23','2018-05-23','610801','市辖区','610800'),('2845',2,'2018-05-23','2018-05-23','610802','榆阳区','610800'),('2846',2,'2018-05-23','2018-05-23','610821','神木县','610800'),('2847',2,'2018-05-23','2018-05-23','610822','府谷县','610800'),('2848',2,'2018-05-23','2018-05-23','610823','横山县','610800'),('2849',2,'2018-05-23','2018-05-23','610824','靖边县','610800'),('285',2,'2018-05-23','2018-05-23','140727','祁　县','140700'),('2850',2,'2018-05-23','2018-05-23','610825','定边县','610800'),('2851',2,'2018-05-23','2018-05-23','610826','绥德县','610800'),('2852',2,'2018-05-23','2018-05-23','610827','米脂县','610800'),('2853',2,'2018-05-23','2018-05-23','610828','佳　县','610800'),('2854',2,'2018-05-23','2018-05-23','610829','吴堡县','610800'),('2855',2,'2018-05-23','2018-05-23','610830','清涧县','610800'),('2856',2,'2018-05-23','2018-05-23','610831','子洲县','610800'),('2857',2,'2018-05-23','2018-05-23','610901','市辖区','610900'),('2858',2,'2018-05-23','2018-05-23','610902','汉滨区','610900'),('2859',2,'2018-05-23','2018-05-23','610921','汉阴县','610900'),('286',2,'2018-05-23','2018-05-23','140728','平遥县','140700'),('2860',2,'2018-05-23','2018-05-23','610922','石泉县','610900'),('2861',2,'2018-05-23','2018-05-23','610923','宁陕县','610900'),('2862',2,'2018-05-23','2018-05-23','610924','紫阳县','610900'),('2863',2,'2018-05-23','2018-05-23','610925','岚皋县','610900'),('2864',2,'2018-05-23','2018-05-23','610926','平利县','610900'),('2865',2,'2018-05-23','2018-05-23','610927','镇坪县','610900'),('2866',2,'2018-05-23','2018-05-23','610928','旬阳县','610900'),('2867',2,'2018-05-23','2018-05-23','610929','白河县','610900'),('2868',2,'2018-05-23','2018-05-23','611001','市辖区','611000'),('2869',2,'2018-05-23','2018-05-23','611002','商州区','611000'),('287',2,'2018-05-23','2018-05-23','140729','灵石县','140700'),('2870',2,'2018-05-23','2018-05-23','611021','洛南县','611000'),('2871',2,'2018-05-23','2018-05-23','611022','丹凤县','611000'),('2872',2,'2018-05-23','2018-05-23','611023','商南县','611000'),('2873',2,'2018-05-23','2018-05-23','611024','山阳县','611000'),('2874',2,'2018-05-23','2018-05-23','611025','镇安县','611000'),('2875',2,'2018-05-23','2018-05-23','611026','柞水县','611000'),('2876',2,'2018-05-23','2018-05-23','620101','市辖区','620100'),('2877',2,'2018-05-23','2018-05-23','620102','城关区','620100'),('2878',2,'2018-05-23','2018-05-23','620103','七里河区','620100'),('2879',2,'2018-05-23','2018-05-23','620104','西固区','620100'),('288',2,'2018-05-23','2018-05-23','140781','介休市','140700'),('2880',2,'2018-05-23','2018-05-23','620105','安宁区','620100'),('2881',2,'2018-05-23','2018-05-23','620111','红古区','620100'),('2882',2,'2018-05-23','2018-05-23','620121','永登县','620100'),('2883',2,'2018-05-23','2018-05-23','620122','皋兰县','620100'),('2884',2,'2018-05-23','2018-05-23','620123','榆中县','620100'),('2885',2,'2018-05-23','2018-05-23','620201','市辖区','620200'),('2886',2,'2018-05-23','2018-05-23','620301','市辖区','620300'),('2887',2,'2018-05-23','2018-05-23','620302','金川区','620300'),('2888',2,'2018-05-23','2018-05-23','620321','永昌县','620300'),('2889',2,'2018-05-23','2018-05-23','620401','市辖区','620400'),('289',2,'2018-05-23','2018-05-23','140801','市辖区','140800'),('2890',2,'2018-05-23','2018-05-23','620402','白银区','620400'),('2891',2,'2018-05-23','2018-05-23','620403','平川区','620400'),('2892',2,'2018-05-23','2018-05-23','620421','靖远县','620400'),('2893',2,'2018-05-23','2018-05-23','620422','会宁县','620400'),('2894',2,'2018-05-23','2018-05-23','620423','景泰县','620400'),('2895',2,'2018-05-23','2018-05-23','620501','市辖区','620500'),('2896',2,'2018-05-23','2018-05-23','620502','秦城区','620500'),('2897',2,'2018-05-23','2018-05-23','620503','北道区','620500'),('2898',2,'2018-05-23','2018-05-23','620521','清水县','620500'),('2899',2,'2018-05-23','2018-05-23','620522','秦安县','620500'),('29',2,'2018-05-23','2018-05-23','120111','西青区','120100'),('290',2,'2018-05-23','2018-05-23','140802','盐湖区','140800'),('2900',2,'2018-05-23','2018-05-23','620523','甘谷县','620500'),('2901',2,'2018-05-23','2018-05-23','620524','武山县','620500'),('2902',2,'2018-05-23','2018-05-23','620525','张家川回族自治县','620500'),('2903',2,'2018-05-23','2018-05-23','620601','市辖区','620600'),('2904',2,'2018-05-23','2018-05-23','620602','凉州区','620600'),('2905',2,'2018-05-23','2018-05-23','620621','民勤县','620600'),('2906',2,'2018-05-23','2018-05-23','620622','古浪县','620600'),('2907',2,'2018-05-23','2018-05-23','620623','天祝藏族自治县','620600'),('2908',2,'2018-05-23','2018-05-23','620701','市辖区','620700'),('2909',2,'2018-05-23','2018-05-23','620702','甘州区','620700'),('291',2,'2018-05-23','2018-05-23','140821','临猗县','140800'),('2910',2,'2018-05-23','2018-05-23','620721','肃南裕固族自治县','620700'),('2911',2,'2018-05-23','2018-05-23','620722','民乐县','620700'),('2912',2,'2018-05-23','2018-05-23','620723','临泽县','620700'),('2913',2,'2018-05-23','2018-05-23','620724','高台县','620700'),('2914',2,'2018-05-23','2018-05-23','620725','山丹县','620700'),('2915',2,'2018-05-23','2018-05-23','620801','市辖区','620800'),('2916',2,'2018-05-23','2018-05-23','620802','崆峒区','620800'),('2917',2,'2018-05-23','2018-05-23','620821','泾川县','620800'),('2918',2,'2018-05-23','2018-05-23','620822','灵台县','620800'),('2919',2,'2018-05-23','2018-05-23','620823','崇信县','620800'),('292',2,'2018-05-23','2018-05-23','140822','万荣县','140800'),('2920',2,'2018-05-23','2018-05-23','620824','华亭县','620800'),('2921',2,'2018-05-23','2018-05-23','620825','庄浪县','620800'),('2922',2,'2018-05-23','2018-05-23','620826','静宁县','620800'),('2923',2,'2018-05-23','2018-05-23','620901','市辖区','620900'),('2924',2,'2018-05-23','2018-05-23','620902','肃州区','620900'),('2925',2,'2018-05-23','2018-05-23','620921','金塔县','620900'),('2926',2,'2018-05-23','2018-05-23','620922','安西县','620900'),('2927',2,'2018-05-23','2018-05-23','620923','肃北蒙古族自治县','620900'),('2928',2,'2018-05-23','2018-05-23','620924','阿克塞哈萨克族自治县','620900'),('2929',2,'2018-05-23','2018-05-23','620981','玉门市','620900'),('293',2,'2018-05-23','2018-05-23','140823','闻喜县','140800'),('2930',2,'2018-05-23','2018-05-23','620982','敦煌市','620900'),('2931',2,'2018-05-23','2018-05-23','621001','市辖区','621000'),('2932',2,'2018-05-23','2018-05-23','621002','西峰区','621000'),('2933',2,'2018-05-23','2018-05-23','621021','庆城县','621000'),('2934',2,'2018-05-23','2018-05-23','621022','环　县','621000'),('2935',2,'2018-05-23','2018-05-23','621023','华池县','621000'),('2936',2,'2018-05-23','2018-05-23','621024','合水县','621000'),('2937',2,'2018-05-23','2018-05-23','621025','正宁县','621000'),('2938',2,'2018-05-23','2018-05-23','621026','宁　县','621000'),('2939',2,'2018-05-23','2018-05-23','621027','镇原县','621000'),('294',2,'2018-05-23','2018-05-23','140824','稷山县','140800'),('2940',2,'2018-05-23','2018-05-23','621101','市辖区','621100'),('2941',2,'2018-05-23','2018-05-23','621102','安定区','621100'),('2942',2,'2018-05-23','2018-05-23','621121','通渭县','621100'),('2943',2,'2018-05-23','2018-05-23','621122','陇西县','621100'),('2944',2,'2018-05-23','2018-05-23','621123','渭源县','621100'),('2945',2,'2018-05-23','2018-05-23','621124','临洮县','621100'),('2946',2,'2018-05-23','2018-05-23','621125','漳　县','621100'),('2947',2,'2018-05-23','2018-05-23','621126','岷　县','621100'),('2948',2,'2018-05-23','2018-05-23','621201','市辖区','621200'),('2949',2,'2018-05-23','2018-05-23','621202','武都区','621200'),('295',2,'2018-05-23','2018-05-23','140825','新绛县','140800'),('2950',2,'2018-05-23','2018-05-23','621221','成　县','621200'),('2951',2,'2018-05-23','2018-05-23','621222','文　县','621200'),('2952',2,'2018-05-23','2018-05-23','621223','宕昌县','621200'),('2953',2,'2018-05-23','2018-05-23','621224','康　县','621200'),('2954',2,'2018-05-23','2018-05-23','621225','西和县','621200'),('2955',2,'2018-05-23','2018-05-23','621226','礼　县','621200'),('2956',2,'2018-05-23','2018-05-23','621227','徽　县','621200'),('2957',2,'2018-05-23','2018-05-23','621228','两当县','621200'),('2958',2,'2018-05-23','2018-05-23','622901','临夏市','622900'),('2959',2,'2018-05-23','2018-05-23','622921','临夏县','622900'),('296',2,'2018-05-23','2018-05-23','140826','绛　县','140800'),('2960',2,'2018-05-23','2018-05-23','622922','康乐县','622900'),('2961',2,'2018-05-23','2018-05-23','622923','永靖县','622900'),('2962',2,'2018-05-23','2018-05-23','622924','广河县','622900'),('2963',2,'2018-05-23','2018-05-23','622925','和政县','622900'),('2964',2,'2018-05-23','2018-05-23','622926','东乡族自治县','622900'),('2965',2,'2018-05-23','2018-05-23','622927','积石山保安族东乡族撒拉族自治县','622900'),('2966',2,'2018-05-23','2018-05-23','623001','合作市','623000'),('2967',2,'2018-05-23','2018-05-23','623021','临潭县','623000'),('2968',2,'2018-05-23','2018-05-23','623022','卓尼县','623000'),('2969',2,'2018-05-23','2018-05-23','623023','舟曲县','623000'),('297',2,'2018-05-23','2018-05-23','140827','垣曲县','140800'),('2970',2,'2018-05-23','2018-05-23','623024','迭部县','623000'),('2971',2,'2018-05-23','2018-05-23','623025','玛曲县','623000'),('2972',2,'2018-05-23','2018-05-23','623026','碌曲县','623000'),('2973',2,'2018-05-23','2018-05-23','623027','夏河县','623000'),('2974',2,'2018-05-23','2018-05-23','630101','市辖区','630100'),('2975',2,'2018-05-23','2018-05-23','630102','城东区','630100'),('2976',2,'2018-05-23','2018-05-23','630103','城中区','630100'),('2977',2,'2018-05-23','2018-05-23','630104','城西区','630100'),('2978',2,'2018-05-23','2018-05-23','630105','城北区','630100'),('2979',2,'2018-05-23','2018-05-23','630121','大通回族土族自治县','630100'),('298',2,'2018-05-23','2018-05-23','140828','夏　县','140800'),('2980',2,'2018-05-23','2018-05-23','630122','湟中县','630100'),('2981',2,'2018-05-23','2018-05-23','630123','湟源县','630100'),('2982',2,'2018-05-23','2018-05-23','632121','平安县','632100'),('2983',2,'2018-05-23','2018-05-23','632122','民和回族土族自治县','632100'),('2984',2,'2018-05-23','2018-05-23','632123','乐都县','632100'),('2985',2,'2018-05-23','2018-05-23','632126','互助土族自治县','632100'),('2986',2,'2018-05-23','2018-05-23','632127','化隆回族自治县','632100'),('2987',2,'2018-05-23','2018-05-23','632128','循化撒拉族自治县','632100'),('2988',2,'2018-05-23','2018-05-23','632221','门源回族自治县','632200'),('2989',2,'2018-05-23','2018-05-23','632222','祁连县','632200'),('299',2,'2018-05-23','2018-05-23','140829','平陆县','140800'),('2990',2,'2018-05-23','2018-05-23','632223','海晏县','632200'),('2991',2,'2018-05-23','2018-05-23','632224','刚察县','632200'),('2992',2,'2018-05-23','2018-05-23','632321','同仁县','632300'),('2993',2,'2018-05-23','2018-05-23','632322','尖扎县','632300'),('2994',2,'2018-05-23','2018-05-23','632323','泽库县','632300'),('2995',2,'2018-05-23','2018-05-23','632324','河南蒙古族自治县','632300'),('2996',2,'2018-05-23','2018-05-23','632521','共和县','632500'),('2997',2,'2018-05-23','2018-05-23','632522','同德县','632500'),('2998',2,'2018-05-23','2018-05-23','632523','贵德县','632500'),('2999',2,'2018-05-23','2018-05-23','632524','兴海县','632500'),('3',2,'2018-05-23','2018-05-23','110103','崇文区','110100'),('30',2,'2018-05-23','2018-05-23','120112','津南区','120100'),('300',2,'2018-05-23','2018-05-23','140830','芮城县','140800'),('3000',2,'2018-05-23','2018-05-23','632525','贵南县','632500'),('3001',2,'2018-05-23','2018-05-23','632621','玛沁县','632600'),('3002',2,'2018-05-23','2018-05-23','632622','班玛县','632600'),('3003',2,'2018-05-23','2018-05-23','632623','甘德县','632600'),('3004',2,'2018-05-23','2018-05-23','632624','达日县','632600'),('3005',2,'2018-05-23','2018-05-23','632625','久治县','632600'),('3006',2,'2018-05-23','2018-05-23','632626','玛多县','632600'),('3007',2,'2018-05-23','2018-05-23','632721','玉树县','632700'),('3008',2,'2018-05-23','2018-05-23','632722','杂多县','632700'),('3009',2,'2018-05-23','2018-05-23','632723','称多县','632700'),('301',2,'2018-05-23','2018-05-23','140881','永济市','140800'),('3010',2,'2018-05-23','2018-05-23','632724','治多县','632700'),('3011',2,'2018-05-23','2018-05-23','632725','囊谦县','632700'),('3012',2,'2018-05-23','2018-05-23','632726','曲麻莱县','632700'),('3013',2,'2018-05-23','2018-05-23','632801','格尔木市','632800'),('3014',2,'2018-05-23','2018-05-23','632802','德令哈市','632800'),('3015',2,'2018-05-23','2018-05-23','632821','乌兰县','632800'),('3016',2,'2018-05-23','2018-05-23','632822','都兰县','632800'),('3017',2,'2018-05-23','2018-05-23','632823','天峻县','632800'),('3018',2,'2018-05-23','2018-05-23','640101','市辖区','640100'),('3019',2,'2018-05-23','2018-05-23','640104','兴庆区','640100'),('302',2,'2018-05-23','2018-05-23','140882','河津市','140800'),('3020',2,'2018-05-23','2018-05-23','640105','西夏区','640100'),('3021',2,'2018-05-23','2018-05-23','640106','金凤区','640100'),('3022',2,'2018-05-23','2018-05-23','640121','永宁县','640100'),('3023',2,'2018-05-23','2018-05-23','640122','贺兰县','640100'),('3024',2,'2018-05-23','2018-05-23','640181','灵武市','640100'),('3025',2,'2018-05-23','2018-05-23','640201','市辖区','640200'),('3026',2,'2018-05-23','2018-05-23','640202','大武口区','640200'),('3027',2,'2018-05-23','2018-05-23','640205','惠农区','640200'),('3028',2,'2018-05-23','2018-05-23','640221','平罗县','640200'),('3029',2,'2018-05-23','2018-05-23','640301','市辖区','640300'),('303',2,'2018-05-23','2018-05-23','140901','市辖区','140900'),('3030',2,'2018-05-23','2018-05-23','640302','利通区','640300'),('3031',2,'2018-05-23','2018-05-23','640323','盐池县','640300'),('3032',2,'2018-05-23','2018-05-23','640324','同心县','640300'),('3033',2,'2018-05-23','2018-05-23','640381','青铜峡市','640300'),('3034',2,'2018-05-23','2018-05-23','640401','市辖区','640400'),('3035',2,'2018-05-23','2018-05-23','640402','原州区','640400'),('3036',2,'2018-05-23','2018-05-23','640422','西吉县','640400'),('3037',2,'2018-05-23','2018-05-23','640423','隆德县','640400'),('3038',2,'2018-05-23','2018-05-23','640424','泾源县','640400'),('3039',2,'2018-05-23','2018-05-23','640425','彭阳县','640400'),('304',2,'2018-05-23','2018-05-23','140902','忻府区','140900'),('3040',2,'2018-05-23','2018-05-23','640501','市辖区','640500'),('3041',2,'2018-05-23','2018-05-23','640502','沙坡头区','640500'),('3042',2,'2018-05-23','2018-05-23','640521','中宁县','640500'),('3043',2,'2018-05-23','2018-05-23','640522','海原县','640500'),('3044',2,'2018-05-23','2018-05-23','650101','市辖区','650100'),('3045',2,'2018-05-23','2018-05-23','650102','天山区','650100'),('3046',2,'2018-05-23','2018-05-23','650103','沙依巴克区','650100'),('3047',2,'2018-05-23','2018-05-23','650104','新市区','650100'),('3048',2,'2018-05-23','2018-05-23','650105','水磨沟区','650100'),('3049',2,'2018-05-23','2018-05-23','650106','头屯河区','650100'),('305',2,'2018-05-23','2018-05-23','140921','定襄县','140900'),('3050',2,'2018-05-23','2018-05-23','650107','达坂城区','650100'),('3051',2,'2018-05-23','2018-05-23','650108','东山区','650100'),('3052',2,'2018-05-23','2018-05-23','650121','乌鲁木齐县','650100'),('3053',2,'2018-05-23','2018-05-23','650201','市辖区','650200'),('3054',2,'2018-05-23','2018-05-23','650202','独山子区','650200'),('3055',2,'2018-05-23','2018-05-23','650203','克拉玛依区','650200'),('3056',2,'2018-05-23','2018-05-23','650204','白碱滩区','650200'),('3057',2,'2018-05-23','2018-05-23','650205','乌尔禾区','650200'),('3058',2,'2018-05-23','2018-05-23','652101','吐鲁番市','652100'),('3059',2,'2018-05-23','2018-05-23','652122','鄯善县','652100'),('306',2,'2018-05-23','2018-05-23','140922','五台县','140900'),('3060',2,'2018-05-23','2018-05-23','652123','托克逊县','652100'),('3061',2,'2018-05-23','2018-05-23','652201','哈密市','652200'),('3062',2,'2018-05-23','2018-05-23','652222','巴里坤哈萨克自治县','652200'),('3063',2,'2018-05-23','2018-05-23','652223','伊吾县','652200'),('3064',2,'2018-05-23','2018-05-23','652301','昌吉市','652300'),('3065',2,'2018-05-23','2018-05-23','652302','阜康市','652300'),('3066',2,'2018-05-23','2018-05-23','652303','米泉市','652300'),('3067',2,'2018-05-23','2018-05-23','652323','呼图壁县','652300'),('3068',2,'2018-05-23','2018-05-23','652324','玛纳斯县','652300'),('3069',2,'2018-05-23','2018-05-23','652325','奇台县','652300'),('307',2,'2018-05-23','2018-05-23','140923','代　县','140900'),('3070',2,'2018-05-23','2018-05-23','652327','吉木萨尔县','652300'),('3071',2,'2018-05-23','2018-05-23','652328','木垒哈萨克自治县','652300'),('3072',2,'2018-05-23','2018-05-23','652701','博乐市','652700'),('3073',2,'2018-05-23','2018-05-23','652722','精河县','652700'),('3074',2,'2018-05-23','2018-05-23','652723','温泉县','652700'),('3075',2,'2018-05-23','2018-05-23','652801','库尔勒市','652800'),('3076',2,'2018-05-23','2018-05-23','652822','轮台县','652800'),('3077',2,'2018-05-23','2018-05-23','652823','尉犁县','652800'),('3078',2,'2018-05-23','2018-05-23','652824','若羌县','652800'),('3079',2,'2018-05-23','2018-05-23','652825','且末县','652800'),('308',2,'2018-05-23','2018-05-23','140924','繁峙县','140900'),('3080',2,'2018-05-23','2018-05-23','652826','焉耆回族自治县','652800'),('3081',2,'2018-05-23','2018-05-23','652827','和静县','652800'),('3082',2,'2018-05-23','2018-05-23','652828','和硕县','652800'),('3083',2,'2018-05-23','2018-05-23','652829','博湖县','652800'),('3084',2,'2018-05-23','2018-05-23','652901','阿克苏市','652900'),('3085',2,'2018-05-23','2018-05-23','652922','温宿县','652900'),('3086',2,'2018-05-23','2018-05-23','652923','库车县','652900'),('3087',2,'2018-05-23','2018-05-23','652924','沙雅县','652900'),('3088',2,'2018-05-23','2018-05-23','652925','新和县','652900'),('3089',2,'2018-05-23','2018-05-23','652926','拜城县','652900'),('309',2,'2018-05-23','2018-05-23','140925','宁武县','140900'),('3090',2,'2018-05-23','2018-05-23','652927','乌什县','652900'),('3091',2,'2018-05-23','2018-05-23','652928','阿瓦提县','652900'),('3092',2,'2018-05-23','2018-05-23','652929','柯坪县','652900'),('3093',2,'2018-05-23','2018-05-23','653001','阿图什市','653000'),('3094',2,'2018-05-23','2018-05-23','653022','阿克陶县','653000'),('3095',2,'2018-05-23','2018-05-23','653023','阿合奇县','653000'),('3096',2,'2018-05-23','2018-05-23','653024','乌恰县','653000'),('3097',2,'2018-05-23','2018-05-23','653101','喀什市','653100'),('3098',2,'2018-05-23','2018-05-23','653121','疏附县','653100'),('3099',2,'2018-05-23','2018-05-23','653122','疏勒县','653100'),('31',2,'2018-05-23','2018-05-23','120113','北辰区','120100'),('310',2,'2018-05-23','2018-05-23','140926','静乐县','140900'),('3100',2,'2018-05-23','2018-05-23','653123','英吉沙县','653100'),('3101',2,'2018-05-23','2018-05-23','653124','泽普县','653100'),('3102',2,'2018-05-23','2018-05-23','653125','莎车县','653100'),('3103',2,'2018-05-23','2018-05-23','653126','叶城县','653100'),('3104',2,'2018-05-23','2018-05-23','653127','麦盖提县','653100'),('3105',2,'2018-05-23','2018-05-23','653128','岳普湖县','653100'),('3106',2,'2018-05-23','2018-05-23','653129','伽师县','653100'),('3107',2,'2018-05-23','2018-05-23','653130','巴楚县','653100'),('3108',2,'2018-05-23','2018-05-23','653131','塔什库尔干塔吉克自治县','653100'),('3109',2,'2018-05-23','2018-05-23','653201','和田市','653200'),('311',2,'2018-05-23','2018-05-23','140927','神池县','140900'),('3110',2,'2018-05-23','2018-05-23','653221','和田县','653200'),('3111',2,'2018-05-23','2018-05-23','653222','墨玉县','653200'),('3112',2,'2018-05-23','2018-05-23','653223','皮山县','653200'),('3113',2,'2018-05-23','2018-05-23','653224','洛浦县','653200'),('3114',2,'2018-05-23','2018-05-23','653225','策勒县','653200'),('3115',2,'2018-05-23','2018-05-23','653226','于田县','653200'),('3116',2,'2018-05-23','2018-05-23','653227','民丰县','653200'),('3117',2,'2018-05-23','2018-05-23','654002','伊宁市','654000'),('3118',2,'2018-05-23','2018-05-23','654003','奎屯市','654000'),('3119',2,'2018-05-23','2018-05-23','654021','伊宁县','654000'),('312',2,'2018-05-23','2018-05-23','140928','五寨县','140900'),('3120',2,'2018-05-23','2018-05-23','654022','察布查尔锡伯自治县','654000'),('3121',2,'2018-05-23','2018-05-23','654023','霍城县','654000'),('3122',2,'2018-05-23','2018-05-23','654024','巩留县','654000'),('3123',2,'2018-05-23','2018-05-23','654025','新源县','654000'),('3124',2,'2018-05-23','2018-05-23','654026','昭苏县','654000'),('3125',2,'2018-05-23','2018-05-23','654027','特克斯县','654000'),('3126',2,'2018-05-23','2018-05-23','654028','尼勒克县','654000'),('3127',2,'2018-05-23','2018-05-23','654201','塔城市','654200'),('3128',2,'2018-05-23','2018-05-23','654202','乌苏市','654200'),('3129',2,'2018-05-23','2018-05-23','654221','额敏县','654200'),('313',2,'2018-05-23','2018-05-23','140929','岢岚县','140900'),('3130',2,'2018-05-23','2018-05-23','654223','沙湾县','654200'),('3131',2,'2018-05-23','2018-05-23','654224','托里县','654200'),('3132',2,'2018-05-23','2018-05-23','654225','裕民县','654200'),('3133',2,'2018-05-23','2018-05-23','654226','和布克赛尔蒙古自治县','654200'),('3134',2,'2018-05-23','2018-05-23','654301','阿勒泰市','654300'),('3135',2,'2018-05-23','2018-05-23','654321','布尔津县','654300'),('3136',2,'2018-05-23','2018-05-23','654322','富蕴县','654300'),('3137',2,'2018-05-23','2018-05-23','654323','福海县','654300'),('3138',2,'2018-05-23','2018-05-23','654324','哈巴河县','654300'),('3139',2,'2018-05-23','2018-05-23','654325','青河县','654300'),('314',2,'2018-05-23','2018-05-23','140930','河曲县','140900'),('3140',2,'2018-05-23','2018-05-23','654326','吉木乃县','654300'),('3141',2,'2018-05-23','2018-05-23','659001','石河子市','659000'),('3142',2,'2018-05-23','2018-05-23','659002','阿拉尔市','659000'),('3143',2,'2018-05-23','2018-05-23','659003','图木舒克市','659000'),('3144',2,'2018-05-23','2018-05-23','659004','五家渠市','659000'),('315',2,'2018-05-23','2018-05-23','140931','保德县','140900'),('316',2,'2018-05-23','2018-05-23','140932','偏关县','140900'),('317',2,'2018-05-23','2018-05-23','140981','原平市','140900'),('318',2,'2018-05-23','2018-05-23','141001','市辖区','141000'),('319',2,'2018-05-23','2018-05-23','141002','尧都区','141000'),('32',2,'2018-05-23','2018-05-23','120114','武清区','120100'),('320',2,'2018-05-23','2018-05-23','141021','曲沃县','141000'),('321',2,'2018-05-23','2018-05-23','141022','翼城县','141000'),('322',2,'2018-05-23','2018-05-23','141023','襄汾县','141000'),('323',2,'2018-05-23','2018-05-23','141024','洪洞县','141000'),('324',2,'2018-05-23','2018-05-23','141025','古　县','141000'),('325',2,'2018-05-23','2018-05-23','141026','安泽县','141000'),('326',2,'2018-05-23','2018-05-23','141027','浮山县','141000'),('327',2,'2018-05-23','2018-05-23','141028','吉　县','141000'),('328',2,'2018-05-23','2018-05-23','141029','乡宁县','141000'),('329',2,'2018-05-23','2018-05-23','141030','大宁县','141000'),('33',2,'2018-05-23','2018-05-23','120115','宝坻区','120100'),('330',2,'2018-05-23','2018-05-23','141031','隰　县','141000'),('331',2,'2018-05-23','2018-05-23','141032','永和县','141000'),('332',2,'2018-05-23','2018-05-23','141033','蒲　县','141000'),('333',2,'2018-05-23','2018-05-23','141034','汾西县','141000'),('334',2,'2018-05-23','2018-05-23','141081','侯马市','141000'),('335',2,'2018-05-23','2018-05-23','141082','霍州市','141000'),('336',2,'2018-05-23','2018-05-23','141101','市辖区','141100'),('337',2,'2018-05-23','2018-05-23','141102','离石区','141100'),('338',2,'2018-05-23','2018-05-23','141121','文水县','141100'),('339',2,'2018-05-23','2018-05-23','141122','交城县','141100'),('34',2,'2018-05-23','2018-05-23','120221','宁河县','120100'),('340',2,'2018-05-23','2018-05-23','141123','兴　县','141100'),('341',2,'2018-05-23','2018-05-23','141124','临　县','141100'),('342',2,'2018-05-23','2018-05-23','141125','柳林县','141100'),('343',2,'2018-05-23','2018-05-23','141126','石楼县','141100'),('344',2,'2018-05-23','2018-05-23','141127','岚　县','141100'),('345',2,'2018-05-23','2018-05-23','141128','方山县','141100'),('346',2,'2018-05-23','2018-05-23','141129','中阳县','141100'),('347',2,'2018-05-23','2018-05-23','141130','交口县','141100'),('348',2,'2018-05-23','2018-05-23','141181','孝义市','141100'),('349',2,'2018-05-23','2018-05-23','141182','汾阳市','141100'),('35',2,'2018-05-23','2018-05-23','120223','静海县','120100'),('350',2,'2018-05-23','2018-05-23','150101','市辖区','150100'),('351',2,'2018-05-23','2018-05-23','150102','新城区','150100'),('352',2,'2018-05-23','2018-05-23','150103','回民区','150100'),('353',2,'2018-05-23','2018-05-23','150104','玉泉区','150100'),('354',2,'2018-05-23','2018-05-23','150105','赛罕区','150100'),('355',2,'2018-05-23','2018-05-23','150121','土默特左旗','150100'),('356',2,'2018-05-23','2018-05-23','150122','托克托县','150100'),('357',2,'2018-05-23','2018-05-23','150123','和林格尔县','150100'),('358',2,'2018-05-23','2018-05-23','150124','清水河县','150100'),('359',2,'2018-05-23','2018-05-23','150125','武川县','150100'),('36',2,'2018-05-23','2018-05-23','120225','蓟　县','120100'),('360',2,'2018-05-23','2018-05-23','150201','市辖区','150200'),('361',2,'2018-05-23','2018-05-23','150202','东河区','150200'),('362',2,'2018-05-23','2018-05-23','150203','昆都仑区','150200'),('363',2,'2018-05-23','2018-05-23','150204','青山区','150200'),('364',2,'2018-05-23','2018-05-23','150205','石拐区','150200'),('365',2,'2018-05-23','2018-05-23','150206','白云矿区','150200'),('366',2,'2018-05-23','2018-05-23','150207','九原区','150200'),('367',2,'2018-05-23','2018-05-23','150221','土默特右旗','150200'),('368',2,'2018-05-23','2018-05-23','150222','固阳县','150200'),('369',2,'2018-05-23','2018-05-23','150223','达尔罕茂明安联合旗','150200'),('37',2,'2018-05-23','2018-05-23','130101','市辖区','130100'),('370',2,'2018-05-23','2018-05-23','150301','市辖区','150300'),('371',2,'2018-05-23','2018-05-23','150302','海勃湾区','150300'),('372',2,'2018-05-23','2018-05-23','150303','海南区','150300'),('373',2,'2018-05-23','2018-05-23','150304','乌达区','150300'),('374',2,'2018-05-23','2018-05-23','150401','市辖区','150400'),('375',2,'2018-05-23','2018-05-23','150402','红山区','150400'),('376',2,'2018-05-23','2018-05-23','150403','元宝山区','150400'),('377',2,'2018-05-23','2018-05-23','150404','松山区','150400'),('378',2,'2018-05-23','2018-05-23','150421','阿鲁科尔沁旗','150400'),('379',2,'2018-05-23','2018-05-23','150422','巴林左旗','150400'),('38',2,'2018-05-23','2018-05-23','130102','长安区','130100'),('380',2,'2018-05-23','2018-05-23','150423','巴林右旗','150400'),('381',2,'2018-05-23','2018-05-23','150424','林西县','150400'),('382',2,'2018-05-23','2018-05-23','150425','克什克腾旗','150400'),('383',2,'2018-05-23','2018-05-23','150426','翁牛特旗','150400'),('384',2,'2018-05-23','2018-05-23','150428','喀喇沁旗','150400'),('385',2,'2018-05-23','2018-05-23','150429','宁城县','150400'),('386',2,'2018-05-23','2018-05-23','150430','敖汉旗','150400'),('387',2,'2018-05-23','2018-05-23','150501','市辖区','150500'),('388',2,'2018-05-23','2018-05-23','150502','科尔沁区','150500'),('389',2,'2018-05-23','2018-05-23','150521','科尔沁左翼中旗','150500'),('39',2,'2018-05-23','2018-05-23','130103','桥东区','130100'),('390',2,'2018-05-23','2018-05-23','150522','科尔沁左翼后旗','150500'),('391',2,'2018-05-23','2018-05-23','150523','开鲁县','150500'),('392',2,'2018-05-23','2018-05-23','150524','库伦旗','150500'),('393',2,'2018-05-23','2018-05-23','150525','奈曼旗','150500'),('394',2,'2018-05-23','2018-05-23','150526','扎鲁特旗','150500'),('395',2,'2018-05-23','2018-05-23','150581','霍林郭勒市','150500'),('396',2,'2018-05-23','2018-05-23','150602','东胜区','150600'),('397',2,'2018-05-23','2018-05-23','150621','达拉特旗','150600'),('398',2,'2018-05-23','2018-05-23','150622','准格尔旗','150600'),('399',2,'2018-05-23','2018-05-23','150623','鄂托克前旗','150600'),('4',2,'2018-05-23','2018-05-23','110104','宣武区','110100'),('40',2,'2018-05-23','2018-05-23','130104','桥西区','130100'),('400',2,'2018-05-23','2018-05-23','150624','鄂托克旗','150600'),('401',2,'2018-05-23','2018-05-23','150625','杭锦旗','150600'),('402',2,'2018-05-23','2018-05-23','150626','乌审旗','150600'),('403',2,'2018-05-23','2018-05-23','150627','伊金霍洛旗','150600'),('404',2,'2018-05-23','2018-05-23','150701','市辖区','150700'),('405',2,'2018-05-23','2018-05-23','150702','海拉尔区','150700'),('406',2,'2018-05-23','2018-05-23','150721','阿荣旗','150700'),('407',2,'2018-05-23','2018-05-23','150722','莫力达瓦达斡尔族自治旗','150700'),('408',2,'2018-05-23','2018-05-23','150723','鄂伦春自治旗','150700'),('409',2,'2018-05-23','2018-05-23','150724','鄂温克族自治旗','150700'),('41',2,'2018-05-23','2018-05-23','130105','新华区','130100'),('410',2,'2018-05-23','2018-05-23','150725','陈巴尔虎旗','150700'),('411',2,'2018-05-23','2018-05-23','150726','新巴尔虎左旗','150700'),('412',2,'2018-05-23','2018-05-23','150727','新巴尔虎右旗','150700'),('413',2,'2018-05-23','2018-05-23','150781','满洲里市','150700'),('414',2,'2018-05-23','2018-05-23','150782','牙克石市','150700'),('415',2,'2018-05-23','2018-05-23','150783','扎兰屯市','150700'),('416',2,'2018-05-23','2018-05-23','150784','额尔古纳市','150700'),('417',2,'2018-05-23','2018-05-23','150785','根河市','150700'),('418',2,'2018-05-23','2018-05-23','150801','市辖区','150800'),('419',2,'2018-05-23','2018-05-23','150802','临河区','150800'),('42',2,'2018-05-23','2018-05-23','130107','井陉矿区','130100'),('420',2,'2018-05-23','2018-05-23','150821','五原县','150800'),('421',2,'2018-05-23','2018-05-23','150822','磴口县','150800'),('422',2,'2018-05-23','2018-05-23','150823','乌拉特前旗','150800'),('423',2,'2018-05-23','2018-05-23','150824','乌拉特中旗','150800'),('424',2,'2018-05-23','2018-05-23','150825','乌拉特后旗','150800'),('425',2,'2018-05-23','2018-05-23','150826','杭锦后旗','150800'),('426',2,'2018-05-23','2018-05-23','150901','市辖区','150900'),('427',2,'2018-05-23','2018-05-23','150902','集宁区','150900'),('428',2,'2018-05-23','2018-05-23','150921','卓资县','150900'),('429',2,'2018-05-23','2018-05-23','150922','化德县','150900'),('43',2,'2018-05-23','2018-05-23','130108','裕华区','130100'),('430',2,'2018-05-23','2018-05-23','150923','商都县','150900'),('431',2,'2018-05-23','2018-05-23','150924','兴和县','150900'),('432',2,'2018-05-23','2018-05-23','150925','凉城县','150900'),('433',2,'2018-05-23','2018-05-23','150926','察哈尔右翼前旗','150900'),('434',2,'2018-05-23','2018-05-23','150927','察哈尔右翼中旗','150900'),('435',2,'2018-05-23','2018-05-23','150928','察哈尔右翼后旗','150900'),('436',2,'2018-05-23','2018-05-23','150929','四子王旗','150900'),('437',2,'2018-05-23','2018-05-23','150981','丰镇市','150900'),('438',2,'2018-05-23','2018-05-23','152201','乌兰浩特市','152200'),('439',2,'2018-05-23','2018-05-23','152202','阿尔山市','152200'),('44',2,'2018-05-23','2018-05-23','130121','井陉县','130100'),('440',2,'2018-05-23','2018-05-23','152221','科尔沁右翼前旗','152200'),('441',2,'2018-05-23','2018-05-23','152222','科尔沁右翼中旗','152200'),('442',2,'2018-05-23','2018-05-23','152223','扎赉特旗','152200'),('443',2,'2018-05-23','2018-05-23','152224','突泉县','152200'),('444',2,'2018-05-23','2018-05-23','152501','二连浩特市','152500'),('445',2,'2018-05-23','2018-05-23','152502','锡林浩特市','152500'),('446',2,'2018-05-23','2018-05-23','152522','阿巴嘎旗','152500'),('447',2,'2018-05-23','2018-05-23','152523','苏尼特左旗','152500'),('448',2,'2018-05-23','2018-05-23','152524','苏尼特右旗','152500'),('449',2,'2018-05-23','2018-05-23','152525','东乌珠穆沁旗','152500'),('45',2,'2018-05-23','2018-05-23','130123','正定县','130100'),('450',2,'2018-05-23','2018-05-23','152526','西乌珠穆沁旗','152500'),('451',2,'2018-05-23','2018-05-23','152527','太仆寺旗','152500'),('452',2,'2018-05-23','2018-05-23','152528','镶黄旗','152500'),('453',2,'2018-05-23','2018-05-23','152529','正镶白旗','152500'),('454',2,'2018-05-23','2018-05-23','152530','正蓝旗','152500'),('455',2,'2018-05-23','2018-05-23','152531','多伦县','152500'),('456',2,'2018-05-23','2018-05-23','152921','阿拉善左旗','152900'),('457',2,'2018-05-23','2018-05-23','152922','阿拉善右旗','152900'),('458',2,'2018-05-23','2018-05-23','152923','额济纳旗','152900'),('459',2,'2018-05-23','2018-05-23','210101','市辖区','210100'),('46',2,'2018-05-23','2018-05-23','130124','栾城县','130100'),('460',2,'2018-05-23','2018-05-23','210102','和平区','210100'),('461',2,'2018-05-23','2018-05-23','210103','沈河区','210100'),('462',2,'2018-05-23','2018-05-23','210104','大东区','210100'),('463',2,'2018-05-23','2018-05-23','210105','皇姑区','210100'),('464',2,'2018-05-23','2018-05-23','210106','铁西区','210100'),('465',2,'2018-05-23','2018-05-23','210111','苏家屯区','210100'),('466',2,'2018-05-23','2018-05-23','210112','东陵区','210100'),('467',2,'2018-05-23','2018-05-23','210113','新城子区','210100'),('468',2,'2018-05-23','2018-05-23','210114','于洪区','210100'),('469',2,'2018-05-23','2018-05-23','210122','辽中县','210100'),('47',2,'2018-05-23','2018-05-23','130125','行唐县','130100'),('470',2,'2018-05-23','2018-05-23','210123','康平县','210100'),('471',2,'2018-05-23','2018-05-23','210124','法库县','210100'),('472',2,'2018-05-23','2018-05-23','210181','新民市','210100'),('473',2,'2018-05-23','2018-05-23','210201','市辖区','210200'),('474',2,'2018-05-23','2018-05-23','210202','中山区','210200'),('475',2,'2018-05-23','2018-05-23','210203','西岗区','210200'),('476',2,'2018-05-23','2018-05-23','210204','沙河口区','210200'),('477',2,'2018-05-23','2018-05-23','210211','甘井子区','210200'),('478',2,'2018-05-23','2018-05-23','210212','旅顺口区','210200'),('479',2,'2018-05-23','2018-05-23','210213','金州区','210200'),('48',2,'2018-05-23','2018-05-23','130126','灵寿县','130100'),('480',2,'2018-05-23','2018-05-23','210224','长海县','210200'),('481',2,'2018-05-23','2018-05-23','210281','瓦房店市','210200'),('482',2,'2018-05-23','2018-05-23','210282','普兰店市','210200'),('483',2,'2018-05-23','2018-05-23','210283','庄河市','210200'),('484',2,'2018-05-23','2018-05-23','210301','市辖区','210300'),('485',2,'2018-05-23','2018-05-23','210302','铁东区','210300'),('486',2,'2018-05-23','2018-05-23','210303','铁西区','210300'),('487',2,'2018-05-23','2018-05-23','210304','立山区','210300'),('488',2,'2018-05-23','2018-05-23','210311','千山区','210300'),('489',2,'2018-05-23','2018-05-23','210321','台安县','210300'),('49',2,'2018-05-23','2018-05-23','130127','高邑县','130100'),('490',2,'2018-05-23','2018-05-23','210323','岫岩满族自治县','210300'),('491',2,'2018-05-23','2018-05-23','210381','海城市','210300'),('492',2,'2018-05-23','2018-05-23','210401','市辖区','210400'),('493',2,'2018-05-23','2018-05-23','210402','新抚区','210400'),('494',2,'2018-05-23','2018-05-23','210403','东洲区','210400'),('495',2,'2018-05-23','2018-05-23','210404','望花区','210400'),('496',2,'2018-05-23','2018-05-23','210411','顺城区','210400'),('497',2,'2018-05-23','2018-05-23','210421','抚顺县','210400'),('498',2,'2018-05-23','2018-05-23','210422','新宾满族自治县','210400'),('499',2,'2018-05-23','2018-05-23','210423','清原满族自治县','210400'),('5',2,'2018-05-23','2018-05-23','110105','朝阳区','110100'),('50',2,'2018-05-23','2018-05-23','130128','深泽县','130100'),('500',2,'2018-05-23','2018-05-23','210501','市辖区','210500'),('501',2,'2018-05-23','2018-05-23','210502','平山区','210500'),('502',2,'2018-05-23','2018-05-23','210503','溪湖区','210500'),('503',2,'2018-05-23','2018-05-23','210504','明山区','210500'),('504',2,'2018-05-23','2018-05-23','210505','南芬区','210500'),('505',2,'2018-05-23','2018-05-23','210521','本溪满族自治县','210500'),('506',2,'2018-05-23','2018-05-23','210522','桓仁满族自治县','210500'),('507',2,'2018-05-23','2018-05-23','210601','市辖区','210600'),('508',2,'2018-05-23','2018-05-23','210602','元宝区','210600'),('509',2,'2018-05-23','2018-05-23','210603','振兴区','210600'),('51',2,'2018-05-23','2018-05-23','130129','赞皇县','130100'),('510',2,'2018-05-23','2018-05-23','210604','振安区','210600'),('511',2,'2018-05-23','2018-05-23','210624','宽甸满族自治县','210600'),('512',2,'2018-05-23','2018-05-23','210681','东港市','210600'),('513',2,'2018-05-23','2018-05-23','210682','凤城市','210600'),('514',2,'2018-05-23','2018-05-23','210701','市辖区','210700'),('515',2,'2018-05-23','2018-05-23','210702','古塔区','210700'),('516',2,'2018-05-23','2018-05-23','210703','凌河区','210700'),('517',2,'2018-05-23','2018-05-23','210711','太和区','210700'),('518',2,'2018-05-23','2018-05-23','210726','黑山县','210700'),('519',2,'2018-05-23','2018-05-23','210727','义　县','210700'),('52',2,'2018-05-23','2018-05-23','130130','无极县','130100'),('520',2,'2018-05-23','2018-05-23','210781','凌海市','210700'),('521',2,'2018-05-23','2018-05-23','210782','北宁市','210700'),('522',2,'2018-05-23','2018-05-23','210801','市辖区','210800'),('523',2,'2018-05-23','2018-05-23','210802','站前区','210800'),('524',2,'2018-05-23','2018-05-23','210803','西市区','210800'),('525',2,'2018-05-23','2018-05-23','210804','鲅鱼圈区','210800'),('526',2,'2018-05-23','2018-05-23','210811','老边区','210800'),('527',2,'2018-05-23','2018-05-23','210881','盖州市','210800'),('528',2,'2018-05-23','2018-05-23','210882','大石桥市','210800'),('529',2,'2018-05-23','2018-05-23','210901','市辖区','210900'),('53',2,'2018-05-23','2018-05-23','130131','平山县','130100'),('530',2,'2018-05-23','2018-05-23','210902','海州区','210900'),('531',2,'2018-05-23','2018-05-23','210903','新邱区','210900'),('532',2,'2018-05-23','2018-05-23','210904','太平区','210900'),('533',2,'2018-05-23','2018-05-23','210905','清河门区','210900'),('534',2,'2018-05-23','2018-05-23','210911','细河区','210900'),('535',2,'2018-05-23','2018-05-23','210921','阜新蒙古族自治县','210900'),('536',2,'2018-05-23','2018-05-23','210922','彰武县','210900'),('537',2,'2018-05-23','2018-05-23','211001','市辖区','211000'),('538',2,'2018-05-23','2018-05-23','211002','白塔区','211000'),('539',2,'2018-05-23','2018-05-23','211003','文圣区','211000'),('54',2,'2018-05-23','2018-05-23','130132','元氏县','130100'),('540',2,'2018-05-23','2018-05-23','211004','宏伟区','211000'),('541',2,'2018-05-23','2018-05-23','211005','弓长岭区','211000'),('542',2,'2018-05-23','2018-05-23','211011','太子河区','211000'),('543',2,'2018-05-23','2018-05-23','211021','辽阳县','211000'),('544',2,'2018-05-23','2018-05-23','211081','灯塔市','211000'),('545',2,'2018-05-23','2018-05-23','211101','市辖区','211100'),('546',2,'2018-05-23','2018-05-23','211102','双台子区','211100'),('547',2,'2018-05-23','2018-05-23','211103','兴隆台区','211100'),('548',2,'2018-05-23','2018-05-23','211121','大洼县','211100'),('549',2,'2018-05-23','2018-05-23','211122','盘山县','211100'),('55',2,'2018-05-23','2018-05-23','130133','赵　县','130100'),('550',2,'2018-05-23','2018-05-23','211201','市辖区','211200'),('551',2,'2018-05-23','2018-05-23','211202','银州区','211200'),('552',2,'2018-05-23','2018-05-23','211204','清河区','211200'),('553',2,'2018-05-23','2018-05-23','211221','铁岭县','211200'),('554',2,'2018-05-23','2018-05-23','211223','西丰县','211200'),('555',2,'2018-05-23','2018-05-23','211224','昌图县','211200'),('556',2,'2018-05-23','2018-05-23','211281','调兵山市','211200'),('557',2,'2018-05-23','2018-05-23','211282','开原市','211200'),('558',2,'2018-05-23','2018-05-23','211301','市辖区','211300'),('559',2,'2018-05-23','2018-05-23','211302','双塔区','211300'),('56',2,'2018-05-23','2018-05-23','130181','辛集市','130100'),('560',2,'2018-05-23','2018-05-23','211303','龙城区','211300'),('561',2,'2018-05-23','2018-05-23','211321','朝阳县','211300'),('562',2,'2018-05-23','2018-05-23','211322','建平县','211300'),('563',2,'2018-05-23','2018-05-23','211324','喀喇沁左翼蒙古族自治县','211300'),('564',2,'2018-05-23','2018-05-23','211381','北票市','211300'),('565',2,'2018-05-23','2018-05-23','211382','凌源市','211300'),('566',2,'2018-05-23','2018-05-23','211401','市辖区','211400'),('567',2,'2018-05-23','2018-05-23','211402','连山区','211400'),('568',2,'2018-05-23','2018-05-23','211403','龙港区','211400'),('569',2,'2018-05-23','2018-05-23','211404','南票区','211400'),('57',2,'2018-05-23','2018-05-23','130182','藁城市','130100'),('570',2,'2018-05-23','2018-05-23','211421','绥中县','211400'),('571',2,'2018-05-23','2018-05-23','211422','建昌县','211400'),('572',2,'2018-05-23','2018-05-23','211481','兴城市','211400'),('573',2,'2018-05-23','2018-05-23','220101','市辖区','220100'),('574',2,'2018-05-23','2018-05-23','220102','南关区','220100'),('575',2,'2018-05-23','2018-05-23','220103','宽城区','220100'),('576',2,'2018-05-23','2018-05-23','220104','朝阳区','220100'),('577',2,'2018-05-23','2018-05-23','220105','二道区','220100'),('578',2,'2018-05-23','2018-05-23','220106','绿园区','220100'),('579',2,'2018-05-23','2018-05-23','220112','双阳区','220100'),('58',2,'2018-05-23','2018-05-23','130183','晋州市','130100'),('580',2,'2018-05-23','2018-05-23','220122','农安县','220100'),('581',2,'2018-05-23','2018-05-23','220181','九台市','220100'),('582',2,'2018-05-23','2018-05-23','220182','榆树市','220100'),('583',2,'2018-05-23','2018-05-23','220183','德惠市','220100'),('584',2,'2018-05-23','2018-05-23','220201','市辖区','220200'),('585',2,'2018-05-23','2018-05-23','220202','昌邑区','220200'),('586',2,'2018-05-23','2018-05-23','220203','龙潭区','220200'),('587',2,'2018-05-23','2018-05-23','220204','船营区','220200'),('588',2,'2018-05-23','2018-05-23','220211','丰满区','220200'),('589',2,'2018-05-23','2018-05-23','220221','永吉县','220200'),('59',2,'2018-05-23','2018-05-23','130184','新乐市','130100'),('590',2,'2018-05-23','2018-05-23','220281','蛟河市','220200'),('591',2,'2018-05-23','2018-05-23','220282','桦甸市','220200'),('592',2,'2018-05-23','2018-05-23','220283','舒兰市','220200'),('593',2,'2018-05-23','2018-05-23','220284','磐石市','220200'),('594',2,'2018-05-23','2018-05-23','220301','市辖区','220300'),('595',2,'2018-05-23','2018-05-23','220302','铁西区','220300'),('596',2,'2018-05-23','2018-05-23','220303','铁东区','220300'),('597',2,'2018-05-23','2018-05-23','220322','梨树县','220300'),('598',2,'2018-05-23','2018-05-23','220323','伊通满族自治县','220300'),('599',2,'2018-05-23','2018-05-23','220381','公主岭市','220300'),('6',2,'2018-05-23','2018-05-23','110106','丰台区','110100'),('60',2,'2018-05-23','2018-05-23','130185','鹿泉市','130100'),('600',2,'2018-05-23','2018-05-23','220382','双辽市','220300'),('601',2,'2018-05-23','2018-05-23','220401','市辖区','220400'),('602',2,'2018-05-23','2018-05-23','220402','龙山区','220400'),('603',2,'2018-05-23','2018-05-23','220403','西安区','220400'),('604',2,'2018-05-23','2018-05-23','220421','东丰县','220400'),('605',2,'2018-05-23','2018-05-23','220422','东辽县','220400'),('606',2,'2018-05-23','2018-05-23','220501','市辖区','220500'),('607',2,'2018-05-23','2018-05-23','220502','东昌区','220500'),('608',2,'2018-05-23','2018-05-23','220503','二道江区','220500'),('609',2,'2018-05-23','2018-05-23','220521','通化县','220500'),('61',2,'2018-05-23','2018-05-23','130201','市辖区','130200'),('610',2,'2018-05-23','2018-05-23','220523','辉南县','220500'),('611',2,'2018-05-23','2018-05-23','220524','柳河县','220500'),('612',2,'2018-05-23','2018-05-23','220581','梅河口市','220500'),('613',2,'2018-05-23','2018-05-23','220582','集安市','220500'),('614',2,'2018-05-23','2018-05-23','220601','市辖区','220600'),('615',2,'2018-05-23','2018-05-23','220602','八道江区','220600'),('616',2,'2018-05-23','2018-05-23','220621','抚松县','220600'),('617',2,'2018-05-23','2018-05-23','220622','靖宇县','220600'),('618',2,'2018-05-23','2018-05-23','220623','长白朝鲜族自治县','220600'),('619',2,'2018-05-23','2018-05-23','220625','江源县','220600'),('62',2,'2018-05-23','2018-05-23','130202','路南区','130200'),('620',2,'2018-05-23','2018-05-23','220681','临江市','220600'),('621',2,'2018-05-23','2018-05-23','220701','市辖区','220700'),('622',2,'2018-05-23','2018-05-23','220702','宁江区','220700'),('623',2,'2018-05-23','2018-05-23','220721','前郭尔罗斯蒙古族自治县','220700'),('624',2,'2018-05-23','2018-05-23','220722','长岭县','220700'),('625',2,'2018-05-23','2018-05-23','220723','乾安县','220700'),('626',2,'2018-05-23','2018-05-23','220724','扶余县','220700'),('627',2,'2018-05-23','2018-05-23','220801','市辖区','220800'),('628',2,'2018-05-23','2018-05-23','220802','洮北区','220800'),('629',2,'2018-05-23','2018-05-23','220821','镇赉县','220800'),('63',2,'2018-05-23','2018-05-23','130203','路北区','130200'),('630',2,'2018-05-23','2018-05-23','220822','通榆县','220800'),('631',2,'2018-05-23','2018-05-23','220881','洮南市','220800'),('632',2,'2018-05-23','2018-05-23','220882','大安市','220800'),('633',2,'2018-05-23','2018-05-23','222401','延吉市','222400'),('634',2,'2018-05-23','2018-05-23','222402','图们市','222400'),('635',2,'2018-05-23','2018-05-23','222403','敦化市','222400'),('636',2,'2018-05-23','2018-05-23','222404','珲春市','222400'),('637',2,'2018-05-23','2018-05-23','222405','龙井市','222400'),('638',2,'2018-05-23','2018-05-23','222406','和龙市','222400'),('639',2,'2018-05-23','2018-05-23','222424','汪清县','222400'),('64',2,'2018-05-23','2018-05-23','130204','古冶区','130200'),('640',2,'2018-05-23','2018-05-23','222426','安图县','222400'),('641',2,'2018-05-23','2018-05-23','230101','市辖区','230100'),('642',2,'2018-05-23','2018-05-23','230102','道里区','230100'),('643',2,'2018-05-23','2018-05-23','230103','南岗区','230100'),('644',2,'2018-05-23','2018-05-23','230104','道外区','230100'),('645',2,'2018-05-23','2018-05-23','230106','香坊区','230100'),('646',2,'2018-05-23','2018-05-23','230107','动力区','230100'),('647',2,'2018-05-23','2018-05-23','230108','平房区','230100'),('648',2,'2018-05-23','2018-05-23','230109','松北区','230100'),('649',2,'2018-05-23','2018-05-23','230111','呼兰区','230100'),('65',2,'2018-05-23','2018-05-23','130205','开平区','130200'),('650',2,'2018-05-23','2018-05-23','230123','依兰县','230100'),('651',2,'2018-05-23','2018-05-23','230124','方正县','230100'),('652',2,'2018-05-23','2018-05-23','230125','宾　县','230100'),('653',2,'2018-05-23','2018-05-23','230126','巴彦县','230100'),('654',2,'2018-05-23','2018-05-23','230127','木兰县','230100'),('655',2,'2018-05-23','2018-05-23','230128','通河县','230100'),('656',2,'2018-05-23','2018-05-23','230129','延寿县','230100'),('657',2,'2018-05-23','2018-05-23','230181','阿城市','230100'),('658',2,'2018-05-23','2018-05-23','230182','双城市','230100'),('659',2,'2018-05-23','2018-05-23','230183','尚志市','230100'),('66',2,'2018-05-23','2018-05-23','130207','丰南区','130200'),('660',2,'2018-05-23','2018-05-23','230184','五常市','230100'),('661',2,'2018-05-23','2018-05-23','230201','市辖区','230200'),('662',2,'2018-05-23','2018-05-23','230202','龙沙区','230200'),('663',2,'2018-05-23','2018-05-23','230203','建华区','230200'),('664',2,'2018-05-23','2018-05-23','230204','铁锋区','230200'),('665',2,'2018-05-23','2018-05-23','230205','昂昂溪区','230200'),('666',2,'2018-05-23','2018-05-23','230206','富拉尔基区','230200'),('667',2,'2018-05-23','2018-05-23','230207','碾子山区','230200'),('668',2,'2018-05-23','2018-05-23','230208','梅里斯达斡尔族区','230200'),('669',2,'2018-05-23','2018-05-23','230221','龙江县','230200'),('67',2,'2018-05-23','2018-05-23','130208','丰润区','130200'),('670',2,'2018-05-23','2018-05-23','230223','依安县','230200'),('671',2,'2018-05-23','2018-05-23','230224','泰来县','230200'),('672',2,'2018-05-23','2018-05-23','230225','甘南县','230200'),('673',2,'2018-05-23','2018-05-23','230227','富裕县','230200'),('674',2,'2018-05-23','2018-05-23','230229','克山县','230200'),('675',2,'2018-05-23','2018-05-23','230230','克东县','230200'),('676',2,'2018-05-23','2018-05-23','230231','拜泉县','230200'),('677',2,'2018-05-23','2018-05-23','230281','讷河市','230200'),('678',2,'2018-05-23','2018-05-23','230301','市辖区','230300'),('679',2,'2018-05-23','2018-05-23','230302','鸡冠区','230300'),('68',2,'2018-05-23','2018-05-23','130223','滦　县','130200'),('680',2,'2018-05-23','2018-05-23','230303','恒山区','230300'),('681',2,'2018-05-23','2018-05-23','230304','滴道区','230300'),('682',2,'2018-05-23','2018-05-23','230305','梨树区','230300'),('683',2,'2018-05-23','2018-05-23','230306','城子河区','230300'),('684',2,'2018-05-23','2018-05-23','230307','麻山区','230300'),('685',2,'2018-05-23','2018-05-23','230321','鸡东县','230300'),('686',2,'2018-05-23','2018-05-23','230381','虎林市','230300'),('687',2,'2018-05-23','2018-05-23','230382','密山市','230300'),('688',2,'2018-05-23','2018-05-23','230401','市辖区','230400'),('689',2,'2018-05-23','2018-05-23','230402','向阳区','230400'),('69',2,'2018-05-23','2018-05-23','130224','滦南县','130200'),('690',2,'2018-05-23','2018-05-23','230403','工农区','230400'),('691',2,'2018-05-23','2018-05-23','230404','南山区','230400'),('692',2,'2018-05-23','2018-05-23','230405','兴安区','230400'),('693',2,'2018-05-23','2018-05-23','230406','东山区','230400'),('694',2,'2018-05-23','2018-05-23','230407','兴山区','230400'),('695',2,'2018-05-23','2018-05-23','230421','萝北县','230400'),('696',2,'2018-05-23','2018-05-23','230422','绥滨县','230400'),('697',2,'2018-05-23','2018-05-23','230501','市辖区','230500'),('698',2,'2018-05-23','2018-05-23','230502','尖山区','230500'),('699',2,'2018-05-23','2018-05-23','230503','岭东区','230500'),('7',2,'2018-05-23','2018-05-23','110107','石景山区','110100'),('70',2,'2018-05-23','2018-05-23','130225','乐亭县','130200'),('700',2,'2018-05-23','2018-05-23','230505','四方台区','230500'),('701',2,'2018-05-23','2018-05-23','230506','宝山区','230500'),('702',2,'2018-05-23','2018-05-23','230521','集贤县','230500'),('703',2,'2018-05-23','2018-05-23','230522','友谊县','230500'),('704',2,'2018-05-23','2018-05-23','230523','宝清县','230500'),('705',2,'2018-05-23','2018-05-23','230524','饶河县','230500'),('706',2,'2018-05-23','2018-05-23','230601','市辖区','230600'),('707',2,'2018-05-23','2018-05-23','230602','萨尔图区','230600'),('708',2,'2018-05-23','2018-05-23','230603','龙凤区','230600'),('709',2,'2018-05-23','2018-05-23','230604','让胡路区','230600'),('71',2,'2018-05-23','2018-05-23','130227','迁西县','130200'),('710',2,'2018-05-23','2018-05-23','230605','红岗区','230600'),('711',2,'2018-05-23','2018-05-23','230606','大同区','230600'),('712',2,'2018-05-23','2018-05-23','230621','肇州县','230600'),('713',2,'2018-05-23','2018-05-23','230622','肇源县','230600'),('714',2,'2018-05-23','2018-05-23','230623','林甸县','230600'),('715',2,'2018-05-23','2018-05-23','230624','杜尔伯特蒙古族自治县','230600'),('716',2,'2018-05-23','2018-05-23','230701','市辖区','230700'),('717',2,'2018-05-23','2018-05-23','230702','伊春区','230700'),('718',2,'2018-05-23','2018-05-23','230703','南岔区','230700'),('719',2,'2018-05-23','2018-05-23','230704','友好区','230700'),('72',2,'2018-05-23','2018-05-23','130229','玉田县','130200'),('720',2,'2018-05-23','2018-05-23','230705','西林区','230700'),('721',2,'2018-05-23','2018-05-23','230706','翠峦区','230700'),('722',2,'2018-05-23','2018-05-23','230707','新青区','230700'),('723',2,'2018-05-23','2018-05-23','230708','美溪区','230700'),('724',2,'2018-05-23','2018-05-23','230709','金山屯区','230700'),('725',2,'2018-05-23','2018-05-23','230710','五营区','230700'),('726',2,'2018-05-23','2018-05-23','230711','乌马河区','230700'),('727',2,'2018-05-23','2018-05-23','230712','汤旺河区','230700'),('728',2,'2018-05-23','2018-05-23','230713','带岭区','230700'),('729',2,'2018-05-23','2018-05-23','230714','乌伊岭区','230700'),('73',2,'2018-05-23','2018-05-23','130230','唐海县','130200'),('730',2,'2018-05-23','2018-05-23','230715','红星区','230700'),('731',2,'2018-05-23','2018-05-23','230716','上甘岭区','230700'),('732',2,'2018-05-23','2018-05-23','230722','嘉荫县','230700'),('733',2,'2018-05-23','2018-05-23','230781','铁力市','230700'),('734',2,'2018-05-23','2018-05-23','230801','市辖区','230800'),('735',2,'2018-05-23','2018-05-23','230802','永红区','230800'),('736',2,'2018-05-23','2018-05-23','230803','向阳区','230800'),('737',2,'2018-05-23','2018-05-23','230804','前进区','230800'),('738',2,'2018-05-23','2018-05-23','230805','东风区','230800'),('739',2,'2018-05-23','2018-05-23','230811','郊　区','230800'),('74',2,'2018-05-23','2018-05-23','130281','遵化市','130200'),('740',2,'2018-05-23','2018-05-23','230822','桦南县','230800'),('741',2,'2018-05-23','2018-05-23','230826','桦川县','230800'),('742',2,'2018-05-23','2018-05-23','230828','汤原县','230800'),('743',2,'2018-05-23','2018-05-23','230833','抚远县','230800'),('744',2,'2018-05-23','2018-05-23','230881','同江市','230800'),('745',2,'2018-05-23','2018-05-23','230882','富锦市','230800'),('746',2,'2018-05-23','2018-05-23','230901','市辖区','230900'),('747',2,'2018-05-23','2018-05-23','230902','新兴区','230900'),('748',2,'2018-05-23','2018-05-23','230903','桃山区','230900'),('749',2,'2018-05-23','2018-05-23','230904','茄子河区','230900'),('75',2,'2018-05-23','2018-05-23','130283','迁安市','130200'),('750',2,'2018-05-23','2018-05-23','230921','勃利县','230900'),('751',2,'2018-05-23','2018-05-23','231001','市辖区','231000'),('752',2,'2018-05-23','2018-05-23','231002','东安区','231000'),('753',2,'2018-05-23','2018-05-23','231003','阳明区','231000'),('754',2,'2018-05-23','2018-05-23','231004','爱民区','231000'),('755',2,'2018-05-23','2018-05-23','231005','西安区','231000'),('756',2,'2018-05-23','2018-05-23','231024','东宁县','231000'),('757',2,'2018-05-23','2018-05-23','231025','林口县','231000'),('758',2,'2018-05-23','2018-05-23','231081','绥芬河市','231000'),('759',2,'2018-05-23','2018-05-23','231083','海林市','231000'),('76',2,'2018-05-23','2018-05-23','130301','市辖区','130300'),('760',2,'2018-05-23','2018-05-23','231084','宁安市','231000'),('761',2,'2018-05-23','2018-05-23','231085','穆棱市','231000'),('762',2,'2018-05-23','2018-05-23','231101','市辖区','231100'),('763',2,'2018-05-23','2018-05-23','231102','爱辉区','231100'),('764',2,'2018-05-23','2018-05-23','231121','嫩江县','231100'),('765',2,'2018-05-23','2018-05-23','231123','逊克县','231100'),('766',2,'2018-05-23','2018-05-23','231124','孙吴县','231100'),('767',2,'2018-05-23','2018-05-23','231181','北安市','231100'),('768',2,'2018-05-23','2018-05-23','231182','五大连池市','231100'),('769',2,'2018-05-23','2018-05-23','231201','市辖区','231200'),('77',2,'2018-05-23','2018-05-23','130302','海港区','130300'),('770',2,'2018-05-23','2018-05-23','231202','北林区','231200'),('771',2,'2018-05-23','2018-05-23','231221','望奎县','231200'),('772',2,'2018-05-23','2018-05-23','231222','兰西县','231200'),('773',2,'2018-05-23','2018-05-23','231223','青冈县','231200'),('774',2,'2018-05-23','2018-05-23','231224','庆安县','231200'),('775',2,'2018-05-23','2018-05-23','231225','明水县','231200'),('776',2,'2018-05-23','2018-05-23','231226','绥棱县','231200'),('777',2,'2018-05-23','2018-05-23','231281','安达市','231200'),('778',2,'2018-05-23','2018-05-23','231282','肇东市','231200'),('779',2,'2018-05-23','2018-05-23','231283','海伦市','231200'),('78',2,'2018-05-23','2018-05-23','130303','山海关区','130300'),('780',2,'2018-05-23','2018-05-23','232721','呼玛县','232700'),('781',2,'2018-05-23','2018-05-23','232722','塔河县','232700'),('782',2,'2018-05-23','2018-05-23','232723','漠河县','232700'),('783',2,'2018-05-23','2018-05-23','310101','黄浦区','310100'),('784',2,'2018-05-23','2018-05-23','310103','卢湾区','310100'),('785',2,'2018-05-23','2018-05-23','310104','徐汇区','310100'),('786',2,'2018-05-23','2018-05-23','310105','长宁区','310100'),('787',2,'2018-05-23','2018-05-23','310106','静安区','310100'),('788',2,'2018-05-23','2018-05-23','310107','普陀区','310100'),('789',2,'2018-05-23','2018-05-23','310108','闸北区','310100'),('79',2,'2018-05-23','2018-05-23','130304','北戴河区','130300'),('790',2,'2018-05-23','2018-05-23','310109','虹口区','310100'),('791',2,'2018-05-23','2018-05-23','310110','杨浦区','310100'),('792',2,'2018-05-23','2018-05-23','310112','闵行区','310100'),('793',2,'2018-05-23','2018-05-23','310113','宝山区','310100'),('794',2,'2018-05-23','2018-05-23','310114','嘉定区','310100'),('795',2,'2018-05-23','2018-05-23','310115','浦东新区','310100'),('796',2,'2018-05-23','2018-05-23','310116','金山区','310100'),('797',2,'2018-05-23','2018-05-23','310117','松江区','310100'),('798',2,'2018-05-23','2018-05-23','310118','青浦区','310100'),('799',2,'2018-05-23','2018-05-23','310119','南汇区','310100'),('8',2,'2018-05-23','2018-05-23','110108','海淀区','110100'),('80',2,'2018-05-23','2018-05-23','130321','青龙满族自治县','130300'),('800',2,'2018-05-23','2018-05-23','310120','奉贤区','310100'),('801',2,'2018-05-23','2018-05-23','310230','崇明县','310100'),('802',2,'2018-05-23','2018-05-23','320101','市辖区','320100'),('803',2,'2018-05-23','2018-05-23','320102','玄武区','320100'),('804',2,'2018-05-23','2018-05-23','320103','白下区','320100'),('805',2,'2018-05-23','2018-05-23','320104','秦淮区','320100'),('806',2,'2018-05-23','2018-05-23','320105','建邺区','320100'),('807',2,'2018-05-23','2018-05-23','320106','鼓楼区','320100'),('808',2,'2018-05-23','2018-05-23','320107','下关区','320100'),('809',2,'2018-05-23','2018-05-23','320111','浦口区','320100'),('81',2,'2018-05-23','2018-05-23','130322','昌黎县','130300'),('810',2,'2018-05-23','2018-05-23','320113','栖霞区','320100'),('811',2,'2018-05-23','2018-05-23','320114','雨花台区','320100'),('812',2,'2018-05-23','2018-05-23','320115','江宁区','320100'),('813',2,'2018-05-23','2018-05-23','320116','六合区','320100'),('814',2,'2018-05-23','2018-05-23','320124','溧水县','320100'),('815',2,'2018-05-23','2018-05-23','320125','高淳县','320100'),('816',2,'2018-05-23','2018-05-23','320201','市辖区','320200'),('817',2,'2018-05-23','2018-05-23','320202','崇安区','320200'),('818',2,'2018-05-23','2018-05-23','320203','南长区','320200'),('819',2,'2018-05-23','2018-05-23','320204','北塘区','320200'),('82',2,'2018-05-23','2018-05-23','130323','抚宁县','130300'),('820',2,'2018-05-23','2018-05-23','320205','锡山区','320200'),('821',2,'2018-05-23','2018-05-23','320206','惠山区','320200'),('822',2,'2018-05-23','2018-05-23','320211','滨湖区','320200'),('823',2,'2018-05-23','2018-05-23','320281','江阴市','320200'),('824',2,'2018-05-23','2018-05-23','320282','宜兴市','320200'),('825',2,'2018-05-23','2018-05-23','320301','市辖区','320300'),('826',2,'2018-05-23','2018-05-23','320302','鼓楼区','320300'),('827',2,'2018-05-23','2018-05-23','320303','云龙区','320300'),('828',2,'2018-05-23','2018-05-23','320304','九里区','320300'),('829',2,'2018-05-23','2018-05-23','320305','贾汪区','320300'),('83',2,'2018-05-23','2018-05-23','130324','卢龙县','130300'),('830',2,'2018-05-23','2018-05-23','320311','泉山区','320300'),('831',2,'2018-05-23','2018-05-23','320321','丰　县','320300'),('832',2,'2018-05-23','2018-05-23','320322','沛　县','320300'),('833',2,'2018-05-23','2018-05-23','320323','铜山县','320300'),('834',2,'2018-05-23','2018-05-23','320324','睢宁县','320300'),('835',2,'2018-05-23','2018-05-23','320381','新沂市','320300'),('836',2,'2018-05-23','2018-05-23','320382','邳州市','320300'),('837',2,'2018-05-23','2018-05-23','320401','市辖区','320400'),('838',2,'2018-05-23','2018-05-23','320402','天宁区','320400'),('839',2,'2018-05-23','2018-05-23','320404','钟楼区','320400'),('84',2,'2018-05-23','2018-05-23','130401','市辖区','130400'),('840',2,'2018-05-23','2018-05-23','320405','戚墅堰区','320400'),('841',2,'2018-05-23','2018-05-23','320411','新北区','320400'),('842',2,'2018-05-23','2018-05-23','320412','武进区','320400'),('843',2,'2018-05-23','2018-05-23','320481','溧阳市','320400'),('844',2,'2018-05-23','2018-05-23','320482','金坛市','320400'),('845',2,'2018-05-23','2018-05-23','320501','市辖区','320500'),('846',2,'2018-05-23','2018-05-23','320502','沧浪区','320500'),('847',2,'2018-05-23','2018-05-23','320503','平江区','320500'),('848',2,'2018-05-23','2018-05-23','320504','金阊区','320500'),('849',2,'2018-05-23','2018-05-23','320505','虎丘区','320500'),('85',2,'2018-05-23','2018-05-23','130402','邯山区','130400'),('850',2,'2018-05-23','2018-05-23','320506','吴中区','320500'),('851',2,'2018-05-23','2018-05-23','320507','相城区','320500'),('852',2,'2018-05-23','2018-05-23','320581','常熟市','320500'),('853',2,'2018-05-23','2018-05-23','320582','张家港市','320500'),('854',2,'2018-05-23','2018-05-23','320583','昆山市','320500'),('855',2,'2018-05-23','2018-05-23','320584','吴江市','320500'),('856',2,'2018-05-23','2018-05-23','320585','太仓市','320500'),('857',2,'2018-05-23','2018-05-23','320601','市辖区','320600'),('858',2,'2018-05-23','2018-05-23','320602','崇川区','320600'),('859',2,'2018-05-23','2018-05-23','320611','港闸区','320600'),('86',2,'2018-05-23','2018-05-23','130403','丛台区','130400'),('860',2,'2018-05-23','2018-05-23','320621','海安县','320600'),('861',2,'2018-05-23','2018-05-23','320623','如东县','320600'),('862',2,'2018-05-23','2018-05-23','320681','启东市','320600'),('863',2,'2018-05-23','2018-05-23','320682','如皋市','320600'),('864',2,'2018-05-23','2018-05-23','320683','通州市','320600'),('865',2,'2018-05-23','2018-05-23','320684','海门市','320600'),('866',2,'2018-05-23','2018-05-23','320701','市辖区','320700'),('867',2,'2018-05-23','2018-05-23','320703','连云区','320700'),('868',2,'2018-05-23','2018-05-23','320705','新浦区','320700'),('869',2,'2018-05-23','2018-05-23','320706','海州区','320700'),('87',2,'2018-05-23','2018-05-23','130404','复兴区','130400'),('870',2,'2018-05-23','2018-05-23','320721','赣榆县','320700'),('871',2,'2018-05-23','2018-05-23','320722','东海县','320700'),('872',2,'2018-05-23','2018-05-23','320723','灌云县','320700'),('873',2,'2018-05-23','2018-05-23','320724','灌南县','320700'),('874',2,'2018-05-23','2018-05-23','320801','市辖区','320800'),('875',2,'2018-05-23','2018-05-23','320802','清河区','320800'),('876',2,'2018-05-23','2018-05-23','320803','楚州区','320800'),('877',2,'2018-05-23','2018-05-23','320804','淮阴区','320800'),('878',2,'2018-05-23','2018-05-23','320811','清浦区','320800'),('879',2,'2018-05-23','2018-05-23','320826','涟水县','320800'),('88',2,'2018-05-23','2018-05-23','130406','峰峰矿区','130400'),('880',2,'2018-05-23','2018-05-23','320829','洪泽县','320800'),('881',2,'2018-05-23','2018-05-23','320830','盱眙县','320800'),('882',2,'2018-05-23','2018-05-23','320831','金湖县','320800'),('883',2,'2018-05-23','2018-05-23','320901','市辖区','320900'),('884',2,'2018-05-23','2018-05-23','320902','亭湖区','320900'),('885',2,'2018-05-23','2018-05-23','320903','盐都区','320900'),('886',2,'2018-05-23','2018-05-23','320921','响水县','320900'),('887',2,'2018-05-23','2018-05-23','320922','滨海县','320900'),('888',2,'2018-05-23','2018-05-23','320923','阜宁县','320900'),('889',2,'2018-05-23','2018-05-23','320924','射阳县','320900'),('89',2,'2018-05-23','2018-05-23','130421','邯郸县','130400'),('890',2,'2018-05-23','2018-05-23','320925','建湖县','320900'),('891',2,'2018-05-23','2018-05-23','320981','东台市','320900'),('892',2,'2018-05-23','2018-05-23','320982','大丰市','320900'),('893',2,'2018-05-23','2018-05-23','321001','市辖区','321000'),('894',2,'2018-05-23','2018-05-23','321002','广陵区','321000'),('895',2,'2018-05-23','2018-05-23','321003','邗江区','321000'),('896',2,'2018-05-23','2018-05-23','321011','郊　区','321000'),('897',2,'2018-05-23','2018-05-23','321023','宝应县','321000'),('898',2,'2018-05-23','2018-05-23','321081','仪征市','321000'),('899',2,'2018-05-23','2018-05-23','321084','高邮市','321000'),('9',2,'2018-05-23','2018-05-23','110109','门头沟区','110100'),('90',2,'2018-05-23','2018-05-23','130423','临漳县','130400'),('900',2,'2018-05-23','2018-05-23','321088','江都市','321000'),('901',2,'2018-05-23','2018-05-23','321101','市辖区','321100'),('902',2,'2018-05-23','2018-05-23','321102','京口区','321100'),('903',2,'2018-05-23','2018-05-23','321111','润州区','321100'),('904',2,'2018-05-23','2018-05-23','321112','丹徒区','321100'),('905',2,'2018-05-23','2018-05-23','321181','丹阳市','321100'),('906',2,'2018-05-23','2018-05-23','321182','扬中市','321100'),('907',2,'2018-05-23','2018-05-23','321183','句容市','321100'),('908',2,'2018-05-23','2018-05-23','321201','市辖区','321200'),('909',2,'2018-05-23','2018-05-23','321202','海陵区','321200'),('91',2,'2018-05-23','2018-05-23','130424','成安县','130400'),('910',2,'2018-05-23','2018-05-23','321203','高港区','321200'),('911',2,'2018-05-23','2018-05-23','321281','兴化市','321200'),('912',2,'2018-05-23','2018-05-23','321282','靖江市','321200'),('913',2,'2018-05-23','2018-05-23','321283','泰兴市','321200'),('914',2,'2018-05-23','2018-05-23','321284','姜堰市','321200'),('915',2,'2018-05-23','2018-05-23','321301','市辖区','321300'),('916',2,'2018-05-23','2018-05-23','321302','宿城区','321300'),('917',2,'2018-05-23','2018-05-23','321311','宿豫区','321300'),('918',2,'2018-05-23','2018-05-23','321322','沭阳县','321300'),('919',2,'2018-05-23','2018-05-23','321323','泗阳县','321300'),('92',2,'2018-05-23','2018-05-23','130425','大名县','130400'),('920',2,'2018-05-23','2018-05-23','321324','泗洪县','321300'),('921',2,'2018-05-23','2018-05-23','330101','市辖区','330100'),('922',2,'2018-05-23','2018-05-23','330102','上城区','330100'),('923',2,'2018-05-23','2018-05-23','330103','下城区','330100'),('924',2,'2018-05-23','2018-05-23','330104','江干区','330100'),('925',2,'2018-05-23','2018-05-23','330105','拱墅区','330100'),('926',2,'2018-05-23','2018-05-23','330106','西湖区','330100'),('927',2,'2018-05-23','2018-05-23','330108','滨江区','330100'),('928',2,'2018-05-23','2018-05-23','330109','萧山区','330100'),('929',2,'2018-05-23','2018-05-23','330110','余杭区','330100'),('93',2,'2018-05-23','2018-05-23','130426','涉　县','130400'),('930',2,'2018-05-23','2018-05-23','330122','桐庐县','330100'),('931',2,'2018-05-23','2018-05-23','330127','淳安县','330100'),('932',2,'2018-05-23','2018-05-23','330182','建德市','330100'),('933',2,'2018-05-23','2018-05-23','330183','富阳市','330100'),('934',2,'2018-05-23','2018-05-23','330185','临安市','330100'),('935',2,'2018-05-23','2018-05-23','330201','市辖区','330200'),('936',2,'2018-05-23','2018-05-23','330203','海曙区','330200'),('937',2,'2018-05-23','2018-05-23','330204','江东区','330200'),('938',2,'2018-05-23','2018-05-23','330205','江北区','330200'),('939',2,'2018-05-23','2018-05-23','330206','北仑区','330200'),('94',2,'2018-05-23','2018-05-23','130427','磁　县','130400'),('940',2,'2018-05-23','2018-05-23','330211','镇海区','330200'),('941',2,'2018-05-23','2018-05-23','330212','鄞州区','330200'),('942',2,'2018-05-23','2018-05-23','330225','象山县','330200'),('943',2,'2018-05-23','2018-05-23','330226','宁海县','330200'),('944',2,'2018-05-23','2018-05-23','330281','余姚市','330200'),('945',2,'2018-05-23','2018-05-23','330282','慈溪市','330200'),('946',2,'2018-05-23','2018-05-23','330283','奉化市','330200'),('947',2,'2018-05-23','2018-05-23','330301','市辖区','330300'),('948',2,'2018-05-23','2018-05-23','330302','鹿城区','330300'),('949',2,'2018-05-23','2018-05-23','330303','龙湾区','330300'),('95',2,'2018-05-23','2018-05-23','130428','肥乡县','130400'),('950',2,'2018-05-23','2018-05-23','330304','瓯海区','330300'),('951',2,'2018-05-23','2018-05-23','330322','洞头县','330300'),('952',2,'2018-05-23','2018-05-23','330324','永嘉县','330300'),('953',2,'2018-05-23','2018-05-23','330326','平阳县','330300'),('954',2,'2018-05-23','2018-05-23','330327','苍南县','330300'),('955',2,'2018-05-23','2018-05-23','330328','文成县','330300'),('956',2,'2018-05-23','2018-05-23','330329','泰顺县','330300'),('957',2,'2018-05-23','2018-05-23','330381','瑞安市','330300'),('958',2,'2018-05-23','2018-05-23','330382','乐清市','330300'),('959',2,'2018-05-23','2018-05-23','330401','市辖区','330400'),('96',2,'2018-05-23','2018-05-23','130429','永年县','130400'),('960',2,'2018-05-23','2018-05-23','330402','秀城区','330400'),('961',2,'2018-05-23','2018-05-23','330411','秀洲区','330400'),('962',2,'2018-05-23','2018-05-23','330421','嘉善县','330400'),('963',2,'2018-05-23','2018-05-23','330424','海盐县','330400'),('964',2,'2018-05-23','2018-05-23','330481','海宁市','330400'),('965',2,'2018-05-23','2018-05-23','330482','平湖市','330400'),('966',2,'2018-05-23','2018-05-23','330483','桐乡市','330400'),('967',2,'2018-05-23','2018-05-23','330501','市辖区','330500'),('968',2,'2018-05-23','2018-05-23','330502','吴兴区','330500'),('969',2,'2018-05-23','2018-05-23','330503','南浔区','330500'),('97',2,'2018-05-23','2018-05-23','130430','邱　县','130400'),('970',2,'2018-05-23','2018-05-23','330521','德清县','330500'),('971',2,'2018-05-23','2018-05-23','330522','长兴县','330500'),('972',2,'2018-05-23','2018-05-23','330523','安吉县','330500'),('973',2,'2018-05-23','2018-05-23','330601','市辖区','330600'),('974',2,'2018-05-23','2018-05-23','330602','越城区','330600'),('975',2,'2018-05-23','2018-05-23','330621','绍兴县','330600'),('976',2,'2018-05-23','2018-05-23','330624','新昌县','330600'),('977',2,'2018-05-23','2018-05-23','330681','诸暨市','330600'),('978',2,'2018-05-23','2018-05-23','330682','上虞市','330600'),('979',2,'2018-05-23','2018-05-23','330683','嵊州市','330600'),('98',2,'2018-05-23','2018-05-23','130431','鸡泽县','130400'),('980',2,'2018-05-23','2018-05-23','330701','市辖区','330700'),('981',2,'2018-05-23','2018-05-23','330702','婺城区','330700'),('982',2,'2018-05-23','2018-05-23','330703','金东区','330700'),('983',2,'2018-05-23','2018-05-23','330723','武义县','330700'),('984',2,'2018-05-23','2018-05-23','330726','浦江县','330700'),('985',2,'2018-05-23','2018-05-23','330727','磐安县','330700'),('986',2,'2018-05-23','2018-05-23','330781','兰溪市','330700'),('987',2,'2018-05-23','2018-05-23','330782','义乌市','330700'),('988',2,'2018-05-23','2018-05-23','330783','东阳市','330700'),('989',2,'2018-05-23','2018-05-23','330784','永康市','330700'),('99',2,'2018-05-23','2018-05-23','130432','广平县','130400'),('990',2,'2018-05-23','2018-05-23','330801','市辖区','330800'),('991',2,'2018-05-23','2018-05-23','330802','柯城区','330800'),('992',2,'2018-05-23','2018-05-23','330803','衢江区','330800'),('993',2,'2018-05-23','2018-05-23','330822','常山县','330800'),('994',2,'2018-05-23','2018-05-23','330824','开化县','330800'),('995',2,'2018-05-23','2018-05-23','330825','龙游县','330800'),('996',2,'2018-05-23','2018-05-23','330881','江山市','330800'),('997',2,'2018-05-23','2018-05-23','330901','市辖区','330900'),('998',2,'2018-05-23','2018-05-23','330902','定海区','330900'),('999',2,'2018-05-23','2018-05-23','330903','普陀区','330900');

UNLOCK TABLES;

/*Table structure for table `eshop_brand` */

CREATE TABLE `eshop_brand` (
  `id` varchar(200) NOT NULL COMMENT 'ID',
  `is_del` int(11) DEFAULT NULL COMMENT '是否已经删除:1-已删,2.未删',
  `update_time` date DEFAULT NULL COMMENT '更新时间',
  `create_time` date DEFAULT NULL COMMENT '创建时间',
  `brand_name` varchar(20) DEFAULT NULL COMMENT '名称',
  `brand_description` varchar(500) DEFAULT NULL COMMENT '描述',
  `brand_logo` varchar(100) DEFAULT NULL COMMENT '图片Url',
  PRIMARY KEY (`id`)
) ENGINE=InnoDB DEFAULT CHARSET=utf8 COMMENT='商品品牌';

/*Data for the table `eshop_brand` */

LOCK TABLES `eshop_brand` WRITE;

insert  into `eshop_brand`(`id`,`is_del`,`update_time`,`create_time`,`brand_name`,`brand_description`,`brand_logo`) values ('1',2,'2018-05-23','2018-05-23','李宁','呵呵',''),('10',2,'2018-05-23','2018-05-23','SHARR','SHARR','index-camera3.jpg'),('11',2,'2018-05-23','2018-05-23','KIAND','KIAND','index-camera4.jpg'),('12',2,'2018-05-23','2018-05-23','SONO','SONO','index-camera1.jpg'),('13',2,'2018-05-23','2018-05-23','SNMSUNS','SNMSUNS','index-camera2.jpg'),('14',2,'2018-05-24','2018-05-24','苹果(Apple)','苹果(Apple)',NULL),('2',2,'2018-05-23','2018-05-23','阿迪达斯','呵呵',''),('3',2,'2018-05-23','2018-05-23','耐克','耐克',''),('4',2,'2018-05-23','2018-05-23','特步','特步',''),('5',2,'2018-05-23','2018-05-23','骆驼人','骆驼人',''),('6',2,'2018-05-23','2018-05-23','GANO','GANO','index-camera7.jpg'),('7',2,'2018-05-23','2018-05-23','OPP','OPP','index-camera8.jpg'),('8',2,'2018-05-23','2018-05-23','GGG','GGG','index-camera5.jpg'),('9',2,'2018-05-23','2018-05-23','DELL','DELL','index-camera6.jpg');

UNLOCK TABLES;

/*Table structure for table `eshop_buyer_cart` */

CREATE TABLE `eshop_buyer_cart` (
  `id` varchar(200) NOT NULL DEFAULT '' COMMENT 'ID',
  `is_del` int(1) DEFAULT NULL COMMENT '是否已经删除:1-已删,2.未删',
  `create_time` date DEFAULT NULL COMMENT '创建时间',
  `update_time` date DEFAULT NULL COMMENT '更新时间',
  `user_id` varchar(200) CHARACTER SET utf8 COLLATE utf8_general_ci DEFAULT NULL COMMENT '所属用户 FK',
  PRIMARY KEY (`id`),
  KEY `userId` (`user_id`),
  CONSTRAINT `eshop_buyer_cart_ibfk_1` FOREIGN KEY (`user_id`) REFERENCES `eshop_user` (`id`)
) ENGINE=InnoDB DEFAULT CHARSET=utf8 COMMENT='购物车购物项';

/*Data for the table `eshop_buyer_cart` */

LOCK TABLES `eshop_buyer_cart` WRITE;

insert  into `eshop_buyer_cart`(`id`,`is_del`,`create_time`,`update_time`,`user_id`) values ('7afb917183f84fc6a314d8cccef4a20f',2,'2018-05-24','2018-05-24','a5dc7871e5cd4c5d811b25ba9c76e87c');

UNLOCK TABLES;

/*Table structure for table `eshop_buyer_cart_item` */

CREATE TABLE `eshop_buyer_cart_item` (
  `id` varchar(200) NOT NULL DEFAULT '' COMMENT 'ID',
  `is_del` int(1) DEFAULT NULL COMMENT '是否已经删除:1-已删,2.未删',
  `create_time` date DEFAULT NULL COMMENT '创建时间',
  `update_time` date DEFAULT NULL COMMENT '更新时间',
  `product_id` varchar(200) CHARACTER SET utf8 COLLATE utf8_general_ci DEFAULT NULL COMMENT '商品编码 FK',
  `sku_id` varchar(200) CHARACTER SET utf8 COLLATE utf8_general_ci DEFAULT NULL COMMENT '销售单元编码 FK',
  `amount` int(11) DEFAULT NULL COMMENT '购买数量',
  `buyer_cart_id` varchar(200) CHARACTER SET utf8 COLLATE utf8_general_ci NOT NULL DEFAULT '' COMMENT '所属购物车 FK',
  PRIMARY KEY (`id`),
  KEY `productId` (`product_id`),
  KEY `skuId` (`sku_id`),
  KEY `buyer_cart_id` (`buyer_cart_id`),
  CONSTRAINT `eshop_buyer_cart_item_ibfk_1` FOREIGN KEY (`product_id`) REFERENCES `eshop_product` (`id`),
  CONSTRAINT `eshop_buyer_cart_item_ibfk_2` FOREIGN KEY (`sku_id`) REFERENCES `eshop_sku` (`id`),
  CONSTRAINT `eshop_buyer_cart_item_ibfk_3` FOREIGN KEY (`buyer_cart_id`) REFERENCES `eshop_buyer_cart` (`id`)
) ENGINE=InnoDB DEFAULT CHARSET=utf8 COMMENT='购物车购物项';

/*Data for the table `eshop_buyer_cart_item` */

LOCK TABLES `eshop_buyer_cart_item` WRITE;

UNLOCK TABLES;

/*Table structure for table `eshop_collect` */

CREATE TABLE `eshop_collect` (
  `id` varchar(200) NOT NULL COMMENT 'ID',
  `is_del` int(1) DEFAULT NULL COMMENT '是否已经删除:1-已删,2.未删',
  `create_time` date DEFAULT NULL COMMENT '创建时间',
  `update_time` date DEFAULT NULL COMMENT '更新时间',
  `user_id` varchar(200) CHARACTER SET utf8 COLLATE utf8_general_ci DEFAULT NULL COMMENT '所属用户 FK',
  `collect_name` varchar(50) CHARACTER SET utf8 COLLATE utf8_general_ci DEFAULT NULL COMMENT '收藏名称',
  `collect_number` int(11) DEFAULT NULL COMMENT '收藏商品数量',
  `collect_viewcount` int(11) DEFAULT NULL COMMENT '收藏查看次数',
  PRIMARY KEY (`id`),
  KEY `FK_Relationship_13` (`user_id`),
  CONSTRAINT `FK_Relationship_13` FOREIGN KEY (`user_id`) REFERENCES `eshop_user` (`id`)
) ENGINE=InnoDB DEFAULT CHARSET=utf8 COMMENT='商品购买清单';

/*Data for the table `eshop_collect` */

LOCK TABLES `eshop_collect` WRITE;

insert  into `eshop_collect`(`id`,`is_del`,`create_time`,`update_time`,`user_id`,`collect_name`,`collect_number`,`collect_viewcount`) values ('68a102b9a2994c3a860d473e773a0700',2,'2018-05-24','2018-05-24','a5dc7871e5cd4c5d811b25ba9c76e87c','暂无',4,27);

UNLOCK TABLES;

/*Table structure for table `eshop_collect_item` */

CREATE TABLE `eshop_collect_item` (
  `id` varchar(200) NOT NULL,
  `collect_id` varchar(200) CHARACTER SET utf8 COLLATE utf8_general_ci DEFAULT NULL COMMENT '所属收藏 FK',
  `product_id` varchar(200) CHARACTER SET utf8 COLLATE utf8_general_ci DEFAULT NULL COMMENT '收藏商品 FK',
  `color_id` varchar(200) DEFAULT NULL COMMENT '收藏时商品颜色 FK',
  `size_id` varchar(200) DEFAULT NULL COMMENT '收藏时商品尺码 FK',
  `is_del` int(1) DEFAULT NULL COMMENT '是否已经删除:1-已删,2.未删',
  `create_time` date DEFAULT NULL COMMENT '创建时间',
  `update_time` date DEFAULT NULL COMMENT '更新时间',
  PRIMARY KEY (`id`),
  KEY `FK_Relationship_14` (`collect_id`),
  KEY `FK_Relationship_15` (`product_id`),
  KEY `color_id` (`color_id`),
  KEY `size_id` (`size_id`),
  CONSTRAINT `FK_Relationship_14` FOREIGN KEY (`collect_id`) REFERENCES `eshop_collect` (`id`),
  CONSTRAINT `FK_Relationship_15` FOREIGN KEY (`product_id`) REFERENCES `eshop_product` (`id`),
  CONSTRAINT `eshop_collect_item_ibfk_1` FOREIGN KEY (`color_id`) REFERENCES `eshop_color` (`id`),
  CONSTRAINT `eshop_collect_item_ibfk_2` FOREIGN KEY (`size_id`) REFERENCES `eshop_size` (`id`)
) ENGINE=InnoDB DEFAULT CHARSET=utf8 COMMENT='清单项';

/*Data for the table `eshop_collect_item` */

LOCK TABLES `eshop_collect_item` WRITE;

insert  into `eshop_collect_item`(`id`,`collect_id`,`product_id`,`color_id`,`size_id`,`is_del`,`create_time`,`update_time`) values ('a5be36985f1511e8999448ba4e3c3a48','68a102b9a2994c3a860d473e773a0700','65a62f3a53c346b388e587b97285eeaf','22','1.1',2,'2018-05-24','2018-05-24'),('aa9c5bcf5f1511e8999448ba4e3c3a48','68a102b9a2994c3a860d473e773a0700','a561faf9c69d4986a6d18d297838f364','20','1.3',2,'2018-05-24','2018-05-24'),('acb26b8d5f1511e8999448ba4e3c3a48','68a102b9a2994c3a860d473e773a0700','a561faf9c69d4986a6d18d297838f364','20','1.2',2,'2018-05-24','2018-05-24'),('bc648db05f1511e8999448ba4e3c3a48','68a102b9a2994c3a860d473e773a0700','d2453ed654994839816cdb0348100ea5','11','2.11',2,'2018-05-24','2018-05-24');

UNLOCK TABLES;

/*Table structure for table `eshop_color` */

CREATE TABLE `eshop_color` (
  `id` varchar(200) NOT NULL COMMENT 'ID',
  `is_del` int(11) DEFAULT NULL COMMENT '是否已经删除:1-已删,2.未删',
  `create_time` date DEFAULT NULL COMMENT '创建时间',
  `update_time` date DEFAULT NULL COMMENT '更新时间',
  `color_name` varchar(20) DEFAULT NULL COMMENT '名称',
  `color_parent_id` varchar(200) DEFAULT NULL COMMENT '父ID为色系',
  `color_img_url` varchar(50) DEFAULT NULL COMMENT '颜色对应的衣服小图',
  PRIMARY KEY (`id`)
) ENGINE=InnoDB DEFAULT CHARSET=utf8 COMMENT='颜色大全';

/*Data for the table `eshop_color` */

LOCK TABLES `eshop_color` WRITE;

insert  into `eshop_color`(`id`,`is_del`,`create_time`,`update_time`,`color_name`,`color_parent_id`,`color_img_url`) values ('1',2,'2018-05-23','2018-05-23','红色系','root','365756'),('10',2,'2018-05-23','2018-05-23','大红','1','761156'),('11',2,'2018-05-23','2018-05-23','墨绿','2','829598'),('12',2,'2018-05-23','2018-05-23','草绿','2','666929'),('13',2,'2018-05-23','2018-05-23','青绿','2','835412'),('14',2,'2018-05-23','2018-05-23','海军蓝','3','463347'),('15',2,'2018-05-23','2018-05-23','海军白蓝条','14','134458'),('16',2,'2018-05-23','2018-05-23','紫黑','4','839387'),('17',2,'2018-05-23','2018-05-23','纯黑','4','926366'),('18',2,'2018-05-23','2018-05-23','浅粉','5','385183'),('19',2,'2018-05-23','2018-05-23','浅紫','6','235837'),('2',2,'2018-05-23','2018-05-23','绿色系','root','831162'),('20',2,'2018-05-23','2018-05-23','浅灰','7','379694'),('21',2,'2018-05-23','2018-05-23','均色','8','694256'),('22',2,'2018-05-23','2018-05-23','桃粉','5','288715'),('23',2,'2018-05-23','2018-05-23','深紫','6','448623'),('24',2,'2018-05-23','2018-05-23','浅蓝','3','773343'),('25',2,'2018-05-23','2018-05-23','深蓝','3','451347'),('26',2,'2018-05-23','2018-05-23','夕阳红','1','971962'),('27',2,'2018-05-23','2018-05-23','深灰','7','562622'),('28',2,'2018-05-23','2018-05-23','卡其灰','7','397751'),('29',2,'2018-05-23','2018-05-23','典雅灰','7','274621'),('3',2,'2018-05-23','2018-05-23','蓝色系','root','397817'),('4',2,'2018-05-23','2018-05-23','黑色系','root','798685'),('5',2,'2018-05-23','2018-05-23','粉色系','root','714774'),('6',2,'2018-05-23','2018-05-23','紫色系','root','271247'),('7',2,'2018-05-23','2018-05-23','灰色系','root','215711'),('8',2,'2018-05-23','2018-05-23','其他','root','421753'),('9',2,'2018-05-23','2018-05-23','西瓜红','1','361823'),('root',2,'2018-05-23','2018-05-23','根节点',NULL,'');

UNLOCK TABLES;

/*Table structure for table `eshop_comment` */

CREATE TABLE `eshop_comment` (
  `id` varchar(200) NOT NULL COMMENT 'ID',
  `is_del` int(11) DEFAULT NULL COMMENT '是否删除 1删除 2 未删除',
  `create_time` date DEFAULT NULL COMMENT '创建时间',
  `update_time` date DEFAULT NULL COMMENT '更新时间',
  `user_id` varchar(200) DEFAULT NULL COMMENT '用户ID',
  `product_id` varchar(200) DEFAULT NULL COMMENT 'ID',
  `common_rank` float DEFAULT NULL COMMENT '打星',
  `common_content` varchar(500) DEFAULT NULL COMMENT '评价内容',
  PRIMARY KEY (`id`),
  KEY `FK_Relationship_11` (`product_id`),
  KEY `FK_Relationship_12` (`user_id`),
  CONSTRAINT `FK_Relationship_11` FOREIGN KEY (`product_id`) REFERENCES `eshop_product` (`id`),
  CONSTRAINT `FK_Relationship_12` FOREIGN KEY (`user_id`) REFERENCES `eshop_user` (`id`)
) ENGINE=InnoDB DEFAULT CHARSET=utf8 COMMENT='商品评论';

/*Data for the table `eshop_comment` */

LOCK TABLES `eshop_comment` WRITE;

insert  into `eshop_comment`(`id`,`is_del`,`create_time`,`update_time`,`user_id`,`product_id`,`common_rank`,`common_content`) values ('959e55fc5f1911e8999448ba4e3c3a48',2,'2018-05-24','2018-05-24','a5dc7871e5cd4c5d811b25ba9c76e87c','d2453ed654994839816cdb0348100ea5',5,'鞋子不错，很轻，比较适合跑步');

UNLOCK TABLES;

/*Table structure for table `eshop_contact` */

CREATE TABLE `eshop_contact` (
  `id` varchar(200) NOT NULL COMMENT 'ID',
  `is_del` int(11) DEFAULT NULL COMMENT '是否已经删除:1-已删,2.未删',
  `create_time` date DEFAULT NULL COMMENT '创建时间',
  `update_time` date DEFAULT NULL COMMENT '更新时间',
  `user_id` varchar(200) DEFAULT NULL COMMENT '用户ID',
  `contact_content` int(11) DEFAULT NULL COMMENT '内容:1-售后服务,2-网站管理员',
  `contact_email` varchar(50) DEFAULT NULL COMMENT '邮箱',
  `contact_message` varchar(2000) DEFAULT NULL COMMENT '留言的消息',
  PRIMARY KEY (`id`),
  KEY `FK_Relationship_19` (`user_id`),
  CONSTRAINT `FK_Relationship_19` FOREIGN KEY (`user_id`) REFERENCES `eshop_user` (`id`)
) ENGINE=InnoDB DEFAULT CHARSET=utf8 COMMENT='联系我们';

/*Data for the table `eshop_contact` */

LOCK TABLES `eshop_contact` WRITE;

UNLOCK TABLES;

/*Table structure for table `eshop_feature` */

CREATE TABLE `eshop_feature` (
  `id` varchar(200) NOT NULL DEFAULT '' COMMENT 'ID',
  `is_del` int(1) DEFAULT NULL COMMENT '是否已经删除:1-已删,2.未删',
  `create_time` date DEFAULT NULL COMMENT '创建时间',
  `update_time` date DEFAULT NULL COMMENT '更新时间',
  `feature_name` varchar(200) DEFAULT NULL COMMENT '名称',
  `feature_value` varchar(200) DEFAULT NULL COMMENT '特点的值',
  `feature_index` int(11) DEFAULT NULL COMMENT '前台排序',
  PRIMARY KEY (`id`)
) ENGINE=InnoDB DEFAULT CHARSET=utf8 COMMENT='属性表';

/*Data for the table `eshop_feature` */

LOCK TABLES `eshop_feature` WRITE;

insert  into `eshop_feature`(`id`,`is_del`,`create_time`,`update_time`,`feature_name`,`feature_value`,`feature_index`) values ('1',2,'2018-05-23','2018-05-23','环保人棉','环保人棉',1),('10',2,'2018-05-23','2018-05-23','橡胶','橡胶',10),('11',2,'2018-05-23','2018-05-23','PVC','PVC',11),('12',2,'2018-05-23','2018-05-23','其它','其它',12),('2',2,'2018-05-23','2018-05-23','莫代尔','莫代尔',2),('3',2,'2018-05-23','2018-05-23','TPE','TPE',3),('4',2,'2018-05-23','2018-05-23','棉麻','棉麻',4),('5',2,'2018-05-23','2018-05-23','锦纶','锦纶',5),('6',2,'2018-05-23','2018-05-23','竹纤维','竹纤维',6),('7',2,'2018-05-23','2018-05-23','莱卡棉','莱卡棉',7),('8',2,'2018-05-23','2018-05-23','牛奶丝','牛奶丝',8),('9',2,'2018-05-23','2018-05-23','涤纶','涤纶',9);

UNLOCK TABLES;

/*Table structure for table `eshop_img` */

CREATE TABLE `eshop_img` (
  `id` varchar(200) NOT NULL COMMENT 'ID',
  `is_del` int(11) DEFAULT NULL COMMENT '是否已经删除:1-已删,2.未删',
  `create_time` date DEFAULT NULL COMMENT '创建时间',
  `update_time` date DEFAULT NULL COMMENT '更新时间',
  `img_url` varchar(2000) CHARACTER SET utf8 COLLATE utf8_general_ci DEFAULT NULL COMMENT '图片地址图片地址存放三个,分割,顺序：大,中,小',
  `img_is_def` int(11) DEFAULT NULL COMMENT '是否默认:1-否 2-是',
  `img_name` varchar(200) DEFAULT NULL COMMENT '原文件名',
  `product_id` varchar(200) DEFAULT NULL COMMENT '商品Id',
  PRIMARY KEY (`id`),
  KEY `product_id` (`product_id`),
  CONSTRAINT `eshop_img_ibfk_1` FOREIGN KEY (`product_id`) REFERENCES `eshop_product` (`id`)
) ENGINE=InnoDB DEFAULT CHARSET=utf8 COMMENT='图片';

/*Data for the table `eshop_img` */

LOCK TABLES `eshop_img` WRITE;

insert  into `eshop_img`(`id`,`is_del`,`create_time`,`update_time`,`img_url`,`img_is_def`,`img_name`,`product_id`) values ('1f3d4e56ad4e4e8b8292bba563d03e64',2,'2018-05-24','2018-05-24','850-10361f3d4e56ad4e4e8b8292bba563d03e64.jpg,420-5121f3d4e56ad4e4e8b8292bba563d03e64.jpg,100-1221f3d4e56ad4e4e8b8292bba563d03e64.jpg',2,'p43.jpg','923a36ead2f346a89864b59c827921c5'),('399d93ee7cd549558b5a54a0436287a0',2,'2018-05-24','2018-05-24','850-1036399d93ee7cd549558b5a54a0436287a0.jpg,420-512399d93ee7cd549558b5a54a0436287a0.jpg,100-122399d93ee7cd549558b5a54a0436287a0.jpg',1,'p58.jpg','548594a1fc534b2a8fa052209d742e63'),('6c6e2da27f144ef6b2f4e4fccd09bc81',2,'2018-05-24','2018-05-24','850-10366c6e2da27f144ef6b2f4e4fccd09bc81.jpg,420-5126c6e2da27f144ef6b2f4e4fccd09bc81.jpg,100-1226c6e2da27f144ef6b2f4e4fccd09bc81.jpg',2,'p96.jpg','65a62f3a53c346b388e587b97285eeaf'),('71a55f12041b483fa74e711a8165edda',2,'2018-05-24','2018-05-24','850-103671a55f12041b483fa74e711a8165edda.jpg,420-51271a55f12041b483fa74e711a8165edda.jpg,100-12271a55f12041b483fa74e711a8165edda.jpg',2,'p54.jpg','548594a1fc534b2a8fa052209d742e63'),('76aa56e206874110813c3383b9ffe84e',2,'2018-05-24','2018-05-24','850-103676aa56e206874110813c3383b9ffe84e.jpg,420-51276aa56e206874110813c3383b9ffe84e.jpg,100-12276aa56e206874110813c3383b9ffe84e.jpg',1,'p58.jpg','f8773cd3e40647dd8277241aac6a7d4c'),('77eb5a384d32455a9a080c572c1d3879',2,'2018-05-24','2018-05-24','850-103677eb5a384d32455a9a080c572c1d3879.jpg,420-51277eb5a384d32455a9a080c572c1d3879.jpg,100-12277eb5a384d32455a9a080c572c1d3879.jpg',1,'p57.jpg','f8773cd3e40647dd8277241aac6a7d4c'),('81b3eaa419134c62ac250a35deaaaec8',2,'2018-05-24','2018-05-24','850-103681b3eaa419134c62ac250a35deaaaec8.jpg,420-51281b3eaa419134c62ac250a35deaaaec8.jpg,100-12281b3eaa419134c62ac250a35deaaaec8.jpg',2,'p15.jpg','d2453ed654994839816cdb0348100ea5'),('866bcc888def4d61bae380ff9b9ed4df',2,'2018-05-24','2018-05-24','850-1036866bcc888def4d61bae380ff9b9ed4df.jpg,420-512866bcc888def4d61bae380ff9b9ed4df.jpg,100-122866bcc888def4d61bae380ff9b9ed4df.jpg',2,'p55.jpg','f8773cd3e40647dd8277241aac6a7d4c'),('9220138f4e9e49f7bffa7883e9eb47c2',2,'2018-05-24','2018-05-24','850-10369220138f4e9e49f7bffa7883e9eb47c2.jpg,420-5129220138f4e9e49f7bffa7883e9eb47c2.jpg,100-1229220138f4e9e49f7bffa7883e9eb47c2.jpg',2,'p74.jpg','801f22c2dfc142a1912ffa88fb53aef2'),('9a60aadc45684c67a313dbe6557348a8',2,'2018-05-24','2018-05-24','850-1036product-9a60aadc45684c67a313dbe6557348a8.jpg,420-512product-9a60aadc45684c67a313dbe6557348a8.jpg,100-122product-9a60aadc45684c67a313dbe6557348a8.jpg',2,'product-850x1036.jpg','a561faf9c69d4986a6d18d297838f364'),('a01264359f894e4187f081b9a8c3ac8c',2,'2018-05-24','2018-05-24','850-1036a01264359f894e4187f081b9a8c3ac8c.jpg,420-512a01264359f894e4187f081b9a8c3ac8c.jpg,100-122a01264359f894e4187f081b9a8c3ac8c.jpg',2,'p55.jpg','aff998f8fed547139be0a5d4005f91bb'),('d754a7b3560246708f447a443bdbed3e',2,'2018-05-24','2018-05-24','850-1036d754a7b3560246708f447a443bdbed3e.jpg,420-512d754a7b3560246708f447a443bdbed3e.jpg,100-122d754a7b3560246708f447a443bdbed3e.jpg',2,'p73.jpg','6871385e7ea64d1d84b04472545f127a'),('e151ab5b0aa3461692a2db6e1888ba8d',2,'2018-05-24','2018-05-24','850-1036e151ab5b0aa3461692a2db6e1888ba8d.jpg,420-512e151ab5b0aa3461692a2db6e1888ba8d.jpg,100-122e151ab5b0aa3461692a2db6e1888ba8d.jpg',1,'p56.jpg','f8773cd3e40647dd8277241aac6a7d4c'),('e4259ae5f13a42aa993ea5e754913963',2,'2018-05-24','2018-05-24','850-1036e4259ae5f13a42aa993ea5e754913963.jpg,420-512e4259ae5f13a42aa993ea5e754913963.jpg,100-122e4259ae5f13a42aa993ea5e754913963.jpg',2,'p12.jpg','cae4fe13707a48c89502c9a6fc05c6d9'),('e53417106c604929a8e36f9c12ae9dc8',2,'2018-05-24','2018-05-24','850-1036e53417106c604929a8e36f9c12ae9dc8.jpg,420-512e53417106c604929a8e36f9c12ae9dc8.jpg,100-122e53417106c604929a8e36f9c12ae9dc8.jpg',2,'p68.jpg','22ca634db18e421fa9ef0e711a6d5e00');

UNLOCK TABLES;

/*Table structure for table `eshop_order` */

CREATE TABLE `eshop_order` (
  `id` varchar(200) NOT NULL COMMENT 'ID或订单号',
  `is_del` int(11) DEFAULT NULL COMMENT '是否已经删除:1-已删,2.未删',
  `create_time` date DEFAULT NULL COMMENT '创建时间',
  `update_time` date DEFAULT NULL COMMENT '更新时间',
  `user_id` varchar(200) CHARACTER SET utf8 COLLATE utf8_general_ci DEFAULT NULL COMMENT '所属用户 FK,购买用户',
  `address_id` varchar(200) DEFAULT NULL COMMENT '配送地址 FK',
  `order_deliver_fee` float(4,2) DEFAULT NULL COMMENT '运费',
  `order_total_fee` float(8,2) DEFAULT NULL COMMENT '应付金额',
  `order_price` float(8,2) DEFAULT NULL COMMENT '订单金额',
  `order_payment_way` int(11) DEFAULT NULL COMMENT '配送方式 1.自取,2.送货上门',
  `order_payment_cash` int(11) DEFAULT NULL COMMENT '货到付款方式.1现金,2信用卡',
  `order_is_paiy` int(11) DEFAULT NULL COMMENT '支付状态 :1到付,2待付款,3已付款,4待退款,5退款成功,6退款失败',
  `order_state` int(11) DEFAULT NULL COMMENT '订单状态 1:提交订单 2:仓库配货 3:商品出库 4:等待收货 5:完成 6待退货 7已退货',
  `order_recipients` varchar(200) DEFAULT NULL COMMENT '收件人',
  PRIMARY KEY (`id`),
  KEY `FK_Relationship_2` (`user_id`),
  KEY `address_id` (`address_id`),
  CONSTRAINT `FK_Relationship_2` FOREIGN KEY (`user_id`) REFERENCES `eshop_user` (`id`),
  CONSTRAINT `eshop_order_ibfk_1` FOREIGN KEY (`address_id`) REFERENCES `eshop_address` (`id`)
) ENGINE=InnoDB DEFAULT CHARSET=utf8 COMMENT='订单';

/*Data for the table `eshop_order` */

LOCK TABLES `eshop_order` WRITE;

insert  into `eshop_order`(`id`,`is_del`,`create_time`,`update_time`,`user_id`,`address_id`,`order_deliver_fee`,`order_total_fee`,`order_price`,`order_payment_way`,`order_payment_cash`,`order_is_paiy`,`order_state`,`order_recipients`) values ('1701746ecf624520a615499d3558f2b3',2,'2018-05-24','2018-05-24','a5dc7871e5cd4c5d811b25ba9c76e87c','b88907b0c95e40f18a987a14eee39bf4',5.00,60.00,50.00,2,2,3,5,'Arvin'),('98129d94e7224d0f86c9f359392af8c8',2,'2018-05-24','2018-05-24','a5dc7871e5cd4c5d811b25ba9c76e87c','025f8c145dda4f7290b926f27ad33fc0',5.00,25.00,20.00,1,1,2,1,'Arvin'),('f2350f1f54dc4d878654436145f61314',2,'2018-05-28','2018-05-28','a5dc7871e5cd4c5d811b25ba9c76e87c','025f8c145dda4f7290b926f27ad33fc0',5.00,35.00,30.00,1,1,2,1,'Arvin');

UNLOCK TABLES;

/*Table structure for table `eshop_order_item` */

CREATE TABLE `eshop_order_item` (
  `id` varchar(200) NOT NULL COMMENT 'ID',
  `is_del` int(11) DEFAULT NULL COMMENT '是否已经删除:1-已删,2.未删',
  `update_time` date DEFAULT NULL COMMENT '更新时间',
  `create_time` date DEFAULT NULL COMMENT '创建时间',
  `order_id` varchar(200) CHARACTER SET utf8 COLLATE utf8_general_ci DEFAULT NULL COMMENT '所属订单 FK',
  `color_id` varchar(20) CHARACTER SET utf8 COLLATE utf8_general_ci DEFAULT NULL COMMENT '颜色 FK',
  `size_id` varchar(20) CHARACTER SET utf8 COLLATE utf8_general_ci DEFAULT NULL COMMENT '尺码 FK',
  `order_item_name` varchar(50) CHARACTER SET utf8 COLLATE utf8_general_ci DEFAULT NULL COMMENT '商品名称',
  `order_item_proice` decimal(6,2) DEFAULT NULL COMMENT '商品售价',
  `order_item_amount` int(11) DEFAULT NULL COMMENT '购买数量',
  `order_item_url` varchar(100) CHARACTER SET utf8 COLLATE utf8_general_ci DEFAULT NULL COMMENT '商品图片',
  `product_id` varchar(200) CHARACTER SET utf8 COLLATE utf8_general_ci DEFAULT NULL COMMENT '商品编码 FK',
  PRIMARY KEY (`id`),
  KEY `order_id` (`order_id`),
  KEY `color_id` (`color_id`),
  KEY `size_id` (`size_id`),
  KEY `eshop_order_item_ibfk_4` (`product_id`),
  CONSTRAINT `eshop_order_item_ibfk_1` FOREIGN KEY (`order_id`) REFERENCES `eshop_order` (`id`),
  CONSTRAINT `eshop_order_item_ibfk_2` FOREIGN KEY (`color_id`) REFERENCES `eshop_color` (`id`),
  CONSTRAINT `eshop_order_item_ibfk_3` FOREIGN KEY (`size_id`) REFERENCES `eshop_size` (`id`),
  CONSTRAINT `eshop_order_item_ibfk_4` FOREIGN KEY (`product_id`) REFERENCES `eshop_product` (`id`)
) ENGINE=InnoDB DEFAULT CHARSET=utf8 COMMENT='订单详情';

/*Data for the table `eshop_order_item` */

LOCK TABLES `eshop_order_item` WRITE;

insert  into `eshop_order_item`(`id`,`is_del`,`update_time`,`create_time`,`order_id`,`color_id`,`size_id`,`order_item_name`,`order_item_proice`,`order_item_amount`,`order_item_url`,`product_id`) values ('2ae1408d6b9b46c9b5b18e02f2b985d8',2,'2018-05-28','2018-05-28','f2350f1f54dc4d878654436145f61314','21','4.8','iPhone 6s','10.00',1,'850-1036d754a7b3560246708f447a443bdbed3e.jpg','6871385e7ea64d1d84b04472545f127a'),('2d56740d441d4ed8930e034f274d89a3',2,'2018-05-24','2018-05-24','1701746ecf624520a615499d3558f2b3','21','2.4','特步时尚女鞋','10.00',1,'850-10361f3d4e56ad4e4e8b8292bba563d03e64.jpg','923a36ead2f346a89864b59c827921c5'),('41b28453856b47b79d91d41f0446dd09',2,'2018-05-24','2018-05-24','98129d94e7224d0f86c9f359392af8c8','21','4.8','iPad 2','10.00',1,'850-10369220138f4e9e49f7bffa7883e9eb47c2.jpg','801f22c2dfc142a1912ffa88fb53aef2'),('6740ca86343e47318b12f6b97af69b6a',2,'2018-05-24','2018-05-24','98129d94e7224d0f86c9f359392af8c8','17','2.5','2018新款牛皮鞋','10.00',1,'850-1036e4259ae5f13a42aa993ea5e754913963.jpg','cae4fe13707a48c89502c9a6fc05c6d9'),('7bf515b0dbc8470281aea733816a4e8e',2,'2018-05-24','2018-05-24','1701746ecf624520a615499d3558f2b3','11','2.11','2018李宁新款运动跑鞋','10.00',2,'850-103681b3eaa419134c62ac250a35deaaaec8.jpg','d2453ed654994839816cdb0348100ea5'),('ad969135ccc74ffcb9867bee208d26fb',2,'2018-05-24','2018-05-24','1701746ecf624520a615499d3558f2b3','21','2.2','李宁运动跑鞋','10.00',1,'850-1036a01264359f894e4187f081b9a8c3ac8c.jpg','aff998f8fed547139be0a5d4005f91bb'),('d6eeff58ee5f44a48e75a6a5cc82f187',2,'2018-05-28','2018-05-28','f2350f1f54dc4d878654436145f61314','22','1.1','2018秋冬爆款针织衫','10.00',2,'850-10366c6e2da27f144ef6b2f4e4fccd09bc81.jpg','65a62f3a53c346b388e587b97285eeaf'),('e63c50c5c96840c8934c28a17832d32f',2,'2018-05-24','2018-05-24','1701746ecf624520a615499d3558f2b3','12','3.2','户外网球运动套装','10.00',1,'850-1036866bcc888def4d61bae380ff9b9ed4df.jpg','f8773cd3e40647dd8277241aac6a7d4c');

UNLOCK TABLES;

/*Table structure for table `eshop_product` */

CREATE TABLE `eshop_product` (
  `id` varchar(200) NOT NULL COMMENT 'ID',
  `is_del` int(11) DEFAULT NULL COMMENT '是否已经删除:1-已删,2.未删',
  `create_time` date DEFAULT NULL COMMENT '添加时间',
  `update_time` date DEFAULT NULL COMMENT '更新时间',
  `brand_id` varchar(200) DEFAULT NULL COMMENT '品牌ID FK',
  `type_id` varchar(200) DEFAULT NULL COMMENT '类型ID FK',
  `product_name` varchar(50) DEFAULT NULL COMMENT '商品名称',
  `product_weight` varchar(20) DEFAULT NULL COMMENT '商品重量',
  `product_is_new` int(11) DEFAULT NULL COMMENT '是否新品特惠:1-旧品,2-新品',
  `product_is_hot` int(11) DEFAULT NULL COMMENT '是否畅销:1-不畅销,2-畅销',
  `product_is_commend` int(11) DEFAULT NULL COMMENT '是否推荐:1-不推荐,2-推荐',
  `product_is_show` int(11) DEFAULT NULL COMMENT '上架/下架:1-下架,2-上架',
  `product_sales` int(11) DEFAULT NULL COMMENT '销售量',
  `product_description` text COMMENT '商品描述',
  `product_information` text CHARACTER SET utf8 COLLATE utf8_general_ci COMMENT '商品详情',
  `product_after_sale` text COMMENT '商品售后保障',
  `product_colors` varchar(200) DEFAULT NULL COMMENT '商品颜色集',
  `product_sizes` varchar(200) DEFAULT NULL COMMENT '商品尺寸集',
  `product_features` varchar(200) DEFAULT NULL COMMENT '属性集',
  `check_user_id` varchar(200) DEFAULT NULL COMMENT '审核人ID FK',
  `product_check_time` date DEFAULT NULL COMMENT '审核时间',
  PRIMARY KEY (`id`),
  KEY `FK_Relationship_16` (`type_id`),
  KEY `FK_Relationship_4` (`brand_id`),
  KEY `FK_Relationship_20` (`check_user_id`),
  CONSTRAINT `FK_Relationship_20` FOREIGN KEY (`check_user_id`) REFERENCES `eshop_user` (`id`),
  CONSTRAINT `FK_Relationship_4` FOREIGN KEY (`brand_id`) REFERENCES `eshop_brand` (`id`),
  CONSTRAINT `fk_type` FOREIGN KEY (`type_id`) REFERENCES `eshop_type` (`id`)
) ENGINE=InnoDB DEFAULT CHARSET=utf8 COMMENT='商品';

/*Data for the table `eshop_product` */

LOCK TABLES `eshop_product` WRITE;

insert  into `eshop_product`(`id`,`is_del`,`create_time`,`update_time`,`brand_id`,`type_id`,`product_name`,`product_weight`,`product_is_new`,`product_is_hot`,`product_is_commend`,`product_is_show`,`product_sales`,`product_description`,`product_information`,`product_after_sale`,`product_colors`,`product_sizes`,`product_features`,`check_user_id`,`product_check_time`) values ('22ca634db18e421fa9ef0e711a6d5e00',2,'2018-05-24','2018-05-24','13','134','SNMSUNS 新款手机低价促销','20g',2,2,2,2,0,'<p>SNMSUNS 新款手机低价促销<br></p>','<p><img src=\"http://127.0.0.1:9001/302fbdec4b3b47888260174dfb00e527.jpg\" data-filename=\"image name\" style=\"width: 50%;\"><img src=\"http://127.0.0.1:9001/ffe85dfed73b4ed19f2d781226a8a153.jpg\" data-filename=\"image name\" style=\"width: 50%;\"><br></p>','<ol><li>三天包退</li><li>七天包换</li><li>三年保修</li></ol>','21','4.5,4.6','10',NULL,NULL),('548594a1fc534b2a8fa052209d742e63',2,'2018-05-24','2018-05-24','1','146','李娜同款网球拍','80g',2,2,2,2,0,'李娜奥运同款网球拍（含李娜亲笔签名）','<p style=\"text-align: center; \">网球拍套装，<b style=\"background-color: rgb(255, 239, 198);\">李娜</b>亲笔签名</p><p style=\"text-align: center; \"><img src=\"http://127.0.0.1:9001/d359ba16806944b1818b9e54010f372f.jpg\" data-filename=\"image name\" style=\"width: 268px;\"></p><p style=\"text-align: center; \"><img src=\"http://127.0.0.1:9001/122063c80a48470f90445450bc2fd62d.jpg\" data-filename=\"image name\" style=\"width: 268px;\"></p><p style=\"text-align: center;\"><span style=\"background-color: rgb(255, 239, 198);\">赠送背包</span></p><p style=\"text-align: center; \"><img src=\"http://127.0.0.1:9001/6c55767f1b7345efac80a6dabda56807.jpg\" data-filename=\"image name\" style=\"width: 268px;\"></p><p><br></p>','<ol><li>七天包退</li><li>十天包换</li><li>一年保修</li></ol>','10,26,9,14,24,25,16,17,18,22,21','3.2','10,3',NULL,NULL),('65a62f3a53c346b388e587b97285eeaf',2,'2018-05-24','2018-05-24','1','105','2018秋冬爆款针织衫','20g',2,2,2,2,0,'2018秋冬爆款针织衫','<p style=\"text-align: center; \"><img src=\"http://127.0.0.1:9001/f9acb77cf68d42a68eb002c15d9378ed.jpg\" data-filename=\"image name\" style=\"width: 50%;\"><br></p>','<p>七天包换</p>','18,22','1.1,1.2,1.3','4',NULL,NULL),('6871385e7ea64d1d84b04472545f127a',2,'2018-05-24','2018-05-24','14','134','iPhone 6s','10g',2,2,2,2,0,'<p>iPhone 6s<br></p>','<p style=\"text-align: center; \"><img src=\"http://127.0.0.1:9001/a4c23b880c7f48a39f19fb0b7b85592d.jpg\" data-filename=\"image name\" style=\"width: 50%;\"><br></p>','<ol><li>七天包退</li><li>十天包换</li><li>三年保修</li></ol>','21','4.8','11',NULL,NULL),('801f22c2dfc142a1912ffa88fb53aef2',2,'2018-05-24','2018-05-24','14','135','iPad 2','20g',2,2,2,2,0,'<p>iPad 2<br></p>','<p style=\"text-align: center; \"><img src=\"http://127.0.0.1:9001/462e9016c68a4286ad67c191b3b6a71f.jpg\" data-filename=\"image name\" style=\"width: 50%;\"><br></p>','<ol><li>七天包退</li><li>十天包换</li><li>三年保修</li></ol>','21','4.8','3',NULL,NULL),('923a36ead2f346a89864b59c827921c5',2,'2018-05-24','2018-05-24','4','153','特步时尚女鞋','20g',2,2,2,2,0,'<p>特步时尚女鞋<br></p>','<p><img src=\"http://127.0.0.1:9001/8dbe5549abe4423cab762296d20c94a1.jpg\" data-filename=\"image name\" style=\"text-align: center; width: 50%; float: left;\" class=\"note-float-left\"></p>','<ol><li>七天包退</li><li>十天包换</li></ol>','21','2.1,2.10,2.11,2.2,2.3,2.4,2.5,2.6,2.7,2.8,2.9','10,4',NULL,NULL),('a561faf9c69d4986a6d18d297838f364',2,'2018-05-24','2018-05-24','2','105','2018爆款休闲寸衣','20g',2,2,2,2,0,'<p>2018爆款休闲寸衣<br></p>','<p style=\"text-align: center; \"><img src=\"http://127.0.0.1:9001/product-9d008ad594604af1a68a11d84e4e3c72.jpg\" data-filename=\"image name\" style=\"width: 50%;\"><br></p>','<p>七天包退</p><p>十天包换</p>','20','1.1,1.2,1.3','4',NULL,NULL),('aff998f8fed547139be0a5d4005f91bb',2,'2018-05-24','2018-05-24','1','152','李宁运动跑鞋','20g',2,2,2,2,0,'<p>李宁运动跑鞋<br></p>','<p style=\"text-align: center; \"><img src=\"http://127.0.0.1:9001/50cd7a366a164b4ab28c3aecdf1aabf0.jpg\" data-filename=\"image name\" style=\"width: 50%;\"><br></p>','<ol><li>七天包退</li><li>十天包换</li></ol>','21','2.1,2.10,2.11,2.2,2.3,2.4,2.5,2.6,2.7,2.8,2.9','10,4',NULL,NULL),('cae4fe13707a48c89502c9a6fc05c6d9',2,'2018-05-24','2018-05-24','5','103','2018新款牛皮鞋','230k',2,2,2,2,0,'<p>2018新款牛皮鞋，男神必备<br></p>','<h1><u style=\"font-weight: 700; font-size: 1.25em; background-color: rgb(255, 255, 255);\">男神必备神器</u></h1><p><img src=\"http://127.0.0.1:9001/cf0b470bf9c346198fcda28d211ec85e.jpg\" data-filename=\"image name\" style=\"width: 50%;\"></p><p><br></p>','<ol><li>七天包换</li><li>一年保修</li></ol>','11,17,28','2.10,2.11,2.3,2.4,2.5,2.6,2.7,2.8,2.9','10,3,4,5,7',NULL,NULL),('d2453ed654994839816cdb0348100ea5',2,'2018-05-24','2018-05-24','1','103','2018李宁新款运动跑鞋','20g',2,2,2,2,0,'<p>2018李宁新款运动跑鞋<br></p>','<p style=\"text-align: center; \"><img src=\"http://127.0.0.1:9001/44685a47bbb84c42982bd16ab9576edf.jpg\" data-filename=\"image name\" style=\"width: 50%;\"><br></p>','<ol><li>七天包退</li><li>十天包换</li></ol>','11,12,13','2.1,2.10,2.11,2.2,2.3,2.4,2.5,2.6,2.7,2.8,2.9','11,3',NULL,NULL),('f8773cd3e40647dd8277241aac6a7d4c',2,'2018-05-24','2018-05-24','1','126','户外网球运动套装','200g',2,2,2,2,0,'<p>户外运动套装</p>','<p style=\"text-align: center; \"><img src=\"http://127.0.0.1:9001/58e77f1915654c3baa56166b725b47cf.jpg\" data-filename=\"image name\" style=\"width: 50%;\"><img src=\"http://127.0.0.1:9001/a07db8f38f874b38b92e6a5204350828.jpg\" data-filename=\"image name\" style=\"width: 50%;\"><img src=\"http://127.0.0.1:9001/57c22373dd6a402caea4fe2d6ed0eb63.jpg\" data-filename=\"image name\" style=\"width: 50%;\"><img src=\"http://127.0.0.1:9001/f203e2ae195d46b19550d9606cd9c685.jpg\" data-filename=\"image name\" style=\"width: 50%;\"><br></p>','<p>七天包退</p>','11,12,13','3.2','1,10,11,12,2,3,4,5,6,7,8,9',NULL,NULL);

UNLOCK TABLES;

/*Table structure for table `eshop_resource` */

CREATE TABLE `eshop_resource` (
  `id` varchar(200) NOT NULL COMMENT 'ID',
  `is_del` int(11) DEFAULT NULL COMMENT '是否已经删除:1-已删,2.未删',
  `create_time` date DEFAULT NULL COMMENT '创建时间',
  `update_time` date DEFAULT NULL COMMENT '更新时间',
  `resource_name` varchar(20) DEFAULT NULL COMMENT '名称',
  `resource_parent_id` varchar(200) DEFAULT NULL COMMENT '父ID',
  `resource_url` varchar(200) DEFAULT NULL COMMENT '跳转的链接',
  `resource_ico` varchar(200) DEFAULT NULL COMMENT '图标',
  `resource_index` int(11) DEFAULT NULL COMMENT '顺序',
  `resource_description` varchar(200) DEFAULT NULL COMMENT '描述',
  `resource_image` varchar(200) CHARACTER SET utf8 COLLATE utf8_general_ci DEFAULT NULL COMMENT '图片',
  PRIMARY KEY (`id`)
) ENGINE=InnoDB DEFAULT CHARSET=utf8 COMMENT='资源';

/*Data for the table `eshop_resource` */

LOCK TABLES `eshop_resource` WRITE;

insert  into `eshop_resource`(`id`,`is_del`,`create_time`,`update_time`,`resource_name`,`resource_parent_id`,`resource_url`,`resource_ico`,`resource_index`,`resource_description`,`resource_image`) values ('ehsop_admin',2,'2018-05-23','2018-05-23','服务器根节点','root','/product/category','',0,'#',NULL),('ehsop_admin_2',2,'2018-05-23','2018-05-23','系统模块','ehsop_admin','/product/category','fa-tasks',1,'#',NULL),('ehsop_admin_2.1',2,'2018-05-23','2018-05-23','资源管理','ehsop_admin_2','/system/resource/main','fa-tachometer',3,'#',NULL),('ehsop_admin_2.2',2,'2018-05-23','2018-05-23','角色管理','ehsop_admin_2','/system/role/main','fa-inbox',2,'#',NULL),('ehsop_admin_2.3',2,'2018-05-23','2018-05-23','用户管理','ehsop_admin_2','/system/user/main','fa-pencil-square-o',1,'#',NULL),('ehsop_admin_2.4',2,'2018-05-23','2018-05-23','授权中心','ehsop_admin_2','/system/authorization/main','fa-pencil-square-o',0,'#',NULL),('ehsop_admin_3',2,'2018-05-23','2018-05-23','商品模块','ehsop_admin','/product/category','fa-bars',2,'#',NULL),('ehsop_admin_3.1',2,'2018-05-23','2018-05-23','品牌管理','ehsop_admin_3','/shopping/mall/brand/main','fa-pencil-square-o',2,'#',NULL),('ehsop_admin_3.2',2,'2018-05-23','2018-05-23','类型管理','ehsop_admin_3','/shopping/mall/type/main','fa-pencil-square-o',1,'#',NULL),('ehsop_admin_3.3',2,'2018-05-23','2018-05-23','商品管理','ehsop_admin_3','/shopping/mall/product/main','fa-pencil-square-o',0,'#',NULL),('ehsop_admin_4',2,'2018-05-23','2018-05-23','订单模块','ehsop_admin','/product/category','fa-bell-o',3,'#',NULL),('ehsop_admin_5',2,'2018-05-23','2018-05-23','物流模块','ehsop_admin','/product/category','fa-smile-o',4,'#',NULL),('ehsop_client',2,'2018-05-23','2018-05-23','客户端根节点','root','/product/category',NULL,0,NULL,NULL),('ehsop_client_10',2,'2018-05-23','2018-05-23','智能手机/平板电脑','ehsop_client_vertical_navigation','/product/category','14.png',68,NULL,NULL),('ehsop_client_11',2,'2018-05-23','2018-05-23','化妆/清洁用品','ehsop_client_vertical_navigation','/product/category','15.png',69,NULL,NULL),('ehsop_client_12',2,'2018-05-23','2018-05-23','衣服/珠宝','ehsop_client_vertical_navigation','/product/category','16.png',70,NULL,NULL),('ehsop_client_12.1',1,'2018-05-23','2018-05-23','国际品牌','ehsop_client_12','/product/category',NULL,84,NULL,NULL),('ehsop_client_13',2,'2018-05-23','2018-05-23','母婴/玩具/乐器','ehsop_client_vertical_navigation','/product/category','17.png',71,NULL,NULL),('ehsop_client_14',2,'2018-05-23','2018-05-23','电器/办公','ehsop_client_vertical_navigation','/product/category','18.png',72,NULL,NULL),('ehsop_client_15',2,'2018-05-23','2018-05-23','笔记本/电脑配件','ehsop_client_vertical_navigation','/product/category','19.png',73,NULL,NULL),('ehsop_client_16',2,'2018-05-23','2018-05-23','珠宝/手表','ehsop_client_vertical_navigation','/product/category','20.png',74,NULL,NULL),('ehsop_client_17',2,'2018-05-23','2018-05-23','手电筒/台灯','ehsop_client_vertical_navigation','/product/category','20.png',75,NULL,NULL),('ehsop_client_18',2,'2018-05-23','2018-05-23','数码/相机','ehsop_client_vertical_navigation','/product/category','22.png',76,NULL,NULL),('ehsop_client_19',2,'2018-05-23','2018-05-23','电视','ehsop_client_vertical_navigation','/product/category','20.png',77,NULL,NULL),('ehsop_client_2',2,'2018-05-23','2018-05-23','时尚衣物','ehsop_client_level_navigation','/product/category','',3,NULL,NULL),('ehsop_client_2.1',2,'2018-05-23','2018-05-23','男士','ehsop_client_2','/product/category',NULL,10,NULL,'men.png'),('ehsop_client_2.1.1',2,'2018-05-23','2018-05-23','羽绒服','ehsop_client_2.1','product/category?classifyChecked=clothing&typesChecked=119',NULL,14,NULL,NULL),('ehsop_client_2.1.2',2,'2018-05-23','2018-05-23','棉服','ehsop_client_2.1','product/category?classifyChecked=clothing&typesChecked=122',NULL,15,NULL,NULL),('ehsop_client_2.1.3',2,'2018-05-23','2018-05-23','针织衫','ehsop_client_2.1','product/category?classifyChecked=clothing&typesChecked=111',NULL,16,NULL,NULL),('ehsop_client_2.1.4',2,'2018-05-23','2018-05-23','夹克','ehsop_client_2.1','product/category?classifyChecked=clothing&typesChecked=112',NULL,17,NULL,NULL),('ehsop_client_2.1.5',2,'2018-05-23','2018-05-23','羊毛衫','ehsop_client_2.1','product/category?classifyChecked=clothing&typesChecked=113',NULL,18,NULL,NULL),('ehsop_client_2.2',2,'2018-05-23','2018-05-23','女士','ehsop_client_2','/product/category',NULL,11,NULL,'women.png'),('ehsop_client_2.2.1',2,'2018-05-23','2018-05-23','毛呢大衣','ehsop_client_2.2','product/category?classifyChecked=clothing&typesChecked=114',NULL,19,NULL,NULL),('ehsop_client_2.2.2',2,'2018-05-23','2018-05-23','羽绒服','ehsop_client_2.2','product/category?classifyChecked=clothing&typesChecked=119',NULL,20,NULL,NULL),('ehsop_client_2.2.3',2,'2018-05-23','2018-05-23','棉服','ehsop_client_2.2','product/category?classifyChecked=clothing&typesChecked=122',NULL,21,NULL,NULL),('ehsop_client_2.2.4',2,'2018-05-23','2018-05-23','连衣裙','ehsop_client_2.2','product/category?classifyChecked=clothing&typesChecked=117',NULL,22,NULL,NULL),('ehsop_client_2.2.5',2,'2018-05-23','2018-05-23','卫衣','ehsop_client_2.2','product/category?classifyChecked=clothing&typesChecked=123',NULL,23,NULL,NULL),('ehsop_client_2.3',2,'2018-05-23','2018-05-23','小孩','ehsop_client_2','/product/category',NULL,12,NULL,'kid.png'),('ehsop_client_2.3.1',2,'2018-05-23','2018-05-23','羽绒服','ehsop_client_2.3','product/category?classifyChecked=clothing&typesChecked=119',NULL,24,NULL,NULL),('ehsop_client_2.3.2',2,'2018-05-23','2018-05-23','牛仔裤','ehsop_client_2.3','product/category?classifyChecked=clothing&typesChecked=120',NULL,25,NULL,NULL),('ehsop_client_2.3.3',2,'2018-05-23','2018-05-23','毛衣','ehsop_client_2.3','product/category?classifyChecked=clothing&typesChecked=121',NULL,26,NULL,NULL),('ehsop_client_2.3.4',2,'2018-05-23','2018-05-23','棉服','ehsop_client_2.3','product/category?classifyChecked=clothing&typesChecked=122',NULL,27,NULL,NULL),('ehsop_client_2.3.5',2,'2018-05-23','2018-05-23','卫衣','ehsop_client_2.3','product/category?classifyChecked=clothing&typesChecked=123',NULL,28,NULL,NULL),('ehsop_client_2.4',2,'2018-05-23','2018-05-23','珠宝首饰','ehsop_client_2','/product/category',NULL,13,NULL,'trending.png'),('ehsop_client_2.4.1',2,'2018-05-23','2018-05-23','时尚饰品','ehsop_client_2.4','/product/category',NULL,29,NULL,NULL),('ehsop_client_2.4.2',2,'2018-05-23','2018-05-23','钻石','ehsop_client_2.4','product/category?classifyChecked=jewelry&typesChecked=208',NULL,30,NULL,NULL),('ehsop_client_2.4.3',2,'2018-05-23','2018-05-23','翡翠玉石','ehsop_client_2.4','product/category?classifyChecked=jewelry&typesChecked=205',NULL,31,NULL,NULL),('ehsop_client_2.4.4',2,'2018-05-23','2018-05-23','银饰','ehsop_client_2.4','/product/category',NULL,32,NULL,NULL),('ehsop_client_20',2,'2018-05-23','2018-05-23','电脑网络','ehsop_client_vertical_navigation','/product/category','12.png',78,NULL,NULL),('ehsop_client_21',2,'2018-05-23','2018-05-23','玩具','ehsop_client_vertical_navigation','/product/category','13.png',79,NULL,NULL),('ehsop_client_22',2,'2018-05-23','2018-05-23','家具','ehsop_client_vertical_navigation','/product/category','20.png',80,NULL,NULL),('ehsop_client_3',2,'2018-05-23','2018-05-23','运动器材','ehsop_client_level_navigation','/product/category',NULL,4,NULL,NULL),('ehsop_client_4',2,'2018-05-23','2018-05-23','食品/特产','ehsop_client_level_navigation','/product/category',NULL,5,NULL,NULL),('ehsop_client_4.1',2,'2018-05-23','2018-05-23','进口食品','ehsop_client_4','/product/category',NULL,33,NULL,NULL),('ehsop_client_4.1.1',2,'2018-05-23','2018-05-23','进口牛奶','ehsop_client_4.1','/product/category',NULL,39,NULL,NULL),('ehsop_client_4.1.2',2,'2018-05-23','2018-05-23','进口巧克力','ehsop_client_4.1','/product/category',NULL,40,NULL,NULL),('ehsop_client_4.1.3',2,'2018-05-23','2018-05-23','进口咖啡','ehsop_client_4.1','/product/category',NULL,41,NULL,NULL),('ehsop_client_4.2',2,'2018-05-23','2018-05-23','特色品牌','ehsop_client_4','/product/category',NULL,34,NULL,NULL),('ehsop_client_4.2.1',2,'2018-05-23','2018-05-23','三只松鼠','ehsop_client_4.2','/product/category',NULL,46,NULL,NULL),('ehsop_client_4.2.2',2,'2018-05-23','2018-05-23','良品铺子','ehsop_client_4.2','/product/category',NULL,47,NULL,NULL),('ehsop_client_4.2.3',2,'2018-05-23','2018-05-23','周黑鸭','ehsop_client_4.2','/product/category',NULL,48,NULL,NULL),('ehsop_client_4.3',2,'2018-05-23','2018-05-23','零食','ehsop_client_4','/product/category',NULL,35,NULL,NULL),('ehsop_client_4.3.1',2,'2018-05-23','2018-05-23','坚果礼盒','ehsop_client_4.3','/product/category',NULL,53,NULL,NULL),('ehsop_client_4.3.2',2,'2018-05-23','2018-05-23','蜜饯','ehsop_client_4.3','/product/category',NULL,54,NULL,NULL),('ehsop_client_4.3.3',2,'2018-05-23','2018-05-23','红枣','ehsop_client_4.3','/product/category',NULL,55,NULL,NULL),('ehsop_client_4.4',2,'2018-05-23','2018-05-23','进口酒','ehsop_client_4','/product/category',NULL,36,NULL,NULL),('ehsop_client_4.4.1',2,'2018-05-23','2018-05-23','进口水果','ehsop_client_4.4','/product/category',NULL,42,NULL,NULL),('ehsop_client_4.4.2',2,'2018-05-23','2018-05-23','进口肉类','ehsop_client_4.4','/product/category',NULL,43,NULL,NULL),('ehsop_client_4.4.3',2,'2018-05-23','2018-05-23','进口罐头','ehsop_client_4.4','/product/category',NULL,44,NULL,NULL),('ehsop_client_4.4.4',2,'2018-05-23','2018-05-23','进口生鲜','ehsop_client_4.4','/product/category',NULL,45,NULL,NULL),('ehsop_client_4.5',2,'2018-05-23','2018-05-23','德芙','ehsop_client_4','/product/category',NULL,37,NULL,NULL),('ehsop_client_4.5.1',2,'2018-05-23','2018-05-23','百草味','ehsop_client_4.5','/product/category',NULL,49,NULL,NULL),('ehsop_client_4.5.2',2,'2018-05-23','2018-05-23','德亚','ehsop_client_4.5','/product/category',NULL,50,NULL,NULL),('ehsop_client_4.5.3',2,'2018-05-23','2018-05-23','福临门','ehsop_client_4.5','/product/category',NULL,51,NULL,NULL),('ehsop_client_4.5.4',2,'2018-05-23','2018-05-23','百味来','ehsop_client_4.5','/product/category',NULL,52,NULL,NULL),('ehsop_client_4.6',2,'2018-05-23','2018-05-23','饼干','ehsop_client_4','/product/category',NULL,38,NULL,NULL),('ehsop_client_4.6.1',2,'2018-05-23','2018-05-23','肉松饼','ehsop_client_4.6','/product/category',NULL,56,NULL,NULL),('ehsop_client_4.6.2',2,'2018-05-23','2018-05-23','糖果','ehsop_client_4.6','/product/category',NULL,57,NULL,NULL),('ehsop_client_4.6.3',2,'2018-05-23','2018-05-23','海苔','ehsop_client_4.6','/product/category',NULL,58,NULL,NULL),('ehsop_client_4.6.4',2,'2018-05-23','2018-05-23','豆干','ehsop_client_4.6','/product/category',NULL,59,NULL,NULL),('ehsop_client_5',2,'2018-05-23','2018-05-23','数码/相机','ehsop_client_level_navigation','/product/category',NULL,6,NULL,NULL),('ehsop_client_5.1',2,'2018-05-23','2018-05-23','手机','ehsop_client_5','product/category?classifyChecked=camera&typesChecked=134',NULL,60,NULL,NULL),('ehsop_client_5.2',2,'2018-05-23','2018-05-23','平板','ehsop_client_5','/product/category',NULL,61,NULL,NULL),('ehsop_client_5.3',2,'2018-05-23','2018-05-23','笔记本电脑','ehsop_client_5','product/category?classifyChecked=camera&typesChecked=136',NULL,62,NULL,NULL),('ehsop_client_5.4',2,'2018-05-23','2018-05-23','储存卡','ehsop_client_5','/product/category',NULL,63,NULL,NULL),('ehsop_client_5.5',2,'2018-05-23','2018-05-23','配件','ehsop_client_5','/product/category',NULL,64,NULL,NULL),('ehsop_client_6',2,'2018-05-23','2018-05-23','家用电器','ehsop_client_level_navigation','/product/category',NULL,7,NULL,NULL),('ehsop_client_7',2,'2018-05-23','2018-05-23','珠宝/首饰','ehsop_client_level_navigation','/product/category',NULL,8,NULL,NULL),('ehsop_client_8',2,'2018-05-23','2018-05-23','联系我们','ehsop_client_level_navigation','/contact/main',NULL,9,NULL,NULL),('ehsop_client_9',2,'2018-05-23','2018-05-23','体育/运动户外','ehsop_client_vertical_navigation','/product/category','13.png',67,NULL,'banner-megamenu.jpg'),('ehsop_client_9.1',2,'2018-05-23','2018-05-23','体育用品','ehsop_client_9','/product/category',NULL,81,NULL,NULL),('ehsop_client_9.1.1',2,'2018-05-23','2018-05-23','网球','ehsop_client_9.1','product/category?classifyChecked=sports&typesChecked=146',NULL,85,NULL,NULL),('ehsop_client_9.1.2',2,'2018-05-23','2018-05-23','乒乓球','ehsop_client_9.1','product/category?classifyChecked=sports&typesChecked=147',NULL,86,NULL,NULL),('ehsop_client_9.1.3',2,'2018-05-23','2018-05-23','羽毛球','ehsop_client_9.1','product/category?classifyChecked=sports&typesChecked=148',NULL,87,NULL,NULL),('ehsop_client_9.1.4',2,'2018-05-23','2018-05-23','篮球','ehsop_client_9.1','product/category?classifyChecked=sports&typesChecked=149',NULL,88,NULL,NULL),('ehsop_client_9.1.5',2,'2018-05-23','2018-05-23','足球','ehsop_client_9.1','product/category?classifyChecked=sports&typesChecked=150',NULL,89,NULL,NULL),('ehsop_client_9.1.6',2,'2018-05-23','2018-05-23','台球','ehsop_client_9.1','product/category?classifyChecked=sports&typesChecked=151',NULL,90,NULL,NULL),('ehsop_client_9.2',2,'2018-05-23','2018-05-23','运动鞋包','ehsop_client_9','/product/category',NULL,82,NULL,NULL),('ehsop_client_9.2.1',2,'2018-05-23','2018-05-23','跑步鞋','ehsop_client_9.2','product/category?classifyChecked=sports&typesChecked=152',NULL,91,NULL,NULL),('ehsop_client_9.2.2',2,'2018-05-23','2018-05-23','休闲鞋','ehsop_client_9.2','product/category?classifyChecked=sports&typesChecked=153',NULL,92,NULL,NULL),('ehsop_client_9.2.3',2,'2018-05-23','2018-05-23','篮球鞋','ehsop_client_9.2','product/category?classifyChecked=sports&typesChecked=154',NULL,93,NULL,NULL),('ehsop_client_9.2.4',2,'2018-05-23','2018-05-23','运动包','ehsop_client_9.2','product/category?classifyChecked=sports&typesChecked=155',NULL,94,NULL,NULL),('ehsop_client_9.2.5',2,'2018-05-23','2018-05-23','足球鞋','ehsop_client_9.2','product/category?classifyChecked=sports&typesChecked=156',NULL,95,NULL,NULL),('ehsop_client_9.2.6',2,'2018-05-23','2018-05-23','帆布鞋','ehsop_client_9.2','product/category?classifyChecked=sports&typesChecked=157',NULL,96,NULL,NULL),('ehsop_client_9.3',2,'2018-05-23','2018-05-23','运动服饰','ehsop_client_9','/product/category',NULL,83,NULL,NULL),('ehsop_client_9.3.1',2,'2018-05-23','2018-05-23','运动套装','ehsop_client_9.3','product/category?classifyChecked=sports&typesChecked=164',NULL,97,NULL,NULL),('ehsop_client_9.3.2',2,'2018-05-23','2018-05-23','运动裤','ehsop_client_9.3','product/category?classifyChecked=sports&typesChecked=165',NULL,98,NULL,NULL),('ehsop_client_9.3.3',2,'2018-05-23','2018-05-23','运动配饰','ehsop_client_9.3','product/category?classifyChecked=sports&typesChecked=166',NULL,99,NULL,NULL),('ehsop_client_9.3.4',2,'2018-05-23','2018-05-23','运动背心','ehsop_client_9.3','product/category?classifyChecked=sports&typesChecked=167',NULL,100,NULL,NULL),('ehsop_client_9.3.5',2,'2018-05-23','2018-05-23','训练服','ehsop_client_9.3','product/category?classifyChecked=sports&typesChecked=168',NULL,101,NULL,NULL),('ehsop_client_9.3.6',2,'2018-05-23','2018-05-23','T恤','ehsop_client_9.3','product/category?classifyChecked=sports&typesChecked=163',NULL,102,NULL,NULL),('ehsop_client_level_navigation',2,'2018-05-23','2018-05-23','水平导航栏','ehsop_client','/product/category',NULL,1,NULL,NULL),('ehsop_client_vertical_navigation',2,'2018-05-23','2018-05-23','垂直导航栏','ehsop_client','/product/category',NULL,65,NULL,NULL),('root',2,'2018-05-23','2018-05-23','整个系统根节点',NULL,'/product/category',NULL,0,'#',NULL);

UNLOCK TABLES;

/*Table structure for table `eshop_role` */

CREATE TABLE `eshop_role` (
  `id` varchar(200) NOT NULL COMMENT 'ID',
  `is_del` int(11) DEFAULT NULL COMMENT '是否已经删除:1-已删,2.未删',
  `create_time` date DEFAULT NULL COMMENT '创建时间',
  `update_time` date DEFAULT NULL COMMENT '更新时间',
  `role_name` varchar(100) DEFAULT NULL,
  `role_description` varchar(200) DEFAULT NULL,
  PRIMARY KEY (`id`)
) ENGINE=InnoDB DEFAULT CHARSET=utf8 COMMENT='用户角色';

/*Data for the table `eshop_role` */

LOCK TABLES `eshop_role` WRITE;

insert  into `eshop_role`(`id`,`is_del`,`create_time`,`update_time`,`role_name`,`role_description`) values ('1',2,'2018-05-23','2018-05-23','ROLE_SYSTEM_ADMIN','系统管理员权限'),('2',2,'2018-05-23','2018-05-23','ROLE_COMMON_ADMIN','后台管理员权限'),('3',2,'2018-05-23','2018-05-23','ROLE_COMMON_USER','普通用户权限'),('4',2,'2018-05-23','2018-05-23','ROLE_CONNECTION_SERVER','登入后台系统的权限'),('5',2,'2018-05-23','2018-05-23','ROLE_CONNECTION_CLIENT','登入前台系统的权限');

UNLOCK TABLES;

/*Table structure for table `eshop_role_resource` */

CREATE TABLE `eshop_role_resource` (
  `resource_id` varchar(200) NOT NULL,
  `role_id` varchar(200) NOT NULL,
  PRIMARY KEY (`resource_id`,`role_id`),
  KEY `fk_rr_role` (`role_id`),
  CONSTRAINT `fk_rr_resource` FOREIGN KEY (`resource_id`) REFERENCES `eshop_resource` (`id`),
  CONSTRAINT `fk_rr_role` FOREIGN KEY (`role_id`) REFERENCES `eshop_role` (`id`)
) ENGINE=InnoDB DEFAULT CHARSET=utf8 COMMENT='资源角色中间表';

/*Data for the table `eshop_role_resource` */

LOCK TABLES `eshop_role_resource` WRITE;

insert  into `eshop_role_resource`(`resource_id`,`role_id`) values ('ehsop_admin_2','1'),('ehsop_admin_2.1','1'),('ehsop_admin_2.2','1'),('ehsop_admin_2.3','1'),('ehsop_admin_2.4','1'),('ehsop_admin_3','1'),('ehsop_admin_3.1','1'),('ehsop_admin_3.2','1'),('ehsop_admin_3.3','1'),('ehsop_admin_4','1'),('ehsop_admin_5','1'),('ehsop_admin_3','2'),('ehsop_admin_3.1','2'),('ehsop_admin_3.2','2'),('ehsop_admin_3.3','2'),('ehsop_admin_4','2'),('ehsop_admin_5','2'),('ehsop_admin_3','3'),('ehsop_admin_3.3','3'),('ehsop_admin_4','3'),('ehsop_admin_5','3');

UNLOCK TABLES;

/*Table structure for table `eshop_size` */

CREATE TABLE `eshop_size` (
  `id` varchar(200) NOT NULL DEFAULT '' COMMENT 'ID',
  `is_del` int(11) DEFAULT NULL COMMENT '是否已经删除:1-已删,2.未删',
  `create_time` date DEFAULT NULL COMMENT '创建时间',
  `update_time` date DEFAULT NULL COMMENT '更新时间',
  `size_name` varchar(20) DEFAULT NULL COMMENT '名称',
  `size_parent_id` varchar(200) DEFAULT NULL COMMENT '父ID为尺码分类',
  `size_type` varchar(200) DEFAULT NULL COMMENT '尺码分类',
  PRIMARY KEY (`id`)
) ENGINE=InnoDB DEFAULT CHARSET=utf8 COMMENT='尺码大全';

/*Data for the table `eshop_size` */

LOCK TABLES `eshop_size` WRITE;

insert  into `eshop_size`(`id`,`is_del`,`create_time`,`update_time`,`size_name`,`size_parent_id`,`size_type`) values ('1',2,'2018-05-23','2018-05-23','服装尺码','root','服装尺码组'),('1.1',2,'2018-05-23','2018-05-23','S','1','服装尺码'),('1.2',2,'2018-05-23','2018-05-23','M','1','服装尺码'),('1.3',2,'2018-05-23','2018-05-23','L','1','服装尺码'),('1.31',2,'2018-05-23','2018-05-23','均码','1','服装尺码'),('1.4',2,'2018-05-23','2018-05-23','XL','1','服装尺码'),('1.5',2,'2018-05-23','2018-05-23','XS','1','服装尺码'),('1.6',2,'2018-05-24','2018-05-24','2XL','1','服装尺码'),('1.7',2,'2018-05-23','2018-05-23','XXS','1','服装尺码'),('1.8',2,'2018-05-23','2018-05-23','XXXL','1','服装尺码'),('1.9',2,'2018-05-23','2018-05-23','XXXXL','1','服装尺码'),('2',2,'2018-05-24','2018-05-24','鞋子尺码','root','鞋子尺码组'),('2.1',2,'2018-05-24','2018-05-24','38.5','2','鞋子尺码'),('2.10',2,'2018-05-24','2018-05-24','46','2','鞋子尺码'),('2.11',2,'2018-05-24','2018-05-24','47','2','鞋子尺码'),('2.2',2,'2018-05-24','2018-05-24','39','2','鞋子尺码'),('2.3',2,'2018-05-24','2018-05-24','40','2','鞋子尺码'),('2.4',2,'2018-05-24','2018-05-24','40.5','2','鞋子尺码'),('2.5',2,'2018-05-24','2018-05-24','41','2','鞋子尺码'),('2.6',2,'2018-05-24','2018-05-24','42','2','鞋子尺码'),('2.7',2,'2018-05-24','2018-05-24','43','2','鞋子尺码'),('2.8',2,'2018-05-24','2018-05-24','44','2','鞋子尺码'),('2.9',2,'2018-05-24','2018-05-24','44.5','2','鞋子尺码'),('3',2,'2018-05-24','2018-05-24','其他','root','其他尺码组'),('3.1',2,'2018-05-24','2018-05-24','均码','3','其他尺码'),('3.2',2,'2018-05-24','2018-05-24','标准尺寸','3','其他尺码'),('4',2,'2018-05-24','2018-05-24','手机尺码','root','手机尺码组'),('4.1',2,'2018-05-24','2018-05-24','3','4','手机尺码'),('4.2',2,'2018-05-24','2018-05-24','3.5','4','手机尺码'),('4.3',2,'2018-05-24','2018-05-24','4','4','手机尺码'),('4.4',2,'2018-05-24','2018-05-24','4.5','4','手机尺码'),('4.5',2,'2018-05-24','2018-05-24','5','4','手机尺码'),('4.6',2,'2018-05-24','2018-05-24','5.5','4','手机尺码'),('4.7',2,'2018-05-24','2018-05-24','6','4','手机尺码'),('4.8',2,'2018-05-24','2018-05-24','6.5','4','手机尺码'),('root',2,'2018-05-23','2018-05-23','根节点',NULL,'根节点');

UNLOCK TABLES;

/*Table structure for table `eshop_sku` */

CREATE TABLE `eshop_sku` (
  `id` varchar(200) NOT NULL COMMENT 'ID',
  `is_del` int(11) DEFAULT NULL COMMENT '是否已经删除:1-已删,2.未删',
  `create_time` date DEFAULT NULL COMMENT '创建时间',
  `update_time` date DEFAULT NULL COMMENT '更新时间',
  `product_id` varchar(200) DEFAULT NULL COMMENT '产品FK ID',
  `color_id` varchar(200) DEFAULT NULL COMMENT '颜色FK ID',
  `size_id` varchar(20) DEFAULT NULL COMMENT '尺码FK ID',
  `sku_delive_fee` float(4,2) DEFAULT NULL COMMENT '运费:默认10元',
  `sku_price` float(8,2) DEFAULT NULL COMMENT '售价',
  `sku_stock` int(11) DEFAULT NULL COMMENT '库存',
  `sku_market_price` float(8,2) DEFAULT NULL COMMENT '市场价',
  `sku_sales` int(11) DEFAULT NULL COMMENT '销量',
  `sku_upper_limit` int(20) DEFAULT NULL COMMENT '购买限制',
  `sku_location` varchar(200) DEFAULT NULL COMMENT '货架号',
  `sku_img` varchar(200) DEFAULT NULL COMMENT '图片',
  `sku_index` int(11) DEFAULT NULL COMMENT '前台显示排序',
  `sku_name` varchar(100) DEFAULT NULL COMMENT '名称',
  `create_user_id` varchar(200) DEFAULT NULL COMMENT '创建用户FK ID',
  `update_user_id` varchar(200) DEFAULT NULL COMMENT '更新用户FK ID',
  `sku_status` int(20) DEFAULT NULL COMMENT '状态:1-历史,2-最新',
  `sku_type` int(20) DEFAULT NULL COMMENT '类型:1-赠品,2-普通',
  `sku_rank` float DEFAULT NULL COMMENT '打星',
  PRIMARY KEY (`id`),
  KEY `FK_Relationship_7` (`product_id`),
  KEY `size_id` (`size_id`),
  KEY `color_id` (`color_id`),
  CONSTRAINT `FK_Relationship_7` FOREIGN KEY (`product_id`) REFERENCES `eshop_product` (`id`),
  CONSTRAINT `eshop_sku_ibfk_1` FOREIGN KEY (`size_id`) REFERENCES `eshop_size` (`id`),
  CONSTRAINT `eshop_sku_ibfk_2` FOREIGN KEY (`color_id`) REFERENCES `eshop_color` (`id`)
) ENGINE=InnoDB DEFAULT CHARSET=utf8 COMMENT='最小销售单元/库存单位';

/*Data for the table `eshop_sku` */

LOCK TABLES `eshop_sku` WRITE;

insert  into `eshop_sku`(`id`,`is_del`,`create_time`,`update_time`,`product_id`,`color_id`,`size_id`,`sku_delive_fee`,`sku_price`,`sku_stock`,`sku_market_price`,`sku_sales`,`sku_upper_limit`,`sku_location`,`sku_img`,`sku_index`,`sku_name`,`create_user_id`,`update_user_id`,`sku_status`,`sku_type`,`sku_rank`) values ('0026eb3f0a1d430d9ec273e4593968ab',2,'2018-05-24','2018-05-24','548594a1fc534b2a8fa052209d742e63','14','3.2',10.00,10.00,10,10.00,NULL,10,NULL,'850-103671a55f12041b483fa74e711a8165edda.jpg',1,'李娜同款网球拍',NULL,NULL,NULL,NULL,4),('02fc8fc2d73a4d359f58b6214217fdc7',2,'2018-05-24','2018-05-24','cae4fe13707a48c89502c9a6fc05c6d9','17','2.5',10.00,10.00,9,10.00,NULL,10,NULL,'850-1036e4259ae5f13a42aa993ea5e754913963.jpg',1,'2018新款牛皮鞋',NULL,NULL,NULL,NULL,2),('044a48881397460fbeec0afbea0ca12b',2,'2018-05-24','2018-05-24','cae4fe13707a48c89502c9a6fc05c6d9','17','2.8',10.00,10.00,10,10.00,NULL,10,NULL,'850-1036e4259ae5f13a42aa993ea5e754913963.jpg',1,'2018新款牛皮鞋',NULL,NULL,NULL,NULL,1),('04ac7dd9bca241288ebc2702b8b76d4c',2,'2018-05-24','2018-05-24','aff998f8fed547139be0a5d4005f91bb','21','2.6',10.00,10.00,10,10.00,NULL,10,NULL,'850-1036a01264359f894e4187f081b9a8c3ac8c.jpg',1,'李宁运动跑鞋',NULL,NULL,NULL,NULL,4),('0ae0b7bc273d4eec9be58830c62ddfaf',2,'2018-05-24','2018-05-24','cae4fe13707a48c89502c9a6fc05c6d9','17','2.11',10.00,10.00,10,10.00,NULL,10,NULL,'850-1036e4259ae5f13a42aa993ea5e754913963.jpg',1,'2018新款牛皮鞋',NULL,NULL,NULL,NULL,4.5),('0b4d3e6a6ec442e6afce45173058745b',2,'2018-05-24','2018-05-24','cae4fe13707a48c89502c9a6fc05c6d9','17','2.10',10.00,10.00,10,10.00,NULL,10,NULL,'850-1036e4259ae5f13a42aa993ea5e754913963.jpg',1,'2018新款牛皮鞋',NULL,NULL,NULL,NULL,1),('0e08ccff9bae4b4dbb8a896ae410fabc',2,'2018-05-24','2018-05-24','cae4fe13707a48c89502c9a6fc05c6d9','11','2.6',10.00,10.00,10,10.00,NULL,10,NULL,'850-1036e4259ae5f13a42aa993ea5e754913963.jpg',1,'2018新款牛皮鞋',NULL,NULL,NULL,NULL,2),('0e32e74041214108ab90036f81e1f6de',2,'2018-05-24','2018-05-24','d2453ed654994839816cdb0348100ea5','12','2.11',10.00,10.00,10,10.00,NULL,10,NULL,'850-103681b3eaa419134c62ac250a35deaaaec8.jpg',1,'2018李宁新款运动跑鞋',NULL,NULL,NULL,NULL,2.5),('0eea5c9c97dc43d8bbacf5a8ac8c8e35',2,'2018-05-24','2018-05-24','cae4fe13707a48c89502c9a6fc05c6d9','11','2.11',10.00,10.00,10,10.00,NULL,10,NULL,'850-1036e4259ae5f13a42aa993ea5e754913963.jpg',1,'2018新款牛皮鞋',NULL,NULL,NULL,NULL,4),('0fada4fc00e54a7d8c1bbeb9d770e2cd',2,'2018-05-24','2018-05-24','cae4fe13707a48c89502c9a6fc05c6d9','11','2.4',10.00,10.00,10,10.00,NULL,10,NULL,'850-1036e4259ae5f13a42aa993ea5e754913963.jpg',1,'2018新款牛皮鞋',NULL,NULL,NULL,NULL,3),('0faf78c2a2264f43b7b6d84db2b28726',2,'2018-05-24','2018-05-24','22ca634db18e421fa9ef0e711a6d5e00','21','4.6',10.00,10.00,10,10.00,NULL,10,NULL,'850-1036e53417106c604929a8e36f9c12ae9dc8.jpg',1,'SNMSUNS 新款手机低价促销',NULL,NULL,NULL,NULL,1),('100cd53b87194aaea8ca7cd40268f4fc',2,'2018-05-24','2018-05-24','d2453ed654994839816cdb0348100ea5','13','2.10',10.00,10.00,10,10.00,NULL,10,NULL,'850-103681b3eaa419134c62ac250a35deaaaec8.jpg',1,'2018李宁新款运动跑鞋',NULL,NULL,NULL,NULL,3),('129d50fe46f648818b076c66bb9aa91c',2,'2018-05-24','2018-05-24','cae4fe13707a48c89502c9a6fc05c6d9','28','2.7',10.00,10.00,10,10.00,NULL,10,NULL,'850-1036e4259ae5f13a42aa993ea5e754913963.jpg',1,'2018新款牛皮鞋',NULL,NULL,NULL,NULL,4),('12aea587be1846b9bbb413ec2426a0b9',2,'2018-05-24','2018-05-24','548594a1fc534b2a8fa052209d742e63','25','3.2',10.00,10.00,10,10.00,NULL,10,NULL,'850-103671a55f12041b483fa74e711a8165edda.jpg',1,'李娜同款网球拍',NULL,NULL,NULL,NULL,5),('13dd8e8148ab4aa9b1334befd0ac4a46',2,'2018-05-24','2018-05-24','d2453ed654994839816cdb0348100ea5','13','2.11',10.00,10.00,10,10.00,NULL,10,NULL,'850-103681b3eaa419134c62ac250a35deaaaec8.jpg',1,'2018李宁新款运动跑鞋',NULL,NULL,NULL,NULL,3),('16af9084593e408fabcb6efc668af9aa',2,'2018-05-24','2018-05-24','65a62f3a53c346b388e587b97285eeaf','22','1.1',10.00,10.00,9,10.00,NULL,10,NULL,'850-10366c6e2da27f144ef6b2f4e4fccd09bc81.jpg',1,'2018秋冬爆款针织衫',NULL,NULL,NULL,NULL,3),('16f67507090d404982ca5d7526a212db',2,'2018-05-24','2018-05-24','aff998f8fed547139be0a5d4005f91bb','21','2.7',10.00,10.00,10,10.00,NULL,10,NULL,'850-1036a01264359f894e4187f081b9a8c3ac8c.jpg',1,'李宁运动跑鞋',NULL,NULL,NULL,NULL,4),('171f913b89d04cc5b01c59245f26683b',2,'2018-05-24','2018-05-24','f8773cd3e40647dd8277241aac6a7d4c','11','3.2',10.00,10.00,10,10.00,NULL,10,NULL,'850-1036866bcc888def4d61bae380ff9b9ed4df.jpg',1,'户外网球运动套装',NULL,NULL,NULL,NULL,5),('1b016f4a78d542688530a36cddfb293f',2,'2018-05-24','2018-05-24','d2453ed654994839816cdb0348100ea5','12','2.9',10.00,10.00,10,10.00,NULL,10,NULL,'850-103681b3eaa419134c62ac250a35deaaaec8.jpg',1,'2018李宁新款运动跑鞋',NULL,NULL,NULL,NULL,1),('1f81b494428d4cb09353f3e00cae38be',2,'2018-05-24','2018-05-24','d2453ed654994839816cdb0348100ea5','11','2.10',10.00,10.00,10,10.00,NULL,10,NULL,'850-103681b3eaa419134c62ac250a35deaaaec8.jpg',1,'2018李宁新款运动跑鞋',NULL,NULL,NULL,NULL,3),('26498a5a4271406b9ba8dda74d547149',2,'2018-05-24','2018-05-24','22ca634db18e421fa9ef0e711a6d5e00','21','4.5',10.00,10.00,10,10.00,NULL,10,NULL,'850-1036e53417106c604929a8e36f9c12ae9dc8.jpg',1,'SNMSUNS 新款手机低价促销',NULL,NULL,NULL,NULL,4),('281397eac0844b26b431765022bbc7c0',2,'2018-05-24','2018-05-24','f8773cd3e40647dd8277241aac6a7d4c','13','3.2',10.00,10.00,10,10.00,NULL,10,NULL,'850-1036866bcc888def4d61bae380ff9b9ed4df.jpg',1,'户外网球运动套装',NULL,NULL,NULL,NULL,5),('2a9790b797594f268e1dc232e886f7c0',2,'2018-05-24','2018-05-24','d2453ed654994839816cdb0348100ea5','12','2.2',10.00,10.00,10,10.00,NULL,10,NULL,'850-103681b3eaa419134c62ac250a35deaaaec8.jpg',1,'2018李宁新款运动跑鞋',NULL,NULL,NULL,NULL,2.5),('2b799883512a48cb8ecd1ef65f080ae2',2,'2018-05-24','2018-05-24','aff998f8fed547139be0a5d4005f91bb','21','2.3',10.00,10.00,10,10.00,NULL,10,NULL,'850-1036a01264359f894e4187f081b9a8c3ac8c.jpg',1,'李宁运动跑鞋',NULL,NULL,NULL,NULL,2.5),('2e19f4245834477cb6e6906890ee105d',2,'2018-05-24','2018-05-24','aff998f8fed547139be0a5d4005f91bb','21','2.11',10.00,10.00,10,10.00,NULL,10,NULL,'850-1036a01264359f894e4187f081b9a8c3ac8c.jpg',1,'李宁运动跑鞋',NULL,NULL,NULL,NULL,2.5),('2f359d9730024fdcbe5b7040e84cf4b7',2,'2018-05-24','2018-05-24','cae4fe13707a48c89502c9a6fc05c6d9','28','2.8',10.00,10.00,10,10.00,NULL,10,NULL,'850-1036e4259ae5f13a42aa993ea5e754913963.jpg',1,'2018新款牛皮鞋',NULL,NULL,NULL,NULL,4),('309b8a9ccbeb41c8a3406b877e289697',2,'2018-05-24','2018-05-24','d2453ed654994839816cdb0348100ea5','11','2.1',10.00,10.00,10,10.00,NULL,10,NULL,'850-103681b3eaa419134c62ac250a35deaaaec8.jpg',1,'2018李宁新款运动跑鞋',NULL,NULL,NULL,NULL,3),('3250c19a95fb4577803d4218d851557f',2,'2018-05-24','2018-05-24','cae4fe13707a48c89502c9a6fc05c6d9','11','2.5',10.00,10.00,10,10.00,NULL,10,NULL,'850-1036e4259ae5f13a42aa993ea5e754913963.jpg',1,'2018新款牛皮鞋',NULL,NULL,NULL,NULL,3.5),('330d1f834529436cad2f7dc679569534',2,'2018-05-24','2018-05-24','923a36ead2f346a89864b59c827921c5','21','2.4',10.00,10.00,9,10.00,NULL,10,NULL,'850-10361f3d4e56ad4e4e8b8292bba563d03e64.jpg',1,'特步时尚女鞋',NULL,NULL,NULL,NULL,2),('37975e803b8c453db87cd6b206c9b70f',2,'2018-05-24','2018-05-24','cae4fe13707a48c89502c9a6fc05c6d9','11','2.7',10.00,10.00,10,10.00,NULL,10,NULL,'850-1036e4259ae5f13a42aa993ea5e754913963.jpg',1,'2018新款牛皮鞋',NULL,NULL,NULL,NULL,3),('3af69e7b61f94223861196e101e120eb',2,'2018-05-24','2018-05-24','923a36ead2f346a89864b59c827921c5','21','2.8',10.00,10.00,10,10.00,NULL,10,NULL,'850-10361f3d4e56ad4e4e8b8292bba563d03e64.jpg',1,'特步时尚女鞋',NULL,NULL,NULL,NULL,1),('3b3d2d2d7ac64d3688173819ed2585bc',2,'2018-05-24','2018-05-24','a561faf9c69d4986a6d18d297838f364','20','1.3',10.00,10.00,10,10.00,NULL,10,NULL,'850-1036product-9a60aadc45684c67a313dbe6557348a8.jpg',1,'2018爆款休闲寸衣',NULL,NULL,NULL,NULL,2),('3c9d4c4995a94fa3a12442a5a3025eb7',2,'2018-05-24','2018-05-24','548594a1fc534b2a8fa052209d742e63','21','3.2',10.00,10.00,10,10.00,NULL,10,NULL,'850-103671a55f12041b483fa74e711a8165edda.jpg',1,'李娜同款网球拍',NULL,NULL,NULL,NULL,3),('4626818b814944b0952eb75c40c0de53',2,'2018-05-24','2018-05-24','d2453ed654994839816cdb0348100ea5','13','2.2',10.00,10.00,10,10.00,NULL,10,NULL,'850-103681b3eaa419134c62ac250a35deaaaec8.jpg',1,'2018李宁新款运动跑鞋',NULL,NULL,NULL,NULL,1),('4688bee9e9944582b925bab42eea76fc',2,'2018-05-24','2018-05-24','cae4fe13707a48c89502c9a6fc05c6d9','11','2.3',10.00,10.00,10,10.00,NULL,10,NULL,'850-1036e4259ae5f13a42aa993ea5e754913963.jpg',1,'2018新款牛皮鞋',NULL,NULL,NULL,NULL,5),('46ab07a89213419581408d649118cf1a',2,'2018-05-24','2018-05-24','d2453ed654994839816cdb0348100ea5','11','2.5',10.00,10.00,10,10.00,NULL,10,NULL,'850-103681b3eaa419134c62ac250a35deaaaec8.jpg',1,'2018李宁新款运动跑鞋',NULL,NULL,NULL,NULL,2.5),('48dbf2ea461b4f27b44166c137700055',2,'2018-05-24','2018-05-24','65a62f3a53c346b388e587b97285eeaf','18','1.3',10.00,10.00,10,10.00,NULL,10,NULL,'850-10366c6e2da27f144ef6b2f4e4fccd09bc81.jpg',1,'2018秋冬爆款针织衫',NULL,NULL,NULL,NULL,1),('4b838e98f8d6426b8f745aa607ca0d69',2,'2018-05-24','2018-05-24','d2453ed654994839816cdb0348100ea5','11','2.11',10.00,10.00,8,10.00,NULL,10,NULL,'850-103681b3eaa419134c62ac250a35deaaaec8.jpg',1,'2018李宁新款运动跑鞋',NULL,NULL,NULL,NULL,2),('4cb4f98e7a144830b7fd0cb42ddd0a66',2,'2018-05-24','2018-05-24','d2453ed654994839816cdb0348100ea5','11','2.7',10.00,10.00,10,10.00,NULL,10,NULL,'850-103681b3eaa419134c62ac250a35deaaaec8.jpg',1,'2018李宁新款运动跑鞋',NULL,NULL,NULL,NULL,5),('4dd4cedf90b44f128279c96c7617fcbb',2,'2018-05-24','2018-05-24','923a36ead2f346a89864b59c827921c5','21','2.10',10.00,10.00,10,10.00,NULL,10,NULL,'850-10361f3d4e56ad4e4e8b8292bba563d03e64.jpg',1,'特步时尚女鞋',NULL,NULL,NULL,NULL,4),('4fcbeb8a0dc14c3ea458582d990004c9',2,'2018-05-24','2018-05-24','d2453ed654994839816cdb0348100ea5','11','2.6',10.00,10.00,10,10.00,NULL,10,NULL,'850-103681b3eaa419134c62ac250a35deaaaec8.jpg',1,'2018李宁新款运动跑鞋',NULL,NULL,NULL,NULL,2),('512b696d550145dcbb32d7fd26b08a42',2,'2018-05-24','2018-05-24','cae4fe13707a48c89502c9a6fc05c6d9','28','2.11',10.00,10.00,10,10.00,NULL,10,NULL,'850-1036e4259ae5f13a42aa993ea5e754913963.jpg',1,'2018新款牛皮鞋',NULL,NULL,NULL,NULL,1.5),('532c92c7df584b578bb33a03a6253fd6',2,'2018-05-24','2018-05-24','cae4fe13707a48c89502c9a6fc05c6d9','28','2.4',10.00,10.00,10,10.00,NULL,10,NULL,'850-1036e4259ae5f13a42aa993ea5e754913963.jpg',1,'2018新款牛皮鞋',NULL,NULL,NULL,NULL,3),('540a8736c4254da2baa90135f4d8ac17',2,'2018-05-24','2018-05-24','d2453ed654994839816cdb0348100ea5','13','2.4',10.00,10.00,10,10.00,NULL,10,NULL,'850-103681b3eaa419134c62ac250a35deaaaec8.jpg',1,'2018李宁新款运动跑鞋',NULL,NULL,NULL,NULL,4),('5490b576f57d47e29720a0deb523eb29',2,'2018-05-24','2018-05-24','65a62f3a53c346b388e587b97285eeaf','22','1.3',10.00,10.00,10,10.00,NULL,10,NULL,'850-10366c6e2da27f144ef6b2f4e4fccd09bc81.jpg',1,'2018秋冬爆款针织衫',NULL,NULL,NULL,NULL,3.5),('5c00f2c3ddfd490fb546b30637f1d3a6',2,'2018-05-24','2018-05-24','cae4fe13707a48c89502c9a6fc05c6d9','28','2.3',10.00,10.00,10,10.00,NULL,10,NULL,'850-1036e4259ae5f13a42aa993ea5e754913963.jpg',1,'2018新款牛皮鞋',NULL,NULL,NULL,NULL,4.5),('6239578f05ea4a63879fcdc3fdea81e0',2,'2018-05-24','2018-05-24','548594a1fc534b2a8fa052209d742e63','18','3.2',10.00,10.00,10,10.00,NULL,10,NULL,'850-103671a55f12041b483fa74e711a8165edda.jpg',1,'李娜同款网球拍',NULL,NULL,NULL,NULL,3),('62495fa0097444f7a8e196382691e096',2,'2018-05-24','2018-05-24','cae4fe13707a48c89502c9a6fc05c6d9','28','2.9',10.00,10.00,10,10.00,NULL,10,NULL,'850-1036e4259ae5f13a42aa993ea5e754913963.jpg',1,'2018新款牛皮鞋',NULL,NULL,NULL,NULL,2),('6332383226f645cba30523ce64e7b99f',2,'2018-05-24','2018-05-24','f8773cd3e40647dd8277241aac6a7d4c','12','3.2',10.00,10.00,9,10.00,NULL,10,NULL,'850-1036866bcc888def4d61bae380ff9b9ed4df.jpg',1,'户外网球运动套装',NULL,NULL,NULL,NULL,5),('66e94dc153764403a4491935cc13dce8',2,'2018-05-24','2018-05-24','a561faf9c69d4986a6d18d297838f364','20','1.2',10.00,10.00,10,10.00,NULL,10,NULL,'850-1036product-9a60aadc45684c67a313dbe6557348a8.jpg',1,'2018爆款休闲寸衣',NULL,NULL,NULL,NULL,5),('672ec9df158d464a856aafb6443585c9',2,'2018-05-24','2018-05-24','801f22c2dfc142a1912ffa88fb53aef2','21','4.8',10.00,10.00,9,10.00,NULL,10,NULL,'850-10369220138f4e9e49f7bffa7883e9eb47c2.jpg',1,'iPad 2',NULL,NULL,NULL,NULL,4.5),('69772bcb27d445ef8e54763bf027c0df',2,'2018-05-24','2018-05-24','cae4fe13707a48c89502c9a6fc05c6d9','28','2.5',10.00,10.00,10,10.00,NULL,10,NULL,'850-1036e4259ae5f13a42aa993ea5e754913963.jpg',1,'2018新款牛皮鞋',NULL,NULL,NULL,NULL,3.5),('69cba283c9ec49e8ab9f8da4cad1967a',2,'2018-05-24','2018-05-24','d2453ed654994839816cdb0348100ea5','13','2.1',10.00,10.00,10,10.00,NULL,10,NULL,'850-103681b3eaa419134c62ac250a35deaaaec8.jpg',1,'2018李宁新款运动跑鞋',NULL,NULL,NULL,NULL,3),('6a201ae85ebb4208b1860ff85d81d09d',2,'2018-05-24','2018-05-24','cae4fe13707a48c89502c9a6fc05c6d9','17','2.7',10.00,10.00,10,10.00,NULL,10,NULL,'850-1036e4259ae5f13a42aa993ea5e754913963.jpg',1,'2018新款牛皮鞋',NULL,NULL,NULL,NULL,4),('6b33237dd1834e699f7396e18a0416da',2,'2018-05-24','2018-05-24','cae4fe13707a48c89502c9a6fc05c6d9','11','2.8',10.00,10.00,10,10.00,NULL,10,NULL,'850-1036e4259ae5f13a42aa993ea5e754913963.jpg',1,'2018新款牛皮鞋',NULL,NULL,NULL,NULL,5),('6ce9432ca9914670ad8b947f1446940f',2,'2018-05-24','2018-05-24','d2453ed654994839816cdb0348100ea5','13','2.8',10.00,10.00,10,10.00,NULL,10,NULL,'850-103681b3eaa419134c62ac250a35deaaaec8.jpg',1,'2018李宁新款运动跑鞋',NULL,NULL,NULL,NULL,2.5),('72f41a20d88549baa47110bf228ccb36',2,'2018-05-24','2018-05-24','923a36ead2f346a89864b59c827921c5','21','2.5',10.00,10.00,10,10.00,NULL,10,NULL,'850-10361f3d4e56ad4e4e8b8292bba563d03e64.jpg',1,'特步时尚女鞋',NULL,NULL,NULL,NULL,4),('7371653b2811419e99d793bea5ac6d51',2,'2018-05-24','2018-05-24','cae4fe13707a48c89502c9a6fc05c6d9','28','2.10',10.00,10.00,10,10.00,NULL,10,NULL,'850-1036e4259ae5f13a42aa993ea5e754913963.jpg',1,'2018新款牛皮鞋',NULL,NULL,NULL,NULL,2),('751ac1ff358242d3b1708fb3575c70a0',2,'2018-05-24','2018-05-24','65a62f3a53c346b388e587b97285eeaf','18','1.2',10.00,10.00,10,10.00,NULL,10,NULL,'850-10366c6e2da27f144ef6b2f4e4fccd09bc81.jpg',1,'2018秋冬爆款针织衫',NULL,NULL,NULL,NULL,5),('752dd2e72b464eb4b1bf0316428ac69a',2,'2018-05-24','2018-05-24','cae4fe13707a48c89502c9a6fc05c6d9','28','2.6',10.00,10.00,10,10.00,NULL,10,NULL,'850-1036e4259ae5f13a42aa993ea5e754913963.jpg',1,'2018新款牛皮鞋',NULL,NULL,NULL,NULL,2),('7834d25650f641e9aa498722e829d8d5',2,'2018-05-24','2018-05-24','cae4fe13707a48c89502c9a6fc05c6d9','11','2.10',10.00,10.00,10,10.00,NULL,10,NULL,'850-1036e4259ae5f13a42aa993ea5e754913963.jpg',1,'2018新款牛皮鞋',NULL,NULL,NULL,NULL,1),('786cb22f422a499880a47d43065cdf40',2,'2018-05-24','2018-05-24','548594a1fc534b2a8fa052209d742e63','22','3.2',10.00,10.00,10,10.00,NULL,10,NULL,'850-103671a55f12041b483fa74e711a8165edda.jpg',1,'李娜同款网球拍',NULL,NULL,NULL,NULL,3.5),('78b0ee3406d843c198ab24214cef5408',2,'2018-05-24','2018-05-24','cae4fe13707a48c89502c9a6fc05c6d9','17','2.6',10.00,10.00,10,10.00,NULL,10,NULL,'850-1036e4259ae5f13a42aa993ea5e754913963.jpg',1,'2018新款牛皮鞋',NULL,NULL,NULL,NULL,1.5),('7a3b714246254c2c917e4a293b72f377',2,'2018-05-24','2018-05-24','d2453ed654994839816cdb0348100ea5','13','2.7',10.00,10.00,10,10.00,NULL,10,NULL,'850-103681b3eaa419134c62ac250a35deaaaec8.jpg',1,'2018李宁新款运动跑鞋',NULL,NULL,NULL,NULL,1),('7afd6c0d07f441eda0f1cc8b3dbc97a5',2,'2018-05-24','2018-05-24','d2453ed654994839816cdb0348100ea5','12','2.7',10.00,10.00,10,10.00,NULL,10,NULL,'850-103681b3eaa419134c62ac250a35deaaaec8.jpg',1,'2018李宁新款运动跑鞋',NULL,NULL,NULL,NULL,2),('7cd07b061520424c90332e09f6b4e875',2,'2018-05-24','2018-05-24','d2453ed654994839816cdb0348100ea5','12','2.4',10.00,10.00,10,10.00,NULL,10,NULL,'850-103681b3eaa419134c62ac250a35deaaaec8.jpg',1,'2018李宁新款运动跑鞋',NULL,NULL,NULL,NULL,2),('7d2d5af0c5f34f98901ad0932a42da7a',2,'2018-05-24','2018-05-24','d2453ed654994839816cdb0348100ea5','12','2.1',10.00,10.00,10,10.00,NULL,10,NULL,'850-103681b3eaa419134c62ac250a35deaaaec8.jpg',1,'2018李宁新款运动跑鞋',NULL,NULL,NULL,NULL,1),('7ee5d49a5a83417a857ec226ed465c50',2,'2018-05-24','2018-05-24','548594a1fc534b2a8fa052209d742e63','17','3.2',10.00,10.00,10,10.00,NULL,10,NULL,'850-103671a55f12041b483fa74e711a8165edda.jpg',1,'李娜同款网球拍',NULL,NULL,NULL,NULL,4.5),('82936b9549c0497db39d185e7ccf0256',2,'2018-05-24','2018-05-24','548594a1fc534b2a8fa052209d742e63','24','3.2',10.00,10.00,10,10.00,NULL,10,NULL,'850-103671a55f12041b483fa74e711a8165edda.jpg',1,'李娜同款网球拍',NULL,NULL,NULL,NULL,1.5),('82bd9237c7d64b7b9b07c13cc113607c',2,'2018-05-24','2018-05-24','d2453ed654994839816cdb0348100ea5','12','2.5',10.00,10.00,10,10.00,NULL,10,NULL,'850-103681b3eaa419134c62ac250a35deaaaec8.jpg',1,'2018李宁新款运动跑鞋',NULL,NULL,NULL,NULL,3.5),('867542eae41743ce963061e994eea718',2,'2018-05-24','2018-05-24','d2453ed654994839816cdb0348100ea5','11','2.3',10.00,10.00,10,10.00,NULL,10,NULL,'850-103681b3eaa419134c62ac250a35deaaaec8.jpg',1,'2018李宁新款运动跑鞋',NULL,NULL,NULL,NULL,2),('8c3e0f6f343d4a56a26a2cc898b229d5',2,'2018-05-24','2018-05-24','aff998f8fed547139be0a5d4005f91bb','21','2.9',10.00,10.00,10,10.00,NULL,10,NULL,'850-1036a01264359f894e4187f081b9a8c3ac8c.jpg',1,'李宁运动跑鞋',NULL,NULL,NULL,NULL,4.5),('8d256bfbf9ca4998b5da1513df5da533',2,'2018-05-24','2018-05-24','d2453ed654994839816cdb0348100ea5','13','2.6',10.00,10.00,10,10.00,NULL,10,NULL,'850-103681b3eaa419134c62ac250a35deaaaec8.jpg',1,'2018李宁新款运动跑鞋',NULL,NULL,NULL,NULL,3),('8e83f65fcfc143ab91bfabc8e5f45933',2,'2018-05-24','2018-05-24','aff998f8fed547139be0a5d4005f91bb','21','2.8',10.00,10.00,10,10.00,NULL,10,NULL,'850-1036a01264359f894e4187f081b9a8c3ac8c.jpg',1,'李宁运动跑鞋',NULL,NULL,NULL,NULL,5),('90655d930e41469997708f6c05e96b00',2,'2018-05-24','2018-05-24','cae4fe13707a48c89502c9a6fc05c6d9','17','2.3',10.00,10.00,10,10.00,NULL,10,NULL,'850-1036e4259ae5f13a42aa993ea5e754913963.jpg',1,'2018新款牛皮鞋',NULL,NULL,NULL,NULL,5),('9400b6a890b94a18bd20ca5891e5035c',2,'2018-05-24','2018-05-24','923a36ead2f346a89864b59c827921c5','21','2.2',10.00,10.00,10,10.00,NULL,10,NULL,'850-10361f3d4e56ad4e4e8b8292bba563d03e64.jpg',1,'特步时尚女鞋',NULL,NULL,NULL,NULL,2.5),('969f024b1e0e421b9cd42d5207eb8e42',2,'2018-05-24','2018-05-24','548594a1fc534b2a8fa052209d742e63','26','3.2',10.00,10.00,10,10.00,NULL,10,NULL,'850-103671a55f12041b483fa74e711a8165edda.jpg',1,'李娜同款网球拍',NULL,NULL,NULL,NULL,3),('9c4b348b51d246e297c80f2b1118d4ac',2,'2018-05-24','2018-05-24','6871385e7ea64d1d84b04472545f127a','21','4.8',10.00,10.00,9,10.00,NULL,10,NULL,'850-1036d754a7b3560246708f447a443bdbed3e.jpg',1,'iPhone 6s',NULL,NULL,NULL,NULL,5),('9f16a6e938fa4628934c93a7fe541b28',2,'2018-05-24','2018-05-24','d2453ed654994839816cdb0348100ea5','12','2.3',10.00,10.00,10,10.00,NULL,10,NULL,'850-103681b3eaa419134c62ac250a35deaaaec8.jpg',1,'2018李宁新款运动跑鞋',NULL,NULL,NULL,NULL,4.5),('a0ccb07016924b7e976e279ad33a2509',2,'2018-05-24','2018-05-24','d2453ed654994839816cdb0348100ea5','12','2.8',10.00,10.00,10,10.00,NULL,10,NULL,'850-103681b3eaa419134c62ac250a35deaaaec8.jpg',1,'2018李宁新款运动跑鞋',NULL,NULL,NULL,NULL,2.5),('a8f4d4057f744d2fbd18ec65f54b8d6a',2,'2018-05-24','2018-05-24','923a36ead2f346a89864b59c827921c5','21','2.9',10.00,10.00,10,10.00,NULL,10,NULL,'850-10361f3d4e56ad4e4e8b8292bba563d03e64.jpg',1,'特步时尚女鞋',NULL,NULL,NULL,NULL,3.5),('aeadaeff379245648cb1f74a51293f9f',2,'2018-05-24','2018-05-24','cae4fe13707a48c89502c9a6fc05c6d9','17','2.4',10.00,10.00,10,10.00,NULL,10,NULL,'850-1036e4259ae5f13a42aa993ea5e754913963.jpg',1,'2018新款牛皮鞋',NULL,NULL,NULL,NULL,3.5),('b35d75fff5864ddf8335f3699cf73929',2,'2018-05-24','2018-05-24','923a36ead2f346a89864b59c827921c5','21','2.7',10.00,10.00,10,10.00,NULL,10,NULL,'850-10361f3d4e56ad4e4e8b8292bba563d03e64.jpg',1,'特步时尚女鞋',NULL,NULL,NULL,NULL,4.5),('b421556d30a249dfad7e05a77a7b7b79',2,'2018-05-24','2018-05-24','548594a1fc534b2a8fa052209d742e63','10','3.2',10.00,10.00,10,10.00,NULL,10,NULL,'850-103671a55f12041b483fa74e711a8165edda.jpg',1,'李娜同款网球拍',NULL,NULL,NULL,NULL,2),('ba59c9c853d240c38b9f0d100adce681',2,'2018-05-24','2018-05-24','65a62f3a53c346b388e587b97285eeaf','18','1.1',10.00,10.00,10,10.00,NULL,10,NULL,'850-10366c6e2da27f144ef6b2f4e4fccd09bc81.jpg',1,'2018秋冬爆款针织衫',NULL,NULL,NULL,NULL,4),('c2619d6c386a46ccaee6910cd5bbddaa',2,'2018-05-24','2018-05-24','548594a1fc534b2a8fa052209d742e63','16','3.2',10.00,10.00,10,10.00,NULL,10,NULL,'850-103671a55f12041b483fa74e711a8165edda.jpg',1,'李娜同款网球拍',NULL,NULL,NULL,NULL,3),('c292c565ecab41eda6e84068e0f8aa69',2,'2018-05-24','2018-05-24','d2453ed654994839816cdb0348100ea5','13','2.3',10.00,10.00,10,10.00,NULL,10,NULL,'850-103681b3eaa419134c62ac250a35deaaaec8.jpg',1,'2018李宁新款运动跑鞋',NULL,NULL,NULL,NULL,1.5),('c6cebee96d6b4bb8ac7ac83ec9e74204',2,'2018-05-24','2018-05-24','d2453ed654994839816cdb0348100ea5','11','2.4',10.00,10.00,10,10.00,NULL,10,NULL,'850-103681b3eaa419134c62ac250a35deaaaec8.jpg',1,'2018李宁新款运动跑鞋',NULL,NULL,NULL,NULL,4.5),('c9006a9d1ece41858c8c2b5b94eca01e',2,'2018-05-24','2018-05-24','d2453ed654994839816cdb0348100ea5','12','2.6',10.00,10.00,10,10.00,NULL,10,NULL,'850-103681b3eaa419134c62ac250a35deaaaec8.jpg',1,'2018李宁新款运动跑鞋',NULL,NULL,NULL,NULL,3.5),('c9d6ee25afe0425986e4a25723a1a879',2,'2018-05-24','2018-05-24','d2453ed654994839816cdb0348100ea5','11','2.2',10.00,10.00,10,10.00,NULL,10,NULL,'850-103681b3eaa419134c62ac250a35deaaaec8.jpg',1,'2018李宁新款运动跑鞋',NULL,NULL,NULL,NULL,1),('cb4ebc1653324525bc6781904bb19358',2,'2018-05-24','2018-05-24','65a62f3a53c346b388e587b97285eeaf','22','1.2',10.00,10.00,10,10.00,NULL,10,NULL,'850-10366c6e2da27f144ef6b2f4e4fccd09bc81.jpg',1,'2018秋冬爆款针织衫',NULL,NULL,NULL,NULL,2),('cbb7723927ab4fedbf8c417bc6684a5c',2,'2018-05-24','2018-05-24','923a36ead2f346a89864b59c827921c5','21','2.1',10.00,10.00,10,10.00,NULL,10,NULL,'850-10361f3d4e56ad4e4e8b8292bba563d03e64.jpg',1,'特步时尚女鞋',NULL,NULL,NULL,NULL,4),('cbc86a4c16454028818593db65688260',2,'2018-05-24','2018-05-24','aff998f8fed547139be0a5d4005f91bb','21','2.5',10.00,10.00,10,10.00,NULL,10,NULL,'850-1036a01264359f894e4187f081b9a8c3ac8c.jpg',1,'李宁运动跑鞋',NULL,NULL,NULL,NULL,1),('cd7c4f55aafb462e80990dcdd6ec7e71',2,'2018-05-24','2018-05-24','aff998f8fed547139be0a5d4005f91bb','21','2.2',10.00,10.00,9,10.00,NULL,10,NULL,'850-1036a01264359f894e4187f081b9a8c3ac8c.jpg',1,'李宁运动跑鞋',NULL,NULL,NULL,NULL,2.5),('d7db091f3eb14ce5b0af55ae7d50a7d3',2,'2018-05-24','2018-05-24','d2453ed654994839816cdb0348100ea5','13','2.5',10.00,10.00,10,10.00,NULL,10,NULL,'850-103681b3eaa419134c62ac250a35deaaaec8.jpg',1,'2018李宁新款运动跑鞋',NULL,NULL,NULL,NULL,2),('d8924150efd14b4b843c06998e128581',2,'2018-05-24','2018-05-24','923a36ead2f346a89864b59c827921c5','21','2.3',10.00,10.00,10,10.00,NULL,10,NULL,'850-10361f3d4e56ad4e4e8b8292bba563d03e64.jpg',1,'特步时尚女鞋',NULL,NULL,NULL,NULL,3.5),('d89df5fedb124d9ab4eb2a3c86981323',2,'2018-05-24','2018-05-24','aff998f8fed547139be0a5d4005f91bb','21','2.1',10.00,10.00,10,10.00,NULL,10,NULL,'850-1036a01264359f894e4187f081b9a8c3ac8c.jpg',1,'李宁运动跑鞋',NULL,NULL,NULL,NULL,5),('d97d98656f1d4088a1f07389a87857bd',2,'2018-05-24','2018-05-24','d2453ed654994839816cdb0348100ea5','13','2.9',10.00,10.00,10,10.00,NULL,10,NULL,'850-103681b3eaa419134c62ac250a35deaaaec8.jpg',1,'2018李宁新款运动跑鞋',NULL,NULL,NULL,NULL,5),('da67688b3f92436098d48e4d7460c2cb',2,'2018-05-24','2018-05-24','a561faf9c69d4986a6d18d297838f364','20','1.1',10.00,10.00,10,10.00,NULL,10,NULL,'850-1036product-9a60aadc45684c67a313dbe6557348a8.jpg',1,'2018爆款休闲寸衣',NULL,NULL,NULL,NULL,5),('db309a22a488482484ba7bb4dcefd7de',2,'2018-05-24','2018-05-24','d2453ed654994839816cdb0348100ea5','11','2.8',10.00,10.00,10,10.00,NULL,10,NULL,'850-103681b3eaa419134c62ac250a35deaaaec8.jpg',1,'2018李宁新款运动跑鞋',NULL,NULL,NULL,NULL,5),('db6d16c5a077411bae3cbbc294cf38b4',2,'2018-05-24','2018-05-24','cae4fe13707a48c89502c9a6fc05c6d9','11','2.9',10.00,10.00,10,10.00,NULL,10,NULL,'850-1036e4259ae5f13a42aa993ea5e754913963.jpg',1,'2018新款牛皮鞋',NULL,NULL,NULL,NULL,2.5),('dc96473831334518aef732d65dde3841',2,'2018-05-24','2018-05-24','d2453ed654994839816cdb0348100ea5','12','2.10',10.00,10.00,10,10.00,NULL,10,NULL,'850-103681b3eaa419134c62ac250a35deaaaec8.jpg',1,'2018李宁新款运动跑鞋',NULL,NULL,NULL,NULL,1),('e13e71bf93784d9eb6029efd763123eb',2,'2018-05-24','2018-05-24','aff998f8fed547139be0a5d4005f91bb','21','2.4',10.00,10.00,10,10.00,NULL,10,NULL,'850-1036a01264359f894e4187f081b9a8c3ac8c.jpg',1,'李宁运动跑鞋',NULL,NULL,NULL,NULL,4),('ea9fb658b0764736bd7aca754f7d2fcc',2,'2018-05-24','2018-05-24','923a36ead2f346a89864b59c827921c5','21','2.6',10.00,10.00,10,10.00,NULL,10,NULL,'850-10361f3d4e56ad4e4e8b8292bba563d03e64.jpg',1,'特步时尚女鞋',NULL,NULL,NULL,NULL,1),('ecd04d41ef8841cea9c74be05f2803f8',2,'2018-05-24','2018-05-24','548594a1fc534b2a8fa052209d742e63','9','3.2',10.00,10.00,10,10.00,NULL,10,NULL,'850-103671a55f12041b483fa74e711a8165edda.jpg',1,'李娜同款网球拍',NULL,NULL,NULL,NULL,3),('ee01f391d40d4c27ba45ebc324c4f798',2,'2018-05-24','2018-05-24','d2453ed654994839816cdb0348100ea5','11','2.9',10.00,10.00,10,10.00,NULL,10,NULL,'850-103681b3eaa419134c62ac250a35deaaaec8.jpg',1,'2018李宁新款运动跑鞋',NULL,NULL,NULL,NULL,2.5),('f03eeeebc9444a989befd77f83eb4003',2,'2018-05-24','2018-05-24','cae4fe13707a48c89502c9a6fc05c6d9','17','2.9',10.00,10.00,10,10.00,NULL,10,NULL,'850-1036e4259ae5f13a42aa993ea5e754913963.jpg',1,'2018新款牛皮鞋',NULL,NULL,NULL,NULL,3),('f0a0f6779e00471294ce6548ac9b988d',2,'2018-05-24','2018-05-24','aff998f8fed547139be0a5d4005f91bb','21','2.10',10.00,10.00,10,10.00,NULL,10,NULL,'850-1036a01264359f894e4187f081b9a8c3ac8c.jpg',1,'李宁运动跑鞋',NULL,NULL,NULL,NULL,1.5),('fd71c0097d8645e892adbec078141536',2,'2018-05-24','2018-05-24','923a36ead2f346a89864b59c827921c5','21','2.11',10.00,10.00,10,10.00,NULL,10,NULL,'850-10361f3d4e56ad4e4e8b8292bba563d03e64.jpg',1,'特步时尚女鞋',NULL,NULL,NULL,NULL,1.5);

UNLOCK TABLES;

/*Table structure for table `eshop_slideshow` */

CREATE TABLE `eshop_slideshow` (
  `id` varchar(200) NOT NULL DEFAULT '' COMMENT 'ID',
  `is_del` int(1) DEFAULT NULL COMMENT '是否已经删除:1-已删,2.未删',
  `create_time` date DEFAULT NULL COMMENT '创建时间',
  `update_time` date DEFAULT NULL COMMENT '更新时间',
  `slideshow_name` varchar(200) DEFAULT NULL COMMENT '轮播图名称',
  `slideshow_url` varchar(200) CHARACTER SET utf8 COLLATE utf8_general_ci DEFAULT NULL COMMENT '轮播图连接地址',
  `slideshow_index` int(11) DEFAULT NULL COMMENT '轮播图顺序',
  `slideshow_html` varchar(200) CHARACTER SET utf8 COLLATE utf8_general_ci DEFAULT NULL COMMENT '轮播图所属页面',
  `slideshow_image` varchar(200) DEFAULT NULL COMMENT '轮播图图片地址',
  PRIMARY KEY (`id`)
) ENGINE=InnoDB DEFAULT CHARSET=utf8 COMMENT='轮播图表';

/*Data for the table `eshop_slideshow` */

LOCK TABLES `eshop_slideshow` WRITE;

insert  into `eshop_slideshow`(`id`,`is_del`,`create_time`,`update_time`,`slideshow_name`,`slideshow_url`,`slideshow_index`,`slideshow_html`,`slideshow_image`) values ('1',2,'2018-05-23','2018-05-23','商品检索页-轮播图1','product/category',1,'category-main','category-main1.jpg'),('10',2,'2018-05-23','2018-05-23','首页-数码-轮播图1','product/category?classifyChecked=camera&brandsChecked=12',1,'index-camera','index-camera1.jpg'),('11',2,'2018-05-23','2018-05-23','首页-数码-轮播图2','product/category?classifyChecked=camera&brandsChecked=13',2,'index-camera','index-camera2.jpg'),('12',2,'2018-05-23','2018-05-23','首页-数码-轮播图3','product/category?classifyChecked=camera&brandsChecked=10',3,'index-camera','index-camera3.jpg'),('13',2,'2018-05-23','2018-05-23','首页-数码-轮播图4','product/category?classifyChecked=camera&brandsChecked=11',4,'index-camera','index-camera4.jpg'),('14',2,'2018-05-23','2018-05-23','首页-数码-轮播图5','product/category?classifyChecked=camera&brandsChecked=8',5,'index-camera','index-camera5.jpg'),('15',2,'2018-05-23','2018-05-23','首页-数码-轮播图6','product/category?classifyChecked=camera&brandsChecked=9',6,'index-camera','index-camera6.jpg'),('16',2,'2018-05-23','2018-05-23','首页-数码-轮播图7','product/category?classifyChecked=camera&brandsChecked=6',7,'index-camera','index-camera7.jpg'),('17',2,'2018-05-23','2018-05-23','首页-数码-轮播图8','product/category?classifyChecked=camera&brandsChecked=7',8,'index-camera','index-camera8.jpg'),('2',2,'2018-05-23','2018-05-23','商品检索页-轮播图2','product/category',2,'category-main','category-main2.jpg'),('3',2,'2018-05-23','2018-05-23','首页-轮播图1','product/category',1,'index-main','index-main1.jpg'),('4',2,'2018-05-23','2018-05-23','首页-轮播图2','product/category',2,'index-main','index-main2.jpg'),('5',2,'2018-05-23','2018-05-23','首页-轮播图3','product/category',3,'index-main','index-main3.jpg'),('6',2,'2018-05-23','2018-05-23','首页-运动器材-轮播图1','product/category?classifyChecked=sports',1,'index-sport','index-sport1.jpg'),('7',2,'2018-05-23','2018-05-23','首页-运动器材-轮播图2','product/category?classifyChecked=sports',2,'index-sport','index-sport2.jpg'),('8',2,'2018-05-23','2018-05-23','首页-珠宝-轮播图1','product/category?classifyChecked=jewelry',1,'index-jewelry','index-jewelry1.jpg'),('9',2,'2018-05-23','2018-05-23','首页-珠宝-轮播图2','product/category?classifyChecked=jewelry',2,'index-jewelry','index-jewelry2.jpg');

UNLOCK TABLES;

/*Table structure for table `eshop_type` */

CREATE TABLE `eshop_type` (
  `id` varchar(200) NOT NULL COMMENT 'ID',
  `is_del` int(11) DEFAULT NULL COMMENT '是否已经删除:1-已删,2.未删',
  `create_time` date DEFAULT NULL COMMENT '创建时间',
  `update_time` date DEFAULT NULL COMMENT '更新时间',
  `type_name` varchar(20) DEFAULT NULL COMMENT '名称',
  `type_parent_id` varchar(200) DEFAULT NULL COMMENT '父ID',
  `type_note` varchar(50) DEFAULT NULL COMMENT '备注,用于搜索页面描述',
  `type_url` varchar(200) DEFAULT NULL COMMENT '跳转的链接',
  `type_image` varchar(200) DEFAULT NULL COMMENT '图片地址',
  `type_ico` varchar(200) DEFAULT NULL COMMENT '图标',
  `type_index` int(11) DEFAULT NULL COMMENT '顺序',
  `type_description` varchar(200) DEFAULT NULL COMMENT '描述',
  PRIMARY KEY (`id`)
) ENGINE=InnoDB DEFAULT CHARSET=utf8 COMMENT='商品类型';

/*Data for the table `eshop_type` */

LOCK TABLES `eshop_type` WRITE;

insert  into `eshop_type`(`id`,`is_del`,`create_time`,`update_time`,`type_name`,`type_parent_id`,`type_note`,`type_url`,`type_image`,`type_ico`,`type_index`,`type_description`) values ('103',2,'2018-05-23','2018-05-23','大牌','clothing','types','product/category?classifyChecked=clothing&typesChecked=103','banner-product1.jpg','#',1,'#'),('104',2,'2018-05-23','2018-05-23','男装','clothing','types','product/category?classifyChecked=clothing&typesChecked=104','banner-product1.jpg','#',2,'#'),('105',2,'2018-05-23','2018-05-23','女装','clothing','types','product/category?classifyChecked=clothing&typesChecked=105','banner-product1.jpg','#',3,'#'),('106',2,'2018-05-23','2018-05-23','鞋靴','clothing','types','product/category?classifyChecked=clothing&typesChecked=106','banner-product1.jpg','#',4,'#'),('107',2,'2018-05-23','2018-05-23','箱包','clothing','types','product/category?classifyChecked=clothing&typesChecked=107','banner-product1.jpg','#',5,'#'),('108',2,'2018-05-23','2018-05-23','内衣配饰','clothing','types','product/category?classifyChecked=clothing&typesChecked=108','banner-product1.jpg','#',6,'#'),('111',2,'2018-05-23','2018-05-23','针织衫','clothing','goods','product/category?classifyChecked=clothing&typesChecked=111','#','#',1,'#'),('112',2,'2018-05-23','2018-05-23','夹克','clothing','goods','product/category?classifyChecked=clothing&typesChecked=112','#','#',2,'#'),('113',2,'2018-05-23','2018-05-23','羊毛衫','clothing','goods','product/category?classifyChecked=clothing&typesChecked=113','#','#',3,'#'),('114',2,'2018-05-23','2018-05-23','毛呢大衣','clothing','goods','product/category?classifyChecked=clothing&typesChecked=114','#','#',4,'#'),('117',2,'2018-05-23','2018-05-23','连衣裙','clothing','goods','product/category?classifyChecked=clothing&typesChecked=117','#','#',5,'#'),('119',2,'2018-05-23','2018-05-23','羽绒服','clothing','goods','product/category?classifyChecked=clothing&typesChecked=119','#','#',6,'#'),('120',2,'2018-05-23','2018-05-23','牛仔裤','clothing','goods','product/category?classifyChecked=clothing&typesChecked=120','#','#',7,'#'),('121',2,'2018-05-23','2018-05-23','毛衣','clothing','goods','product/category?classifyChecked=clothing&typesChecked=121','#','#',8,'#'),('122',2,'2018-05-23','2018-05-23','棉服','clothing','goods','product/category?classifyChecked=clothing&typesChecked=122','#','#',9,'#'),('123',2,'2018-05-23','2018-05-23','卫衣','clothing','goods','product/category?classifyChecked=clothing&typesChecked=123','#','#',10,'#'),('124',2,'2018-05-23','2018-05-23','运动鞋服','sports','types','product/category?classifyChecked=sports&typesChecked=124','#','#',1,'#'),('125',2,'2018-05-23','2018-05-23','健身训练','sports','types','product/category?classifyChecked=sports&typesChecked=125','#','#',2,'#'),('126',2,'2018-05-23','2018-05-23','休闲户外','sports','types','product/category?classifyChecked=sports&typesChecked=126','#','#',3,'#'),('127',2,'2018-05-23','2018-05-23','智能运动','sports','types','product/category?classifyChecked=sports&typesChecked=127','#','#',4,'#'),('129',2,'2018-05-23','2018-05-23','生活电器','electric_appliance','types','product/category?classifyChecked=electric_appliance&typesChecked=129','banner-product2.jpg','#',1,'#'),('130',2,'2018-05-23','2018-05-23','厨房电器','electric_appliance','types','product/category?classifyChecked=electric_appliance&typesChecked=130','banner-product2.jpg','#',2,'#'),('131',2,'2018-05-23','2018-05-23','个护健康','electric_appliance','types','product/category?classifyChecked=electric_appliance&typesChecked=131','banner-product2.jpg','#',3,'#'),('132',2,'2018-05-23','2018-05-23','五金家装','electric_appliance','types','product/category?classifyChecked=electric_appliance&typesChecked=132','banner-product2.jpg','#',4,'#'),('133',2,'2018-05-23','2018-05-23','居室场景','electric_appliance','types','product/category?classifyChecked=electric_appliance&typesChecked=133','banner-product2.jpg','#',5,'#'),('134',2,'2018-05-23','2018-05-23','手机','camera','types','product/category?classifyChecked=camera&typesChecked=134','#','#',1,'#'),('135',2,'2018-05-23','2018-05-23','平板电脑','camera','types','product/category?classifyChecked=camera&typesChecked=135','#','#',2,'#'),('136',2,'2018-05-23','2018-05-23','笔记本电脑','camera','types','product/category?classifyChecked=camera&typesChecked=136','#','#',3,'#'),('138',2,'2018-05-23','2018-05-23','卧室家具','furniture','types','product/category?classifyChecked=furniture&typesChecked=138','banner-product3.jpg','#',1,'#'),('139',2,'2018-05-23','2018-05-23','客厅家具','furniture','types','product/category?classifyChecked=furniture&typesChecked=139','banner-product3.jpg','#',2,'#'),('140',2,'2018-05-23','2018-05-23','餐厅家具','furniture','types','product/category?classifyChecked=furniture&typesChecked=140','banner-product3.jpg','#',3,'#'),('141',2,'2018-05-23','2018-05-23','书房家具','furniture','types','product/category?classifyChecked=furniture&typesChecked=141','banner-product3.jpg','#',4,'#'),('142',2,'2018-05-23','2018-05-23','珠宝','jewelry','types','product/category?classifyChecked=jewelry&typesChecked=142','#','#',1,'#'),('143',2,'2018-05-23','2018-05-23','饰品','jewelry','types','product/category?classifyChecked=jewelry&typesChecked=143','#','#',2,'#'),('144',2,'2018-05-23','2018-05-23','推荐品牌','jewelry','types','product/category?classifyChecked=jewelry&typesChecked=144','#','#',3,'#'),('145',2,'2018-05-23','2018-05-23','导购热词','jewelry','types','product/category?classifyChecked=jewelry&typesChecked=145','#','#',4,'#'),('146',2,'2018-05-23','2018-05-23','网球','sports','goods','product/category?classifyChecked=sports&typesChecked=146','#','#',1,'#'),('147',2,'2018-05-23','2018-05-23','乒乓球','sports','goods','product/category?classifyChecked=sports&typesChecked=147','#','#',2,'#'),('148',2,'2018-05-23','2018-05-23','羽毛球','sports','goods','product/category?classifyChecked=sports&typesChecked=148','#','#',3,'#'),('149',2,'2018-05-23','2018-05-23','篮球','sports','goods','product/category?classifyChecked=sports&typesChecked=149','#','#',4,'#'),('150',2,'2018-05-23','2018-05-23','足球','sports','goods','product/category?classifyChecked=sports&typesChecked=150','#','#',5,'#'),('151',2,'2018-05-23','2018-05-23','台球','sports','goods','product/category?classifyChecked=sports&typesChecked=151','#','#',6,'#'),('152',2,'2018-05-23','2018-05-23','跑步鞋','sports','goods','product/category?classifyChecked=sports&typesChecked=152','#','#',7,'#'),('153',2,'2018-05-23','2018-05-23','休闲鞋','sports','goods','product/category?classifyChecked=sports&typesChecked=153','#','#',8,'#'),('154',2,'2018-05-23','2018-05-23','篮球鞋','sports','goods','product/category?classifyChecked=sports&typesChecked=154','#','#',9,'#'),('155',2,'2018-05-23','2018-05-23','运动包','sports','goods','product/category?classifyChecked=sports&typesChecked=155','#','#',10,'#'),('156',2,'2018-05-23','2018-05-23','足球鞋','sports','goods','product/category?classifyChecked=sports&typesChecked=156','#','#',11,'#'),('157',2,'2018-05-23','2018-05-23','帆布鞋','sports','goods','product/category?classifyChecked=sports&typesChecked=157','#','#',12,'#'),('163',2,'2018-05-23','2018-05-23','T恤','sports','goods','product/category?classifyChecked=sports&typesChecked=163','#','#',13,'#'),('164',2,'2018-05-23','2018-05-23','运动套装','sports','goods','product/category?classifyChecked=sports&typesChecked=164','#','#',14,'#'),('165',2,'2018-05-23','2018-05-23','运动裤','sports','goods','product/category?classifyChecked=sports&typesChecked=165','#','#',15,'#'),('166',2,'2018-05-23','2018-05-23','运动配饰','sports','goods','product/category?classifyChecked=sports&typesChecked=166','#','#',16,'#'),('167',2,'2018-05-23','2018-05-23','运动背心','sports','goods','product/category?classifyChecked=sports&typesChecked=167','#','#',17,'#'),('168',2,'2018-05-23','2018-05-23','训练服','sports','goods','product/category?classifyChecked=sports&typesChecked=168','#','#',18,'#'),('169',2,'2018-05-23','2018-05-23','电压力锅','electric_appliance','goods','product/category?classifyChecked=electric_appliance&typesChecked=169','#','#',1,'#'),('170',2,'2018-05-23','2018-05-23','电饭煲','electric_appliance','goods','product/category?classifyChecked=electric_appliance&typesChecked=170','#','#',2,'#'),('171',2,'2018-05-23','2018-05-23','豆浆机','electric_appliance','goods','product/category?classifyChecked=electric_appliance&typesChecked=171','#','#',3,'#'),('172',2,'2018-05-23','2018-05-23','微波炉','electric_appliance','goods','product/category?classifyChecked=electric_appliance&typesChecked=172','#','#',4,'#'),('173',2,'2018-05-23','2018-05-23','电磁炉','electric_appliance','goods','product/category?classifyChecked=electric_appliance&typesChecked=173','#','#',5,'#'),('174',2,'2018-05-23','2018-05-23','电风扇','electric_appliance','goods','product/category?classifyChecked=electric_appliance&typesChecked=174','#','#',6,'#'),('175',2,'2018-05-23','2018-05-23','净化器','electric_appliance','goods','product/category?classifyChecked=electric_appliance&typesChecked=175','#','#',7,'#'),('176',2,'2018-05-23','2018-05-23','冰箱','electric_appliance','goods','product/category?classifyChecked=electric_appliance&typesChecked=176','#','#',8,'#'),('177',2,'2018-05-23','2018-05-23','洗衣机','electric_appliance','goods','product/category?classifyChecked=electric_appliance&typesChecked=177','#','#',9,'#'),('178',2,'2018-05-23','2018-05-23','热水器','electric_appliance','goods','product/category?classifyChecked=electric_appliance&typesChecked=178','#','#',10,'#'),('179',2,'2018-05-23','2018-05-23','空调','electric_appliance','goods','product/category?classifyChecked=electric_appliance&typesChecked=179','#','#',11,'#'),('180',2,'2018-05-23','2018-05-23','存储卡','camera','goods','product/category?classifyChecked=camera&typesChecked=180','#','#',1,'#'),('181',2,'2018-05-23','2018-05-23','闪光灯/手柄','camera','goods','product/category?classifyChecked=camera&typesChecked=181','#','#',2,'#'),('182',2,'2018-05-23','2018-05-23','相机包','camera','goods','product/category?classifyChecked=camera&typesChecked=182','#','#',3,'#'),('183',2,'2018-05-23','2018-05-23','三脚架/云台','camera','goods','product/category?classifyChecked=camera&typesChecked=183','#','#',4,'#'),('184',2,'2018-05-23','2018-05-23','相机清洁/贴膜','camera','goods','product/category?classifyChecked=camera&typesChecked=184','#','#',5,'#'),('185',2,'2018-05-23','2018-05-23','机身附件','camera','goods','product/category?classifyChecked=camera&typesChecked=185','#','#',6,'#'),('186',2,'2018-05-23','2018-05-23','镜头附件','camera','goods','product/category?classifyChecked=camera&typesChecked=186','#','#',7,'#'),('187',2,'2018-05-23','2018-05-23','电池/充电器','camera','goods','product/category?classifyChecked=camera&typesChecked=187','#','#',8,'#'),('188',2,'2018-05-23','2018-05-23','移动电源','camera','goods','product/category?classifyChecked=camera&typesChecked=188','#','#',9,'#'),('189',2,'2018-05-23','2018-05-23','滤镜','camera','goods','product/category?classifyChecked=camera&typesChecked=189','#','#',10,'#'),('190',2,'2018-05-23','2018-05-23','读卡器','camera','goods','product/category?classifyChecked=camera&typesChecked=190','#','#',11,'#'),('191',2,'2018-05-23','2018-05-23','床','furniture','goods','product/category?classifyChecked=furniture&typesChecked=191','#','#',1,'#'),('192',2,'2018-05-23','2018-05-23','床垫','furniture','goods','product/category?classifyChecked=furniture&typesChecked=192','#','#',2,'#'),('193',2,'2018-05-23','2018-05-23','衣柜','furniture','goods','product/category?classifyChecked=furniture&typesChecked=193','#','#',3,'#'),('194',2,'2018-05-23','2018-05-23','沙发','furniture','goods','product/category?classifyChecked=furniture&typesChecked=194','#','#',4,'#'),('195',2,'2018-05-23','2018-05-23','茶几','furniture','goods','product/category?classifyChecked=furniture&typesChecked=195','#','#',5,'#'),('196',2,'2018-05-23','2018-05-23','鞋柜','furniture','goods','product/category?classifyChecked=furniture&typesChecked=196','#','#',6,'#'),('197',2,'2018-05-23','2018-05-23','电视柜','furniture','goods','product/category?classifyChecked=furniture&typesChecked=197','#','#',7,'#'),('198',2,'2018-05-23','2018-05-23','餐边框','furniture','goods','product/category?classifyChecked=furniture&typesChecked=198','#','#',8,'#'),('199',2,'2018-05-23','2018-05-23','电脑桌','furniture','goods','product/category?classifyChecked=furniture&typesChecked=199','#','#',9,'#'),('200',2,'2018-05-23','2018-05-23','电脑椅','furniture','goods','product/category?classifyChecked=furniture&typesChecked=200','#','#',10,'#'),('201',2,'2018-05-23','2018-05-23','餐桌','furniture','goods','product/category?classifyChecked=furniture&typesChecked=201','#','#',11,'#'),('202',2,'2018-05-23','2018-05-23','黄金吊坠','jewelry','goods','product/category?classifyChecked=jewelry&typesChecked=202','#','#',1,'#'),('203',2,'2018-05-23','2018-05-23','黄金项链','jewelry','goods','product/category?classifyChecked=jewelry&typesChecked=203','#','#',2,'#'),('204',2,'2018-05-23','2018-05-23','珍珠吊坠','jewelry','goods','product/category?classifyChecked=jewelry&typesChecked=204','#','#',3,'#'),('205',2,'2018-05-23','2018-05-23','翡翠玉石','jewelry','goods','product/category?classifyChecked=jewelry&typesChecked=205','#','#',4,'#'),('206',2,'2018-05-23','2018-05-23','投资金','jewelry','goods','product/category?classifyChecked=jewelry&typesChecked=206','#','#',5,'#'),('207',2,'2018-05-23','2018-05-23','黄金戒指','jewelry','goods','product/category?classifyChecked=jewelry&typesChecked=207','#','#',6,'#'),('208',2,'2018-05-23','2018-05-23','钻石','jewelry','goods','product/category?classifyChecked=jewelry&typesChecked=208','#','#',7,'#'),('209',2,'2018-05-23','2018-05-23','彩宝','jewelry','goods','product/category?classifyChecked=jewelry&typesChecked=209','#','#',8,'#'),('210',2,'2018-05-23','2018-05-23','手镯','jewelry','goods','product/category?classifyChecked=jewelry&typesChecked=210','#','#',9,'#'),('211',2,'2018-05-23','2018-05-23','琥珀','jewelry','goods','product/category?classifyChecked=jewelry&typesChecked=211','#','#',10,'#'),('212',2,'2018-05-23','2018-05-23','铂金戒指','jewelry','goods','product/category?classifyChecked=jewelry&typesChecked=212','#','#',11,'#'),('camera',2,'2018-05-23','2018-05-23','数码/相机','root','root','product/category?classifyChecked=root','#','#',2,'#'),('clothing',2,'2018-05-23','2018-05-23','时尚衣物','root','root','product/category?classifyChecked=root','#','#',1,'#'),('electric_appliance',2,'2018-05-23','2018-05-23','家用电器','root','root','product/category?classifyChecked=root','#','#',3,'#'),('furniture',2,'2018-05-23','2018-05-23','家装家居','root','root','product/category?classifyChecked=root','#','#',4,'#'),('jewelry',2,'2018-05-23','2018-05-23','珠宝/首饰','root','root','product/category?classifyChecked=root','#','#',5,'#'),('root',2,'2018-05-23','2018-05-23','root',NULL,NULL,NULL,'#','#',0,'#'),('sports',2,'2018-05-23','2018-05-23','运动器材','root','root','product/category?classifyChecked=root','#','#',6,'#');

UNLOCK TABLES;

/*Table structure for table `eshop_type_size` */

CREATE TABLE `eshop_type_size` (
  `type_id` varchar(200) DEFAULT NULL,
  `size_id` varchar(200) DEFAULT NULL,
  `id` int(11) DEFAULT NULL,
  KEY `type_id` (`type_id`),
  KEY `size_id` (`size_id`),
  CONSTRAINT `eshop_type_size_ibfk_1` FOREIGN KEY (`type_id`) REFERENCES `eshop_type` (`id`)
) ENGINE=InnoDB DEFAULT CHARSET=utf8;

/*Data for the table `eshop_type_size` */

LOCK TABLES `eshop_type_size` WRITE;

insert  into `eshop_type_size`(`type_id`,`size_id`,`id`) values ('clothing','1.1',1),('clothing','1.2',2),('clothing','1.3',3),('clothing','1.31',4),('clothing','1.4',5),('clothing','1.5',6),('clothing','1.6',7),('clothing','1.7',8),('clothing','1.8',9),('clothing','1.9',10),('clothing','2.1',21),('clothing','2.10',22),('clothing','2.11',23),('clothing','2.2',24),('clothing','2.3',25),('clothing','2.4',26),('clothing','2.5',27),('clothing','2.6',28),('clothing','2.7',29),('clothing','2.8',30),('clothing','2.9',31),('camera','4.1',32),('camera','4.2',33),('camera','4.3',34),('camera','4.4',35),('camera','4.5',36),('camera','4.6',37),('camera','4.7',38),('camera','4.8',39);

UNLOCK TABLES;

/*Table structure for table `eshop_user` */

CREATE TABLE `eshop_user` (
  `id` varchar(200) NOT NULL COMMENT 'ID',
  `is_del` int(11) DEFAULT NULL COMMENT '是否已经删除:1-已删,2.未删',
  `create_time` date DEFAULT NULL COMMENT '创建时间',
  `update_time` date DEFAULT NULL COMMENT '更新时间',
  `user_email` varchar(50) DEFAULT NULL COMMENT '邮箱',
  `user_login_name` varchar(20) DEFAULT NULL COMMENT '账户',
  `user_nicak_name` varchar(20) DEFAULT NULL COMMENT '昵称',
  `user_password` varchar(200) NOT NULL COMMENT '密码',
  `user_real_name` varchar(20) DEFAULT NULL COMMENT '真实姓名',
  `user_gender` int(11) DEFAULT NULL COMMENT '性别:1-女,2-男',
  `user_description` varchar(200) DEFAULT NULL COMMENT '描述',
  `user_image` varchar(200) DEFAULT NULL COMMENT '用户头像',
  PRIMARY KEY (`id`)
) ENGINE=InnoDB DEFAULT CHARSET=utf8 COMMENT='购买者';

/*Data for the table `eshop_user` */

LOCK TABLES `eshop_user` WRITE;

insert  into `eshop_user`(`id`,`is_del`,`create_time`,`update_time`,`user_email`,`user_login_name`,`user_nicak_name`,`user_password`,`user_real_name`,`user_gender`,`user_description`,`user_image`) values ('1',2,'2018-05-23','2018-05-23','admin@163.com','admin','Admin','a3caed36f0fe5a01e5f144db8927235e','Admin',2,'账号：<span style=\"color: red\">admin</span><br/>密码：<span style=\"color: red\">admin</span><br/><span>密码使用MD5加密了</span>','images/admin.jpg'),('2',2,'2018-05-23','2018-05-23','arvin@163.com','arvin','Arvin','a3caed36f0fe5a01e5f144db8927235e','Arvin',1,'账号：<span style=\"color: red\">arvin</span><br/>密码：<span style=\"color: red\">admin</span><br/><span>密码使用MD5加密了</span>','images/admin.jpg'),('3',2,'2018-05-23','2018-05-23','jack@163.com','jack','Jack','a3caed36f0fe5a01e5f144db8927235e','Jack',2,'账号：<span style=\"color: red\">jack</span><br/>密码：<span style=\"color: red\">admin</span><br/><span>密码使用MD5加密了</span>','images/admin.jpg'),('a5dc7871e5cd4c5d811b25ba9c76e87c',2,'2018-05-24','2018-05-24','896778954@qq.com','896778954@qq.com',NULL,'a3caed36f0fe5a01e5f144db8927235e',NULL,NULL,'已激活',NULL);

UNLOCK TABLES;

/*Table structure for table `eshop_user_role` */

CREATE TABLE `eshop_user_role` (
  `user_id` varchar(200) NOT NULL,
  `role_id` varchar(200) NOT NULL,
  PRIMARY KEY (`user_id`,`role_id`),
  KEY `fk_ru_role` (`role_id`),
  CONSTRAINT `fk_ru_role` FOREIGN KEY (`role_id`) REFERENCES `eshop_role` (`id`),
  CONSTRAINT `fk_ru_user` FOREIGN KEY (`user_id`) REFERENCES `eshop_user` (`id`)
) ENGINE=InnoDB DEFAULT CHARSET=utf8 COMMENT='用户角色中间表';

/*Data for the table `eshop_user_role` */

LOCK TABLES `eshop_user_role` WRITE;

insert  into `eshop_user_role`(`user_id`,`role_id`) values ('1','1'),('2','2'),('3','3'),('1','4'),('2','4'),('3','4'),('a5dc7871e5cd4c5d811b25ba9c76e87c','5');

UNLOCK TABLES;

/*!40101 SET SQL_MODE=@OLD_SQL_MODE */;
/*!40014 SET UNIQUE_CHECKS=@OLD_UNIQUE_CHECKS */;
/*!40111 SET SQL_NOTES=@OLD_SQL_NOTES */;
